step,intersection,reason,prediction,had_priority
23,B1,regular_bus,0.1599964043149808,True
24,B1,regular_bus,0.1599964043149808,True
25,B1,regular_bus,0.1599964043149808,True
26,B1,regular_bus,0.1599964043149808,True
27,B1,regular_bus,0.1599964043149808,True
28,B1,regular_bus,0.1599964043149808,True
29,B1,regular_bus,0.1599964043149808,True
30,B1,regular_bus,0.1599964043149808,True
31,B1,regular_bus,0.16027676709628355,True
32,B1,regular_bus,0.15810936677411536,True
33,B1,regular_bus,0.1581093667741154,True
34,B1,regular_bus,0.1581093667741154,True
35,B1,regular_bus,0.1581093667741154,True
36,B1,regular_bus,0.1581093667741154,True
37,B1,regular_bus,0.1581093667741154,True
38,B1,regular_bus,0.1581093667741154,True
39,B1,regular_bus,0.1581093667741154,True
40,B1,regular_bus,0.1581093667741154,True
41,B1,regular_bus,0.1581093667741154,True
42,B1,regular_bus,0.1581093667741154,True
43,B1,regular_bus,0.1581093667741154,True
44,B1,regular_bus,0.1581093667741154,True
45,B1,regular_bus,0.1581093667741154,True
166,B1,ai_severe_prediction,0.7222586481677024,False
167,B1,ai_severe_prediction,0.7220153658764019,False
168,B1,ai_severe_prediction,0.722015365876402,False
169,B1,ai_severe_prediction,0.7220153658764019,False
170,B1,ai_severe_prediction,0.722015365876402,False
171,B1,ai_severe_prediction,0.7320119978083585,False
172,B1,ai_severe_prediction,0.7320119978083584,False
173,B1,ai_severe_prediction,0.7320119978083585,False
174,B1,ai_severe_prediction,0.7320119978083584,False
175,B1,ai_severe_prediction,0.7320119978083584,False
176,B1,ai_severe_prediction,0.7320119978083584,False
177,B1,ai_severe_prediction,0.7320119978083585,False
178,B1,ai_severe_prediction,0.7320119978083585,False
179,B1,ai_severe_prediction,0.7320119978083584,False
180,B1,ai_severe_prediction,0.7344061681631301,False
181,B1,ai_severe_prediction,0.7339607360590782,False
182,B1,ai_severe_prediction,0.733960736059078,False
183,B1,ai_severe_prediction,0.733960736059078,False
184,B1,ai_severe_prediction,0.733960736059078,False
185,B1,ai_severe_prediction,0.733960736059078,False
186,B1,ai_severe_prediction,0.733960736059078,False
187,B1,ai_severe_prediction,0.733960736059078,False
188,B1,ai_severe_prediction,0.7339607360590782,False
189,B1,ai_severe_prediction,0.7339607360590782,False
190,B1,ai_severe_prediction,0.733960736059078,False
191,B1,ai_severe_prediction,0.733960736059078,False
192,B1,ai_severe_prediction,0.733960736059078,False
193,B1,ai_severe_prediction,0.733960736059078,False
194,B1,ai_severe_prediction,0.733960736059078,False
195,B1,ai_severe_prediction,0.733960736059078,False
196,B1,ai_severe_prediction,0.733960736059078,False
197,B1,ai_severe_prediction,0.733960736059078,False
198,B1,ai_severe_prediction,0.733960736059078,False
199,B1,ai_severe_prediction,0.733960736059078,False
200,B1,ai_severe_prediction,0.733960736059078,False
201,B1,ai_severe_prediction,0.733960736059078,False
202,B1,ai_severe_prediction,0.7329389756162205,False
203,B1,ai_severe_prediction,0.7329389756162205,True
204,B1,ai_severe_prediction,0.7329389756162205,True
205,B1,ai_severe_prediction,0.7329389756162205,True
206,B1,ai_severe_prediction,0.7329389756162205,True
207,B1,ai_severe_prediction,0.7329389756162205,True
208,B1,ai_severe_prediction,0.7329389756162205,True
209,B1,ai_severe_prediction,0.7329389756162205,True
210,B1,ai_severe_prediction,0.7329389756162205,True
211,B1,ai_severe_prediction,0.7329389756162205,True
212,B1,ai_severe_prediction,0.7329389756162206,True
213,B1,ai_severe_prediction,0.7329389756162205,True
214,B1,ai_severe_prediction,0.7329389756162205,True
215,B1,ai_severe_prediction,0.7329389756162205,True
216,B1,ai_severe_prediction,0.7341088107100329,True
217,B1,ai_severe_prediction,0.7341088107100329,True
218,B1,ai_severe_prediction,0.7341088107100329,True
219,B1,ai_severe_prediction,0.7341088107100329,True
220,B1,ai_severe_prediction,0.7341088107100328,True
221,B1,ai_severe_prediction,0.7342126970989321,True
222,B1,ai_severe_prediction,0.7342126970989321,True
223,B1,ai_severe_prediction,0.7342126970989321,True
224,B1,ai_severe_prediction,0.7342126970989321,True
225,B1,ai_severe_prediction,0.736261290922657,True
226,B1,ai_severe_prediction,0.7342208664407802,True
227,B1,ai_severe_prediction,0.7342208664407802,True
228,B1,ai_severe_prediction,0.7342208664407802,True
229,B1,ai_severe_prediction,0.7342208664407802,True
230,B1,ai_severe_prediction,0.7342208664407802,True
231,B1,ai_severe_prediction,0.7333268820218539,True
232,B1,ai_severe_prediction,0.7333268820218539,True
233,B1,ai_severe_prediction,0.7333268820218539,True
234,B1,ai_severe_prediction,0.7333268820218539,True
235,B1,ai_severe_prediction,0.7418387767161291,True
236,B1,ai_severe_prediction,0.7418387767161289,True
237,B1,ai_severe_prediction,0.7418387767161289,True
238,B1,ai_severe_prediction,0.7418387767161289,True
239,B1,ai_severe_prediction,0.7418387767161289,True
240,B1,ai_severe_prediction,0.7418387767161289,True
241,B1,ai_severe_prediction,0.7418387767161291,True
242,B1,ai_severe_prediction,0.7418387767161289,True
243,B1,ai_severe_prediction,0.7418387767161289,True
244,B1,ai_severe_prediction,0.7418387767161289,True
245,B1,ai_severe_prediction,0.7418387767161287,True
246,B1,ai_severe_prediction,0.7418635968055726,True
247,B1,ai_severe_prediction,0.7418635968055728,True
248,B1,ai_severe_prediction,0.7418635968055726,True
249,B1,ai_severe_prediction,0.7418635968055726,True
250,B1,ai_severe_prediction,0.7418635968055726,True
251,B1,ai_severe_prediction,0.7418635968055726,True
252,B1,ai_severe_prediction,0.7418635968055726,True
253,B1,ai_severe_prediction,0.7362959517602063,True
254,B1,ai_severe_prediction,0.7362959517602063,True
255,B1,ai_severe_prediction,0.7333118802639863,True
256,B1,ai_severe_prediction,0.7341106915558037,True
257,B1,ai_severe_prediction,0.7341106915558037,True
258,B1,ai_severe_prediction,0.7341106915558036,True
259,B1,ai_severe_prediction,0.7341106915558037,True
260,B1,ai_severe_prediction,0.7341106915558037,True
261,B1,ai_severe_prediction,0.7341106915558037,True
262,B1,ai_severe_prediction,0.7341106915558037,True
263,B1,ai_severe_prediction,0.7341106915558037,True
264,B1,ai_severe_prediction,0.7341106915558037,True
265,B1,ai_severe_prediction,0.7341106915558037,True
266,B1,ai_severe_prediction,0.7341106915558037,True
267,B1,ai_severe_prediction,0.7333102076714855,True
268,B1,ai_severe_prediction,0.7324051169183124,True
269,B1,ai_severe_prediction,0.7324051169183124,True
270,B1,ai_severe_prediction,0.7324051169183124,True
271,B1,ai_severe_prediction,0.7324051169183124,True
272,B1,ai_severe_prediction,0.7324051169183126,True
273,B1,ai_severe_prediction,0.7324051169183126,True
274,B1,ai_severe_prediction,0.7324051169183124,True
275,B1,ai_severe_prediction,0.7324051169183123,True
276,B1,ai_severe_prediction,0.7324051169183124,True
277,B1,ai_severe_prediction,0.7324051169183124,True
278,B1,ai_severe_prediction,0.7324051169183124,True
279,B1,ai_severe_prediction,0.7251876946786233,True
280,B1,ai_severe_prediction,0.7241068584298133,True
281,B1,ai_severe_prediction,0.7241068584298133,True
282,B1,ai_severe_prediction,0.7241068584298133,True
283,B1,ai_severe_prediction,0.7241068584298133,True
284,B1,ai_severe_prediction,0.7241068584298133,True
285,B1,ai_severe_prediction,0.7241068584298133,True
286,B1,ai_severe_prediction,0.7241068584298133,True
287,B1,ai_severe_prediction,0.7241068584298133,True
288,B1,ai_severe_prediction,0.724566310747383,True
289,B1,ai_severe_prediction,0.7239179452016793,True
290,B1,ai_severe_prediction,0.7239179452016793,True
291,B1,ai_severe_prediction,0.7239179452016793,True
292,B1,ai_severe_prediction,0.7282116839330642,True
293,B1,ai_severe_prediction,0.7295181345382677,True
294,B1,ai_severe_prediction,0.7295181345382677,True
295,B1,ai_severe_prediction,0.7295181345382677,True
296,B1,ai_severe_prediction,0.7295181345382677,True
297,B1,ai_severe_prediction,0.7295181345382677,True
298,B1,ai_severe_prediction,0.7295181345382677,True
299,B1,ai_severe_prediction,0.7295181345382677,True
300,B1,ai_severe_prediction,0.7295181345382677,True
301,B1,ai_severe_prediction,0.7295181345382677,True
302,B1,ai_severe_prediction,0.7295181345382677,True
303,B1,ai_severe_prediction,0.7295181345382677,True
304,B1,ai_severe_prediction,0.7295181345382677,True
305,B1,ai_severe_prediction,0.7295181345382677,True
306,B1,ai_severe_prediction,0.7295181345382677,True
307,B1,ai_severe_prediction,0.7295181345382677,True
308,B1,ai_severe_prediction,0.7289755420816069,True
309,B1,ai_severe_prediction,0.7301953830459819,True
310,B1,ai_severe_prediction,0.7301953830459819,True
311,B1,ai_severe_prediction,0.7304383590777769,True
312,B1,ai_severe_prediction,0.7309357913715878,True
313,B1,ai_severe_prediction,0.7309357913715878,True
314,B1,ai_severe_prediction,0.7309357913715878,True
315,B1,ai_severe_prediction,0.7309357913715878,True
316,B1,ai_severe_prediction,0.7309357913715878,True
317,B1,ai_severe_prediction,0.7309357913715878,True
318,B1,ai_severe_prediction,0.7307063974051234,True
319,B1,ai_severe_prediction,0.731160592233981,True
320,B1,ai_severe_prediction,0.7205240230075199,True
321,B1,ai_severe_prediction,0.7273579704581202,True
322,B1,ai_severe_prediction,0.7297177301439519,True
323,B1,ai_severe_prediction,0.7283198162838942,True
324,B1,ai_severe_prediction,0.7321363998136557,True
325,B1,ai_severe_prediction,0.7329090177531755,True
326,B1,ai_severe_prediction,0.7334748751386009,True
327,B1,ai_severe_prediction,0.7250581283232631,True
328,B1,ai_severe_prediction,0.7234323430926078,True
329,B1,ai_severe_prediction,0.7223723971850127,True
330,B1,ai_severe_prediction,0.7223723971850127,True
331,B1,ai_severe_prediction,0.7223723971850127,True
332,B1,ai_severe_prediction,0.7223723971850127,True
333,B1,ai_severe_prediction,0.7223723971850127,True
334,B1,ai_severe_prediction,0.7223723971850127,True
335,B1,ai_severe_prediction,0.7223723971850127,True
336,B1,ai_severe_prediction,0.7283870734076686,True
337,B1,ai_severe_prediction,0.7276612172629142,True
338,B1,ai_severe_prediction,0.727661217262914,True
339,B1,ai_severe_prediction,0.7276612172629142,True
340,B1,ai_severe_prediction,0.7276612172629142,True
341,B1,ai_severe_prediction,0.7276612172629142,True
342,B1,ai_severe_prediction,0.7276612172629142,True
343,B1,ai_severe_prediction,0.7276612172629142,True
344,B1,ai_severe_prediction,0.7276612172629142,True
345,B1,ai_severe_prediction,0.7276612172629142,True
346,B1,ai_severe_prediction,0.7276612172629142,True
347,B1,ai_severe_prediction,0.7395503006094966,True
348,B1,ai_severe_prediction,0.7445859931956543,True
349,B1,ai_severe_prediction,0.7445859931956543,True
350,B1,ai_severe_prediction,0.7445859931956543,True
351,B1,ai_severe_prediction,0.7445859931956543,True
352,B1,ai_severe_prediction,0.7445859931956543,True
353,B1,ai_severe_prediction,0.7445859931956543,True
354,B1,ai_severe_prediction,0.7445859931956543,True
355,B1,ai_severe_prediction,0.7445859931956542,True
356,B1,ai_severe_prediction,0.7445859931956542,True
357,B1,ai_severe_prediction,0.7445859931956543,True
358,B1,ai_severe_prediction,0.7445859931956543,True
359,B1,ai_severe_prediction,0.7463222676773448,True
360,B1,ai_severe_prediction,0.7447183682236094,True
361,B1,ai_severe_prediction,0.7442879107883278,True
362,B1,ai_severe_prediction,0.7547574093651933,True
363,B1,ai_severe_prediction,0.7547574093651933,True
364,B1,ai_severe_prediction,0.7547574093651933,True
365,B1,ai_severe_prediction,0.7547574093651933,True
366,B1,ai_severe_prediction,0.7300477604159346,True
367,B1,ai_severe_prediction,0.7299208477908072,True
368,B1,ai_severe_prediction,0.7299208477908072,True
369,B1,ai_severe_prediction,0.72864972624643,True
370,B1,ai_severe_prediction,0.7285250270011758,True
371,B1,ai_severe_prediction,0.7283646790561893,True
372,B1,ai_severe_prediction,0.7370066390129831,True
373,B1,ai_severe_prediction,0.7301953830459819,True
374,B1,ai_severe_prediction,0.7340026905776956,True
375,B1,ai_severe_prediction,0.7341106915558037,True
376,B1,ai_severe_prediction,0.7418387767161291,True
377,B1,ai_severe_prediction,0.7418387767161289,True
378,B1,ai_severe_prediction,0.7352846647879138,True
379,B1,ai_severe_prediction,0.7342208664407802,True
380,B1,ai_severe_prediction,0.7320683862281561,True
381,B1,ai_severe_prediction,0.7329389756162205,True
382,B1,ai_severe_prediction,0.733960736059078,False
383,B1,ai_severe_prediction,0.733960736059078,True
384,B1,ai_severe_prediction,0.733960736059078,True
385,B1,ai_severe_prediction,0.733960736059078,True
386,B1,ai_severe_prediction,0.7253198857824386,True
392,C1,ai_severe_prediction,0.726294640089926,False
393,C1,ai_severe_prediction,0.7260513577986258,False
394,C1,ai_severe_prediction,0.733960736059078,False
395,C1,ai_severe_prediction,0.733960736059078,False
396,C1,ai_severe_prediction,0.7339607360590779,False
397,C1,ai_severe_prediction,0.733960736059078,False
398,C1,ai_severe_prediction,0.7329389756162205,False
399,C1,ai_severe_prediction,0.7341088107100329,False
400,C1,ai_severe_prediction,0.7342126970989321,False
401,C1,ai_severe_prediction,0.736261290922657,True
402,C1,ai_severe_prediction,0.7342208664407802,True
403,C1,ai_severe_prediction,0.7342208664407802,True
404,C1,ai_severe_prediction,0.7333268820218539,True
405,C1,ai_severe_prediction,0.7333268820218539,True
406,C1,ai_severe_prediction,0.7312782881981289,True
407,C1,ai_severe_prediction,0.7342126970989321,True
408,C1,ai_severe_prediction,0.734212697098932,True
409,C1,ai_severe_prediction,0.733960736059078,True
410,C1,ai_severe_prediction,0.733960736059078,True
411,C1,ai_severe_prediction,0.7339607360590782,True
412,C1,ai_severe_prediction,0.7344061681631302,True
413,C1,ai_severe_prediction,0.733960736059078,True
513,B1,ai_severe_prediction,0.7269161810524264,False
514,B1,ai_severe_prediction,0.7260513577986258,False
515,B1,ai_severe_prediction,0.7344061681631302,False
516,B1,ai_severe_prediction,0.7344061681631302,False
517,B1,ai_severe_prediction,0.7344061681631302,False
518,B1,ai_severe_prediction,0.7344061681631302,False
519,B1,ai_severe_prediction,0.7344061681631302,False
520,B1,ai_severe_prediction,0.733960736059078,False
521,B1,ai_severe_prediction,0.733960736059078,False
522,B1,ai_severe_prediction,0.733960736059078,False
523,B1,ai_severe_prediction,0.733960736059078,False
524,B1,ai_severe_prediction,0.733960736059078,False
525,B1,ai_severe_prediction,0.733960736059078,False
526,B1,ai_severe_prediction,0.733960736059078,False
527,B1,ai_severe_prediction,0.733960736059078,False
528,B1,ai_severe_prediction,0.733960736059078,False
529,B1,ai_severe_prediction,0.733960736059078,False
530,B1,ai_severe_prediction,0.733960736059078,False
531,B1,ai_severe_prediction,0.733960736059078,False
532,B1,ai_severe_prediction,0.733960736059078,False
533,B1,ai_severe_prediction,0.733960736059078,False
534,B1,ai_severe_prediction,0.7339607360590782,False
535,B1,ai_severe_prediction,0.7339607360590779,False
536,B1,ai_severe_prediction,0.733960736059078,False
537,B1,ai_severe_prediction,0.7339607360590782,False
538,B1,ai_severe_prediction,0.7339607360590782,False
539,B1,ai_severe_prediction,0.733960736059078,False
540,B1,ai_severe_prediction,0.733960736059078,False
541,B1,ai_severe_prediction,0.733960736059078,False
542,B1,ai_severe_prediction,0.733960736059078,False
543,B1,ai_severe_prediction,0.733960736059078,False
544,B1,ai_severe_prediction,0.733960736059078,False
545,B1,ai_severe_prediction,0.733960736059078,False
546,B1,ai_severe_prediction,0.733960736059078,False
547,B1,ai_severe_prediction,0.733960736059078,False
548,B1,ai_severe_prediction,0.733960736059078,False
549,B1,ai_severe_prediction,0.733960736059078,False
550,B1,ai_severe_prediction,0.733960736059078,False
551,B1,ai_severe_prediction,0.733960736059078,False
552,B1,ai_severe_prediction,0.733960736059078,False
553,B1,ai_severe_prediction,0.733960736059078,False
554,B1,ai_severe_prediction,0.733960736059078,False
555,B1,ai_severe_prediction,0.733960736059078,False
556,B1,ai_severe_prediction,0.733960736059078,False
557,B1,ai_severe_prediction,0.733960736059078,False
558,B1,ai_severe_prediction,0.7339607360590782,False
559,B1,ai_severe_prediction,0.733960736059078,False
560,B1,ai_severe_prediction,0.733960736059078,False
561,B1,ai_severe_prediction,0.7329389756162205,False
562,B1,ai_severe_prediction,0.7329389756162208,False
563,B1,ai_severe_prediction,0.7329389756162203,True
564,B1,ai_severe_prediction,0.7329389756162206,True
565,B1,ai_severe_prediction,0.7341088107100329,True
566,B1,ai_severe_prediction,0.7341088107100329,True
567,B1,ai_severe_prediction,0.7341088107100329,True
568,B1,ai_severe_prediction,0.7341088107100329,True
569,B1,ai_severe_prediction,0.7341088107100329,True
570,B1,ai_severe_prediction,0.7341088107100329,True
571,B1,ai_severe_prediction,0.7341088107100329,True
572,B1,ai_severe_prediction,0.7341088107100329,True
573,B1,ai_severe_prediction,0.7341088107100329,True
574,B1,ai_severe_prediction,0.7341088107100329,True
575,B1,ai_severe_prediction,0.7341088107100329,True
576,B1,ai_severe_prediction,0.7341088107100329,True
577,B1,ai_severe_prediction,0.7342126970989321,True
578,B1,ai_severe_prediction,0.7342126970989321,True
579,B1,ai_severe_prediction,0.736261290922657,True
580,B1,ai_severe_prediction,0.7342208664407802,True
581,B1,ai_severe_prediction,0.7342208664407802,True
582,B1,ai_severe_prediction,0.7342208664407802,True
583,B1,ai_severe_prediction,0.7342208664407802,True
584,B1,ai_severe_prediction,0.7342208664407801,True
585,B1,ai_severe_prediction,0.7333268820218539,True
586,B1,ai_severe_prediction,0.7333268820218539,True
587,B1,ai_severe_prediction,0.7333268820218539,True
588,B1,ai_severe_prediction,0.7333268820218539,True
589,B1,ai_severe_prediction,0.7333268820218539,True
590,B1,ai_severe_prediction,0.7333268820218539,True
591,B1,ai_severe_prediction,0.7333268820218539,True
592,B1,ai_severe_prediction,0.7333268820218539,True
593,B1,ai_severe_prediction,0.7333268820218539,True
594,B1,ai_severe_prediction,0.7366687798504715,True
595,B1,ai_severe_prediction,0.7366687798504715,True
596,B1,ai_severe_prediction,0.7412825146859413,True
597,B1,ai_severe_prediction,0.7412825146859412,True
598,B1,ai_severe_prediction,0.7412825146859412,True
599,B1,ai_severe_prediction,0.7412825146859412,True
600,B1,ai_severe_prediction,0.7412825146859414,True
601,B1,ai_severe_prediction,0.7412825146859412,True
602,B1,ai_severe_prediction,0.7412825146859414,True
603,B1,ai_severe_prediction,0.7412825146859412,True
604,B1,ai_severe_prediction,0.7412825146859412,True
605,B1,ai_severe_prediction,0.7412825146859413,True
606,B1,ai_severe_prediction,0.7412825146859412,True
607,B1,ai_severe_prediction,0.7412825146859413,True
608,B1,ai_severe_prediction,0.7412825146859412,True
609,B1,ai_severe_prediction,0.7412825146859412,True
610,B1,ai_severe_prediction,0.7412825146859412,True
611,B1,ai_severe_prediction,0.7412825146859412,True
612,B1,ai_severe_prediction,0.7412825146859412,True
613,B1,ai_severe_prediction,0.7412825146859412,True
614,B1,ai_severe_prediction,0.7412825146859412,True
615,B1,ai_severe_prediction,0.7412825146859413,True
616,B1,ai_severe_prediction,0.7352198882481301,True
617,B1,ai_severe_prediction,0.7352198882481299,True
618,B1,ai_severe_prediction,0.7352198882481299,True
619,B1,ai_severe_prediction,0.7352198882481301,True
620,B1,ai_severe_prediction,0.7352198882481299,True
621,B1,ai_severe_prediction,0.7352198882481301,True
622,B1,ai_severe_prediction,0.7352198882481301,True
623,B1,ai_severe_prediction,0.7352198882481299,True
624,B1,ai_severe_prediction,0.7352198882481298,True
625,B1,ai_severe_prediction,0.7352198882481301,True
626,B1,ai_severe_prediction,0.7352198882481301,True
627,B1,ai_severe_prediction,0.7352198882481301,True
628,B1,ai_severe_prediction,0.7352198882481301,True
629,B1,ai_severe_prediction,0.7360395293789496,True
630,B1,ai_severe_prediction,0.7368383406707669,True
631,B1,ai_severe_prediction,0.7368383406707669,True
632,B1,ai_severe_prediction,0.7368383406707669,True
633,B1,ai_severe_prediction,0.736838340670767,True
634,B1,ai_severe_prediction,0.7368383406707669,True
635,B1,ai_severe_prediction,0.7368383406707669,True
636,B1,ai_severe_prediction,0.7368383406707669,True
637,B1,ai_severe_prediction,0.7368383406707669,True
638,B1,ai_severe_prediction,0.7368383406707669,True
639,B1,ai_severe_prediction,0.7368383406707669,True
640,B1,ai_severe_prediction,0.7287028150217566,True
641,B1,ai_severe_prediction,0.72606852247407,True
642,B1,ai_severe_prediction,0.7274177169950008,True
643,B1,ai_severe_prediction,0.7332765818221552,True
644,B1,ai_severe_prediction,0.7216081165616576,True
645,B1,ai_severe_prediction,0.7281789534040293,True
646,B1,ai_severe_prediction,0.7303729381296076,True
647,B1,ai_severe_prediction,0.7321744464870847,True
648,B1,ai_severe_prediction,0.730119455904957,True
649,B1,ai_severe_prediction,0.7254499785700677,True
650,B1,ai_severe_prediction,0.7250580654096432,True
651,B1,ai_severe_prediction,0.7379415612549896,True
652,B1,ai_severe_prediction,0.7453619286791426,True
653,B1,ai_severe_prediction,0.7453619286791426,True
654,B1,ai_severe_prediction,0.7453619286791426,True
655,B1,ai_severe_prediction,0.7473956860698372,True
656,B1,ai_severe_prediction,0.7471686721144353,True
657,B1,ai_severe_prediction,0.7471686721144353,True
658,B1,ai_severe_prediction,0.7471686721144353,True
659,B1,ai_severe_prediction,0.7471686721144353,True
660,B1,ai_severe_prediction,0.7471686721144353,True
661,B1,ai_severe_prediction,0.7471686721144353,True
662,B1,ai_severe_prediction,0.7471686721144353,True
663,B1,ai_severe_prediction,0.7471686721144353,True
664,B1,ai_severe_prediction,0.7471686721144353,True
665,B1,ai_severe_prediction,0.7471686721144353,True
666,B1,ai_severe_prediction,0.7471686721144353,True
667,B1,ai_severe_prediction,0.7471686721144353,True
668,B1,ai_severe_prediction,0.7471686721144353,True
669,B1,ai_severe_prediction,0.7471686721144353,True
670,B1,ai_severe_prediction,0.7471686721144353,True
671,B1,ai_severe_prediction,0.7470327238979365,True
672,B1,ai_severe_prediction,0.7580893556587103,True
673,B1,ai_severe_prediction,0.7580893556587103,True
674,B1,ai_severe_prediction,0.7540333314712635,True
675,B1,ai_severe_prediction,0.741875560083002,True
676,B1,ai_severe_prediction,0.741875560083002,True
677,B1,ai_severe_prediction,0.7418755600830022,True
678,B1,ai_severe_prediction,0.741875560083002,True
679,B1,ai_severe_prediction,0.741875560083002,True
680,B1,ai_severe_prediction,0.741875560083002,True
681,B1,ai_severe_prediction,0.741875560083002,True
682,B1,ai_severe_prediction,0.741875560083002,True
683,B1,ai_severe_prediction,0.7460329735417198,True
684,B1,ai_severe_prediction,0.7540102204359341,True
685,B1,ai_severe_prediction,0.7540102204359341,True
686,B1,ai_severe_prediction,0.7577237819444449,True
687,B1,ai_severe_prediction,0.7505156491742001,True
688,B1,ai_severe_prediction,0.7543412625204536,True
689,B1,ai_severe_prediction,0.7543412625204536,True
690,B1,ai_severe_prediction,0.7543412625204537,True
691,B1,ai_severe_prediction,0.7565395982409178,True
692,B1,ai_severe_prediction,0.7647049555984187,True
693,B1,ai_severe_prediction,0.7647049555984191,True
694,B1,ai_severe_prediction,0.7647049555984187,True
695,B1,ai_severe_prediction,0.7563840265115404,True
696,B1,ai_severe_prediction,0.7571016856738965,True
697,B1,ai_severe_prediction,0.7634554051309069,True
698,B1,ai_severe_prediction,0.7587183966383197,True
699,B1,ai_severe_prediction,0.7551554229805801,True
700,B1,ai_severe_prediction,0.7511653083451165,True
701,B1,ai_severe_prediction,0.7511653083451164,True
702,B1,ai_severe_prediction,0.7511653083451165,True
703,B1,ai_severe_prediction,0.7511653083451165,True
704,B1,ai_severe_prediction,0.7384364986459208,True
705,B1,ai_severe_prediction,0.7377499440458658,True
706,B1,ai_severe_prediction,0.7377499440458658,True
707,B1,ai_severe_prediction,0.7377499440458658,True
708,B1,ai_severe_prediction,0.7377499440458658,True
709,B1,ai_severe_prediction,0.7377499440458658,True
710,B1,ai_severe_prediction,0.7377499440458659,True
711,B1,ai_severe_prediction,0.7377499440458659,True
712,B1,ai_severe_prediction,0.7407449278917269,True
713,B1,ai_severe_prediction,0.745525729404485,True
714,B1,ai_severe_prediction,0.745525729404485,True
715,B1,ai_severe_prediction,0.745525729404485,True
716,B1,ai_severe_prediction,0.745525729404485,True
717,B1,ai_severe_prediction,0.745525729404485,True
718,B1,ai_severe_prediction,0.7458714295374483,True
719,B1,ai_severe_prediction,0.745628193262287,True
720,B1,ai_severe_prediction,0.7431919111181624,True
721,B1,ai_severe_prediction,0.7546524866028534,True
722,B1,ai_severe_prediction,0.7562519288397083,True
723,B1,ai_severe_prediction,0.7554481038384384,True
724,B1,ai_severe_prediction,0.7617142885290596,True
725,B1,ai_severe_prediction,0.7617142885290596,True
726,B1,ai_severe_prediction,0.7617142885290596,True
727,B1,ai_severe_prediction,0.7617142885290596,True
728,B1,ai_severe_prediction,0.7617142885290596,True
729,B1,ai_severe_prediction,0.7617142885290596,True
730,B1,ai_severe_prediction,0.7617142885290596,True
731,B1,ai_severe_prediction,0.7617142885290596,True
732,B1,ai_severe_prediction,0.7617142885290596,True
733,B1,ai_severe_prediction,0.7617142885290596,True
734,B1,ai_severe_prediction,0.7617142885290596,True
735,B1,ai_severe_prediction,0.760005052439465,True
736,B1,ai_severe_prediction,0.7549192444478996,True
737,B1,ai_severe_prediction,0.7549192444478995,True
738,B1,ai_severe_prediction,0.7495223096028062,True
739,B1,ai_severe_prediction,0.7370954879100394,True
740,B1,ai_severe_prediction,0.7370954879100391,True
741,B1,ai_severe_prediction,0.7370954879100392,True
742,B1,ai_severe_prediction,0.7370954879100391,True
743,B1,ai_severe_prediction,0.7360350602029707,True
744,B1,ai_severe_prediction,0.7360350602029707,True
745,B1,ai_severe_prediction,0.7360350602029706,True
746,B1,ai_severe_prediction,0.7340281983325356,True
747,B1,ai_severe_prediction,0.7365423697952957,True
748,B1,ai_severe_prediction,0.7365423697952957,True
749,B1,ai_severe_prediction,0.7365423697952957,True
750,B1,ai_severe_prediction,0.7365423697952957,True
751,B1,ai_severe_prediction,0.7365423697952957,True
752,B1,ai_severe_prediction,0.7365423697952957,True
753,B1,ai_severe_prediction,0.7365423697952957,True
754,B1,ai_severe_prediction,0.736902533754085,True
755,B1,ai_severe_prediction,0.736902533754085,True
756,B1,ai_severe_prediction,0.736902533754085,True
757,B1,ai_severe_prediction,0.7369025337540853,True
758,B1,ai_severe_prediction,0.736902533754085,True
759,B1,ai_severe_prediction,0.73621569473182,True
760,B1,ai_severe_prediction,0.73621569473182,True
761,B1,ai_severe_prediction,0.73621569473182,True
762,B1,ai_severe_prediction,0.73621569473182,True
763,B1,ai_severe_prediction,0.73621569473182,True
764,B1,ai_severe_prediction,0.73621569473182,True
765,B1,ai_severe_prediction,0.73621569473182,True
766,B1,ai_severe_prediction,0.73621569473182,True
767,B1,ai_severe_prediction,0.73621569473182,True
768,B1,ai_severe_prediction,0.73621569473182,True
769,B1,ai_severe_prediction,0.7291718799921841,True
770,B1,ai_severe_prediction,0.7283567758034524,True
771,B1,ai_severe_prediction,0.7283567758034524,True
772,B1,ai_severe_prediction,0.7283567758034524,True
773,B1,ai_severe_prediction,0.7283567758034524,True
774,B1,ai_severe_prediction,0.7283567758034524,True
775,B1,ai_severe_prediction,0.7283567758034524,True
776,B1,ai_severe_prediction,0.7283567758034524,True
777,B1,ai_severe_prediction,0.7283567758034524,True
778,B1,ai_severe_prediction,0.7283567758034524,True
779,B1,ai_severe_prediction,0.7283567758034524,True
780,B1,ai_severe_prediction,0.7277676795527411,True
781,B1,ai_severe_prediction,0.7277676795527411,True
782,B1,ai_severe_prediction,0.7314831835496187,True
783,B1,ai_severe_prediction,0.7314831835496187,True
784,B1,ai_severe_prediction,0.7314831835496187,True
785,B1,ai_severe_prediction,0.7314831835496187,True
786,B1,ai_severe_prediction,0.7314831835496187,True
787,B1,ai_severe_prediction,0.7314831835496187,True
788,B1,ai_severe_prediction,0.7314831835496187,True
789,B1,ai_severe_prediction,0.7314831835496187,True
790,B1,ai_severe_prediction,0.7314831835496187,True
791,B1,ai_severe_prediction,0.7314831835496187,True
792,B1,ai_severe_prediction,0.7314831835496187,True
793,B1,ai_severe_prediction,0.7314831835496187,True
794,B1,ai_severe_prediction,0.7314831835496187,True
795,B1,ai_severe_prediction,0.7314831835496186,True
796,B1,ai_severe_prediction,0.7314831835496187,True
797,B1,ai_severe_prediction,0.7314831835496187,True
798,B1,ai_severe_prediction,0.7314831835496187,True
799,B1,ai_severe_prediction,0.7314831835496187,True
800,B1,ai_severe_prediction,0.7314831835496187,True
801,B1,ai_severe_prediction,0.7314831835496187,True
802,B1,ai_severe_prediction,0.7314831835496187,True
803,B1,ai_severe_prediction,0.7314831835496187,True
804,B1,ai_severe_prediction,0.7314831835496187,True
805,B1,ai_severe_prediction,0.7314831835496187,True
806,B1,ai_severe_prediction,0.7314831835496187,True
807,B1,ai_severe_prediction,0.7314831835496187,True
808,B1,ai_severe_prediction,0.7314831835496187,True
809,B1,ai_severe_prediction,0.7314831835496187,True
810,B1,ai_severe_prediction,0.7314831835496187,True
811,B1,ai_severe_prediction,0.7314831835496187,True
812,B1,ai_severe_prediction,0.7314831835496187,True
813,B1,ai_severe_prediction,0.7314831835496187,True
814,B1,ai_severe_prediction,0.7314831835496187,True
815,B1,ai_severe_prediction,0.7314831835496187,True
816,B1,ai_severe_prediction,0.7314831835496187,True
817,B1,ai_severe_prediction,0.7314831835496187,True
818,B1,ai_severe_prediction,0.7314831835496187,True
819,B1,ai_severe_prediction,0.7314831835496187,True
820,B1,ai_severe_prediction,0.7314831835496187,True
821,B1,ai_severe_prediction,0.7314831835496187,True
822,B1,ai_severe_prediction,0.7314831835496187,True
823,B1,ai_severe_prediction,0.7314831835496187,True
824,B1,ai_severe_prediction,0.7314831835496187,True
825,B1,ai_severe_prediction,0.7314831835496187,True
826,B1,ai_severe_prediction,0.7314831835496187,True
827,B1,ai_severe_prediction,0.7314831835496187,True
828,B1,ai_severe_prediction,0.7314831835496187,True
829,B1,ai_severe_prediction,0.7314831835496187,True
830,B1,ai_severe_prediction,0.7314831835496187,True
831,B1,ai_severe_prediction,0.7314831835496187,True
832,B1,ai_severe_prediction,0.7314831835496187,True
833,B1,ai_severe_prediction,0.7314831835496187,True
834,B1,ai_severe_prediction,0.7314831835496187,True
835,B1,ai_severe_prediction,0.7314831835496187,True
836,B1,ai_severe_prediction,0.7314831835496187,True
837,B1,ai_severe_prediction,0.7314831835496187,True
838,B1,ai_severe_prediction,0.7314831835496187,True
839,B1,ai_severe_prediction,0.7314831835496187,True
840,B1,ai_severe_prediction,0.7314831835496187,True
841,B1,ai_severe_prediction,0.7314831835496187,True
842,B1,ai_severe_prediction,0.7314831835496187,True
843,B1,ai_severe_prediction,0.7314831835496187,True
844,B1,ai_severe_prediction,0.7314831835496187,True
845,B1,ai_severe_prediction,0.7314831835496187,True
846,B1,ai_severe_prediction,0.7314831835496187,True
847,B1,ai_severe_prediction,0.7314831835496187,True
848,B1,ai_severe_prediction,0.7314831835496187,True
849,B1,ai_severe_prediction,0.7314831835496187,True
850,B1,ai_severe_prediction,0.7314831835496187,True
851,B1,ai_severe_prediction,0.7314831835496187,True
852,B1,ai_severe_prediction,0.7314831835496187,True
853,B1,ai_severe_prediction,0.7314831835496187,True
854,B1,ai_severe_prediction,0.7314831835496187,True
855,B1,ai_severe_prediction,0.7314831835496187,True
856,B1,ai_severe_prediction,0.7314831835496186,True
857,B1,ai_severe_prediction,0.7314831835496187,True
858,B1,ai_severe_prediction,0.7314831835496187,True
859,B1,ai_severe_prediction,0.7314831835496187,True
860,B1,ai_severe_prediction,0.7314831835496187,True
861,B1,ai_severe_prediction,0.7314831835496187,True
862,B1,ai_severe_prediction,0.7314831835496187,True
863,B1,ai_severe_prediction,0.7314831835496187,True
864,B1,ai_severe_prediction,0.7314831835496187,True
865,B1,ai_severe_prediction,0.7314831835496187,True
866,B1,ai_severe_prediction,0.7314831835496187,True
867,B1,ai_severe_prediction,0.7314831835496187,True
868,B1,ai_severe_prediction,0.7314831835496187,True
869,B1,ai_severe_prediction,0.7314831835496187,True
870,B1,ai_severe_prediction,0.7314831835496187,True
871,B1,ai_severe_prediction,0.7314831835496187,True
872,B1,ai_severe_prediction,0.7314831835496187,True
873,B1,ai_severe_prediction,0.7314831835496187,True
874,B1,ai_severe_prediction,0.7314831835496187,True
875,B1,ai_severe_prediction,0.7314831835496187,True
876,B1,ai_severe_prediction,0.7314831835496187,True
877,B1,ai_severe_prediction,0.7314831835496187,True
878,B1,ai_severe_prediction,0.7314831835496187,True
879,B1,ai_severe_prediction,0.7314831835496187,True
880,B1,ai_severe_prediction,0.7314831835496187,True
881,B1,ai_severe_prediction,0.7314831835496187,True
882,B1,ai_severe_prediction,0.7314831835496187,True
883,B1,ai_severe_prediction,0.7314831835496187,True
884,B1,ai_severe_prediction,0.7314831835496187,True
885,B1,ai_severe_prediction,0.7314831835496187,True
886,B1,ai_severe_prediction,0.7314831835496187,True
887,B1,ai_severe_prediction,0.7314831835496187,True
888,B1,ai_severe_prediction,0.7314831835496187,True
889,B1,ai_severe_prediction,0.7314831835496187,True
890,B1,ai_severe_prediction,0.7314831835496187,True
891,B1,ai_severe_prediction,0.7314831835496187,True
892,B1,ai_severe_prediction,0.7314831835496187,True
893,B1,ai_severe_prediction,0.7314831835496187,True
894,B1,ai_severe_prediction,0.7314831835496187,True
895,B1,ai_severe_prediction,0.7314831835496187,True
896,B1,ai_severe_prediction,0.7314831835496187,True
897,B1,ai_severe_prediction,0.7314831835496187,True
898,B1,ai_severe_prediction,0.7314831835496187,True
899,B1,ai_severe_prediction,0.7314831835496187,True
900,B1,ai_severe_prediction,0.7314831835496187,True
901,B1,ai_severe_prediction,0.7314831835496187,True
902,B1,ai_severe_prediction,0.7314831835496187,True
903,B1,ai_severe_prediction,0.7314831835496187,True
904,B1,ai_severe_prediction,0.7314831835496187,True
905,B1,ai_severe_prediction,0.7314831835496187,True
906,B1,ai_severe_prediction,0.7314831835496187,True
907,B1,ai_severe_prediction,0.7314831835496187,True
908,B1,ai_severe_prediction,0.7314831835496187,True
909,B1,ai_severe_prediction,0.7314831835496187,True
910,B1,ai_severe_prediction,0.7314831835496187,True
911,B1,ai_severe_prediction,0.7314831835496187,True
912,B1,ai_severe_prediction,0.7314831835496187,True
913,B1,ai_severe_prediction,0.7314831835496187,True
914,B1,ai_severe_prediction,0.7314831835496187,True
915,B1,ai_severe_prediction,0.7314831835496187,True
916,B1,ai_severe_prediction,0.7314831835496187,True
917,B1,ai_severe_prediction,0.7314831835496187,True
918,B1,ai_severe_prediction,0.7314831835496187,True
919,B1,ai_severe_prediction,0.7314831835496187,True
920,B1,ai_severe_prediction,0.7314831835496187,True
921,B1,ai_severe_prediction,0.7314831835496187,True
922,B1,ai_severe_prediction,0.7314831835496187,True
923,B1,ai_severe_prediction,0.7314831835496187,True
924,B1,ai_severe_prediction,0.7314831835496187,True
925,B1,ai_severe_prediction,0.7314831835496187,True
926,B1,ai_severe_prediction,0.7314831835496187,True
927,B1,ai_severe_prediction,0.7314831835496187,True
928,B1,ai_severe_prediction,0.7314831835496187,True
929,B1,ai_severe_prediction,0.7314831835496187,True
930,B1,ai_severe_prediction,0.7314831835496187,True
931,B1,ai_severe_prediction,0.7314831835496187,True
932,B1,ai_severe_prediction,0.7314831835496187,True
933,B1,ai_severe_prediction,0.7314831835496187,True
934,B1,ai_severe_prediction,0.7314831835496187,True
935,B1,ai_severe_prediction,0.7314831835496187,True
936,B1,ai_severe_prediction,0.7314831835496187,True
937,B1,ai_severe_prediction,0.7314831835496187,True
938,B1,ai_severe_prediction,0.7314831835496187,True
939,B1,ai_severe_prediction,0.7314831835496186,True
940,B1,ai_severe_prediction,0.7314831835496187,True
941,B1,ai_severe_prediction,0.7314831835496187,True
942,B1,ai_severe_prediction,0.7314831835496187,True
943,B1,ai_severe_prediction,0.7314831835496187,True
944,B1,ai_severe_prediction,0.7314831835496187,True
945,B1,ai_severe_prediction,0.7314831835496187,True
946,B1,ai_severe_prediction,0.7314831835496187,True
947,B1,ai_severe_prediction,0.7314831835496187,True
948,B1,ai_severe_prediction,0.7314831835496187,True
949,B1,ai_severe_prediction,0.7314831835496187,True
950,B1,ai_severe_prediction,0.7314831835496187,True
951,B1,ai_severe_prediction,0.7314831835496187,True
952,B1,ai_severe_prediction,0.7314831835496187,True
953,B1,ai_severe_prediction,0.7314831835496187,True
954,B1,ai_severe_prediction,0.7314831835496187,True
955,B1,ai_severe_prediction,0.7314831835496187,True
956,B1,ai_severe_prediction,0.7314831835496187,True
957,B1,ai_severe_prediction,0.7314831835496187,True
958,B1,ai_severe_prediction,0.7314831835496187,True
959,B1,ai_severe_prediction,0.7314831835496187,True
960,B1,ai_severe_prediction,0.7314831835496187,True
961,B1,ai_severe_prediction,0.7314831835496187,True
962,B1,ai_severe_prediction,0.7314831835496187,True
963,B1,ai_severe_prediction,0.7314831835496187,True
964,B1,ai_severe_prediction,0.7314831835496187,True
965,B1,ai_severe_prediction,0.7314831835496187,True
966,B1,ai_severe_prediction,0.7314831835496187,True
967,B1,ai_severe_prediction,0.7314831835496187,True
968,B1,ai_severe_prediction,0.7314831835496187,True
969,B1,ai_severe_prediction,0.7314831835496187,True
970,B1,ai_severe_prediction,0.7314831835496187,True
971,B1,ai_severe_prediction,0.7314831835496187,True
972,B1,ai_severe_prediction,0.7314831835496187,True
973,B1,ai_severe_prediction,0.7314831835496187,True
974,B1,ai_severe_prediction,0.7314831835496187,True
975,B1,ai_severe_prediction,0.7314831835496187,True
976,B1,ai_severe_prediction,0.7314831835496187,True
977,B1,ai_severe_prediction,0.7314831835496187,True
978,B1,ai_severe_prediction,0.7314831835496187,True
979,B1,ai_severe_prediction,0.7314831835496187,True
980,B1,ai_severe_prediction,0.7314831835496187,True
981,B1,ai_severe_prediction,0.7314831835496187,True
982,B1,ai_severe_prediction,0.7314831835496187,True
983,B1,ai_severe_prediction,0.7314831835496187,True
984,B1,ai_severe_prediction,0.7314831835496187,True
985,B1,ai_severe_prediction,0.7314831835496187,True
986,B1,ai_severe_prediction,0.7314831835496187,True
987,B1,ai_severe_prediction,0.7314831835496187,True
988,B1,ai_severe_prediction,0.7314831835496187,True
989,B1,ai_severe_prediction,0.7314831835496187,True
990,B1,ai_severe_prediction,0.7314831835496187,True
991,B1,ai_severe_prediction,0.7314831835496187,True
992,B1,ai_severe_prediction,0.7314831835496187,True
993,B1,ai_severe_prediction,0.7314831835496187,True
994,B1,ai_severe_prediction,0.7314831835496187,True
995,B1,ai_severe_prediction,0.7314831835496187,True
996,B1,ai_severe_prediction,0.7314831835496187,True
997,B1,ai_severe_prediction,0.7314831835496187,True
998,B1,ai_severe_prediction,0.7314831835496187,True
999,B1,ai_severe_prediction,0.7314831835496187,True
1000,B1,ai_severe_prediction,0.7314831835496187,True
1001,B1,ai_severe_prediction,0.7314831835496187,True
1002,B1,ai_severe_prediction,0.7314831835496187,True
1003,B1,ai_severe_prediction,0.7314831835496187,True
1004,B1,ai_severe_prediction,0.7314831835496187,True
1005,B1,ai_severe_prediction,0.7314831835496187,True
1006,B1,ai_severe_prediction,0.7314831835496187,True
1007,B1,ai_severe_prediction,0.7314831835496187,True
1008,B1,ai_severe_prediction,0.7314831835496187,True
1009,B1,ai_severe_prediction,0.7314831835496187,True
1010,B1,ai_severe_prediction,0.7314831835496187,True
1011,B1,ai_severe_prediction,0.7314831835496187,True
1012,B1,ai_severe_prediction,0.7314831835496187,True
1013,B1,ai_severe_prediction,0.7314831835496187,True
1014,B1,ai_severe_prediction,0.7314831835496187,True
1015,B1,ai_severe_prediction,0.7314831835496187,True
1016,B1,ai_severe_prediction,0.7314831835496187,True
1017,B1,ai_severe_prediction,0.7314831835496187,True
1018,B1,ai_severe_prediction,0.7314831835496187,True
1019,B1,ai_severe_prediction,0.7314831835496187,True
1020,B1,ai_severe_prediction,0.7314831835496187,True
1021,B1,ai_severe_prediction,0.7314831835496187,True
1022,B1,ai_severe_prediction,0.7314831835496187,True
1023,B1,ai_severe_prediction,0.7314831835496187,True
1024,B1,ai_severe_prediction,0.7314831835496187,True
1025,B1,ai_severe_prediction,0.7314831835496187,True
1026,B1,ai_severe_prediction,0.7314831835496187,True
1027,B1,ai_severe_prediction,0.7314831835496187,True
1028,B1,ai_severe_prediction,0.7314831835496187,True
1029,B1,ai_severe_prediction,0.7314831835496187,True
1030,B1,ai_severe_prediction,0.7314831835496187,True
1031,B1,ai_severe_prediction,0.7314831835496187,True
1032,B1,ai_severe_prediction,0.7314831835496187,True
1033,B1,ai_severe_prediction,0.7314831835496187,True
1034,B1,ai_severe_prediction,0.7314831835496187,True
1035,B1,ai_severe_prediction,0.7314831835496187,True
1036,B1,ai_severe_prediction,0.7314831835496187,True
1037,B1,ai_severe_prediction,0.7314831835496187,True
1038,B1,ai_severe_prediction,0.7314831835496187,True
1039,B1,ai_severe_prediction,0.7314831835496187,True
1040,B1,ai_severe_prediction,0.7314831835496187,True
1041,B1,ai_severe_prediction,0.7314831835496187,True
1042,B1,ai_severe_prediction,0.7314831835496187,True
1043,B1,ai_severe_prediction,0.7314831835496187,True
1044,B1,ai_severe_prediction,0.7314831835496187,True
1045,B1,ai_severe_prediction,0.7314831835496187,True
1046,B1,ai_severe_prediction,0.7314831835496187,True
1047,B1,ai_severe_prediction,0.7314831835496187,True
1048,B1,ai_severe_prediction,0.7314831835496187,True
1049,B1,ai_severe_prediction,0.7314831835496187,True
1050,B1,ai_severe_prediction,0.7314831835496187,True
1051,B1,ai_severe_prediction,0.7314831835496187,True
1052,B1,ai_severe_prediction,0.7314831835496187,True
1053,B1,ai_severe_prediction,0.7314831835496186,True
1054,B1,ai_severe_prediction,0.7314831835496187,True
1055,B1,ai_severe_prediction,0.7314831835496187,True
1056,B1,ai_severe_prediction,0.7314831835496187,True
1057,B1,ai_severe_prediction,0.7314831835496187,True
1058,B1,ai_severe_prediction,0.7314831835496187,True
1059,B1,ai_severe_prediction,0.7314831835496187,True
1060,B1,ai_severe_prediction,0.7314831835496187,True
1061,B1,ai_severe_prediction,0.7314831835496187,True
1062,B1,ai_severe_prediction,0.7314831835496187,True
1063,B1,ai_severe_prediction,0.7314831835496187,True
1064,B1,ai_severe_prediction,0.7314831835496187,True
1065,B1,ai_severe_prediction,0.7314831835496187,True
1066,B1,ai_severe_prediction,0.7314831835496187,True
1067,B1,ai_severe_prediction,0.7314831835496187,True
1068,B1,ai_severe_prediction,0.7314831835496187,True
1069,B1,ai_severe_prediction,0.7314831835496187,True
1070,B1,ai_severe_prediction,0.7314831835496187,True
1071,B1,ai_severe_prediction,0.7314831835496187,True
1072,B1,ai_severe_prediction,0.7314831835496187,True
1073,B1,ai_severe_prediction,0.7314831835496187,True
1074,B1,ai_severe_prediction,0.7314831835496187,True
1075,B1,ai_severe_prediction,0.7314831835496187,True
1076,B1,ai_severe_prediction,0.7314831835496187,True
1077,B1,ai_severe_prediction,0.7314831835496187,True
1078,B1,ai_severe_prediction,0.7314831835496187,True
1079,B1,ai_severe_prediction,0.7314831835496187,True
1080,B1,ai_severe_prediction,0.7311386920999073,True
1081,B1,ai_severe_prediction,0.7311386920999073,True
1082,B1,ai_severe_prediction,0.7311386920999073,True
1083,B1,ai_severe_prediction,0.7311386920999073,True
1084,B1,ai_severe_prediction,0.7311386920999073,True
1085,B1,ai_severe_prediction,0.7311386920999073,True
1086,B1,ai_severe_prediction,0.7311386920999073,True
1087,B1,ai_severe_prediction,0.7311386920999073,True
1088,B1,ai_severe_prediction,0.7311386920999073,True
1089,B1,ai_severe_prediction,0.7311386920999073,True
1089,C1,ai_severe_prediction,0.7252850930667298,False
1090,B1,ai_severe_prediction,0.7311386920999073,True
1090,C1,ai_severe_prediction,0.7244202698129293,False
1091,B1,ai_severe_prediction,0.7311386920999073,True
1091,C1,ai_severe_prediction,0.7333705565704558,False
1092,B1,ai_severe_prediction,0.7311386920999073,True
1092,C1,ai_severe_prediction,0.7321168877761498,False
1093,B1,ai_severe_prediction,0.7311386920999073,True
1093,C1,ai_severe_prediction,0.7321168877761498,False
1094,B1,ai_severe_prediction,0.7311386920999073,True
1094,C1,ai_severe_prediction,0.7321168877761498,False
1095,B1,ai_severe_prediction,0.7311386920999073,True
1095,C1,ai_severe_prediction,0.7321168877761498,False
1096,B1,ai_severe_prediction,0.7311386920999073,True
1096,C1,ai_severe_prediction,0.7321168877761498,False
1097,B1,ai_severe_prediction,0.7311386920999073,True
1097,C1,ai_severe_prediction,0.7321168877761498,False
1098,B1,ai_severe_prediction,0.7311386920999073,True
1098,C1,ai_severe_prediction,0.7305147688657628,False
1099,B1,ai_severe_prediction,0.7311386920999073,True
1099,C1,ai_severe_prediction,0.7307876927669297,False
1100,B1,ai_severe_prediction,0.7311386920999073,True
1100,C1,ai_severe_prediction,0.7307876927669297,False
1101,B1,ai_severe_prediction,0.7311386920999073,True
1101,C1,ai_severe_prediction,0.7307876927669297,False
1102,B1,ai_severe_prediction,0.7311386920999073,True
1102,C1,ai_severe_prediction,0.7307876927669297,False
1103,B1,ai_severe_prediction,0.7311386920999073,True
1103,C1,ai_severe_prediction,0.7307876927669297,False
1104,B1,ai_severe_prediction,0.7311386920999073,True
1104,C1,ai_severe_prediction,0.7307876927669297,False
1105,B1,ai_severe_prediction,0.7311386920999073,True
1105,C1,ai_severe_prediction,0.7301329866933426,False
1106,B1,ai_severe_prediction,0.7311386920999073,True
1106,C1,ai_severe_prediction,0.7301329866933426,False
1107,B1,ai_severe_prediction,0.7311386920999073,True
1107,C1,ai_severe_prediction,0.7301329866933426,False
1108,B1,ai_severe_prediction,0.7311386920999073,True
1108,C1,ai_severe_prediction,0.7301329866933426,False
1109,B1,ai_severe_prediction,0.7311386920999073,True
1109,C1,ai_severe_prediction,0.7301329866933426,False
1110,B1,ai_severe_prediction,0.7311386920999073,True
1110,C1,ai_severe_prediction,0.7315734714385477,False
1111,B1,ai_severe_prediction,0.7311386920999076,True
1111,C1,ai_severe_prediction,0.7313505556273919,False
1112,B1,ai_severe_prediction,0.7311386920999073,True
1112,C1,ai_severe_prediction,0.7313505556273919,False
1113,B1,ai_severe_prediction,0.7311386920999073,True
1113,C1,ai_severe_prediction,0.7312151636709521,False
1114,B1,ai_severe_prediction,0.7311386920999073,True
1114,C1,ai_severe_prediction,0.7312151636709521,False
1115,B1,ai_severe_prediction,0.7311386920999073,True
1115,C1,ai_severe_prediction,0.7312151636709521,False
1116,B1,ai_severe_prediction,0.7311386920999073,True
1116,C1,ai_severe_prediction,0.7312151636709521,False
1117,B1,ai_severe_prediction,0.7311386920999073,True
1117,C1,ai_severe_prediction,0.7356585602393483,False
1118,B1,ai_severe_prediction,0.7311386920999073,True
1118,C1,ai_severe_prediction,0.7356585602393483,False
1119,B1,ai_severe_prediction,0.7311386920999073,True
1119,C1,ai_severe_prediction,0.7400166544918437,False
1120,B1,ai_severe_prediction,0.7311386920999073,True
1120,C1,ai_severe_prediction,0.7400166544918437,False
1121,B1,ai_severe_prediction,0.7311386920999073,True
1121,C1,ai_severe_prediction,0.7400166544918437,False
1122,B1,ai_severe_prediction,0.7311386920999073,True
1122,C1,ai_severe_prediction,0.7400166544918437,False
1123,B1,ai_severe_prediction,0.7311386920999073,True
1123,C1,ai_severe_prediction,0.7400166544918437,False
1124,B1,ai_severe_prediction,0.7311386920999073,True
1124,C1,ai_severe_prediction,0.7400166544918437,False
1125,B1,ai_severe_prediction,0.7311386920999073,True
1125,C1,ai_severe_prediction,0.7400166544918436,False
1126,B1,ai_severe_prediction,0.7311386920999073,True
1126,C1,ai_severe_prediction,0.7417501071395941,False
1127,B1,ai_severe_prediction,0.7311386920999073,True
1127,C1,ai_severe_prediction,0.7417501071395941,False
1128,B1,ai_severe_prediction,0.7311386920999073,True
1128,C1,ai_severe_prediction,0.7417501071395941,False
1129,B1,ai_severe_prediction,0.7311386920999073,True
1129,C1,ai_severe_prediction,0.7308706329624998,False
1130,B1,ai_severe_prediction,0.7311386920999073,True
1130,C1,ai_severe_prediction,0.7308706329624998,False
1131,B1,ai_severe_prediction,0.7311386920999073,True
1131,C1,ai_severe_prediction,0.7316139368293545,False
1132,B1,ai_severe_prediction,0.7311386920999073,True
1132,C1,ai_severe_prediction,0.7324403912375342,False
1133,B1,ai_severe_prediction,0.7311386920999073,True
1133,C1,ai_severe_prediction,0.7324403912375342,False
1134,B1,ai_severe_prediction,0.7311386920999073,True
1134,C1,ai_severe_prediction,0.7291339598416193,False
1135,B1,ai_severe_prediction,0.7311386920999073,True
1135,C1,ai_severe_prediction,0.7282288690884464,False
1136,B1,ai_severe_prediction,0.7311386920999073,True
1136,C1,ai_severe_prediction,0.7282288690884464,False
1137,B1,ai_severe_prediction,0.7311386920999073,True
1137,C1,ai_severe_prediction,0.7282288690884464,False
1138,B1,ai_severe_prediction,0.7311386920999073,True
1138,C1,ai_severe_prediction,0.7282288690884464,False
1139,B1,ai_severe_prediction,0.7311386920999073,True
1139,C1,ai_severe_prediction,0.7202820716925332,False
1140,B1,ai_severe_prediction,0.7311386920999073,True
1140,C1,ai_severe_prediction,0.7192012354437233,False
1141,B1,ai_severe_prediction,0.7311386920999073,True
1141,C1,ai_severe_prediction,0.718814708362766,False
1142,B1,ai_severe_prediction,0.7311386920999073,True
1142,C1,ai_severe_prediction,0.7207290645967759,False
1143,B1,ai_severe_prediction,0.7311386920999073,True
1143,C1,ai_severe_prediction,0.7232815193537993,False
1144,B1,ai_severe_prediction,0.7311386920999073,True
1144,C1,ai_severe_prediction,0.7257139095604908,False
1145,B1,ai_severe_prediction,0.7311386920999073,True
1145,C1,ai_severe_prediction,0.7262113418543017,False
1146,B1,ai_severe_prediction,0.7311386920999073,True
1146,C1,ai_severe_prediction,0.7265819195364859,False
1147,B1,ai_severe_prediction,0.7311386920999073,True
1147,C1,ai_severe_prediction,0.7173886432579485,False
1148,B1,ai_severe_prediction,0.7311386920999073,True
1148,C1,ai_severe_prediction,0.7197277085179797,False
1149,B1,ai_severe_prediction,0.7311386920999073,True
1149,C1,ai_severe_prediction,0.7197277085179797,False
1150,B1,ai_severe_prediction,0.7311386920999073,True
1150,C1,ai_severe_prediction,0.7197277085179797,False
1151,B1,ai_severe_prediction,0.7311386920999073,True
1151,C1,ai_severe_prediction,0.7197277085179797,False
1152,B1,ai_severe_prediction,0.7311386920999073,True
1152,C1,ai_severe_prediction,0.7175204910692549,False
1153,B1,ai_severe_prediction,0.7311386920999073,True
1153,C1,ai_severe_prediction,0.7222650207246157,False
1154,B1,ai_severe_prediction,0.7311386920999076,True
1154,C1,ai_severe_prediction,0.7227655811134334,False
1155,B1,ai_severe_prediction,0.7311386920999073,True
1155,C1,ai_severe_prediction,0.7227655811134334,False
1156,B1,ai_severe_prediction,0.7311386920999073,True
1156,C1,ai_severe_prediction,0.7233417085561379,False
1157,B1,ai_severe_prediction,0.7311386920999073,True
1157,C1,ai_severe_prediction,0.7216191230130202,False
1158,B1,ai_severe_prediction,0.7311386920999073,True
1158,C1,ai_severe_prediction,0.7228806658054353,False
1159,B1,ai_severe_prediction,0.7311386920999073,True
1159,C1,ai_severe_prediction,0.7228806658054353,False
1160,B1,ai_severe_prediction,0.7311386920999073,True
1160,C1,ai_severe_prediction,0.7286786159025871,False
1161,B1,ai_severe_prediction,0.7311386920999073,True
1161,C1,ai_severe_prediction,0.730294421403714,False
1162,B1,ai_severe_prediction,0.7311386920999073,True
1162,C1,ai_severe_prediction,0.7297445270520658,False
1163,B1,ai_severe_prediction,0.7311386920999073,True
1163,C1,ai_severe_prediction,0.7236298895570731,False
1164,B1,ai_severe_prediction,0.7311386920999073,True
1164,C1,ai_severe_prediction,0.723958996334732,False
1165,B1,ai_severe_prediction,0.7311386920999073,True
1165,C1,ai_severe_prediction,0.7218882938530597,False
1166,B1,ai_severe_prediction,0.7311386920999073,True
1166,C1,ai_severe_prediction,0.7297820737835113,False
1167,B1,ai_severe_prediction,0.7311386920999073,True
1167,C1,ai_severe_prediction,0.7294051177542277,False
1168,B1,ai_severe_prediction,0.7311386920999073,True
1168,C1,ai_severe_prediction,0.7393653930763164,False
1169,B1,ai_severe_prediction,0.7311386920999073,True
1169,C1,ai_severe_prediction,0.7507926545864493,False
1170,B1,ai_severe_prediction,0.7311386920999073,True
1170,C1,ai_severe_prediction,0.7489161119537374,False
1171,B1,ai_severe_prediction,0.7311386920999073,True
1171,C1,ai_severe_prediction,0.7562529637922042,False
1172,B1,ai_severe_prediction,0.7311386920999073,True
1172,C1,ai_severe_prediction,0.7453551936835106,False
1173,B1,ai_severe_prediction,0.7311386920999073,True
1173,C1,ai_severe_prediction,0.7494650062795148,False
1174,B1,ai_severe_prediction,0.7311386920999073,True
1174,C1,ai_severe_prediction,0.7582714350967186,False
1175,B1,ai_severe_prediction,0.7311386920999073,True
1175,C1,ai_severe_prediction,0.7483424054830459,False
1176,B1,ai_severe_prediction,0.7311386920999073,True
1176,C1,ai_severe_prediction,0.7483424054830459,False
1177,B1,ai_severe_prediction,0.7311386920999073,True
1177,C1,ai_severe_prediction,0.7500547393922982,False
1178,B1,ai_severe_prediction,0.7311386920999073,True
1178,C1,ai_severe_prediction,0.7538565447373919,False
1179,B1,ai_severe_prediction,0.7311386920999073,True
1179,C1,ai_severe_prediction,0.7592528931696328,False
1180,B1,ai_severe_prediction,0.7311386920999073,True
1180,C1,ai_severe_prediction,0.7550452255026261,False
1181,B1,ai_severe_prediction,0.7311386920999073,True
1181,C1,ai_severe_prediction,0.7516741504971184,False
1182,B1,ai_severe_prediction,0.7311386920999073,True
1182,C1,ai_severe_prediction,0.7570589306374541,False
1183,B1,ai_severe_prediction,0.7311386920999073,True
1183,C1,ai_severe_prediction,0.764446797901864,False
1184,B1,ai_severe_prediction,0.7311386920999073,True
1184,C1,ai_severe_prediction,0.7595745674811241,False
1185,B1,ai_severe_prediction,0.7311386920999073,True
1185,C1,ai_severe_prediction,0.7562583205612603,False
1186,B1,ai_severe_prediction,0.7311386920999073,True
1186,C1,ai_severe_prediction,0.7562583205612603,False
1187,B1,ai_severe_prediction,0.7311386920999073,True
1187,C1,ai_severe_prediction,0.7562583205612603,False
1188,B1,ai_severe_prediction,0.7311386920999073,True
1188,C1,ai_severe_prediction,0.7515565885508514,False
1189,B1,ai_severe_prediction,0.7311386920999073,True
1189,C1,ai_severe_prediction,0.7461923854540872,False
1190,B1,ai_severe_prediction,0.7311386920999073,True
1190,C1,ai_severe_prediction,0.7399423060112664,False
1191,B1,ai_severe_prediction,0.7311386920999073,True
1191,C1,ai_severe_prediction,0.7399423060112664,False
1192,B1,ai_severe_prediction,0.7311386920999073,True
1192,C1,ai_severe_prediction,0.7399423060112664,False
1193,B1,ai_severe_prediction,0.7311386920999073,True
1193,C1,ai_severe_prediction,0.7399423060112664,False
1194,B1,ai_severe_prediction,0.7311386920999073,True
1194,C1,ai_severe_prediction,0.7468108839129826,False
1195,B1,ai_severe_prediction,0.7311386920999073,True
1195,C1,ai_severe_prediction,0.7490658557475582,False
1196,B1,ai_severe_prediction,0.7311386920999073,True
1196,C1,ai_severe_prediction,0.7475121097031441,False
1197,B1,ai_severe_prediction,0.7311386920999073,True
1197,C1,ai_severe_prediction,0.7480573107897576,False
1198,B1,ai_severe_prediction,0.7311386920999073,True
1198,C1,ai_severe_prediction,0.7480573107897576,False
1199,B1,ai_severe_prediction,0.7311386920999073,True
1199,C1,ai_severe_prediction,0.7480573107897576,False
1200,B1,ai_severe_prediction,0.7311386920999073,True
1200,C1,ai_severe_prediction,0.7480573107897576,False
1201,B1,ai_severe_prediction,0.7311386920999073,True
1201,C1,ai_severe_prediction,0.7480573107897576,False
1202,B1,ai_severe_prediction,0.7311386920999073,True
1202,C1,ai_severe_prediction,0.7604260721110064,False
1203,B1,ai_severe_prediction,0.7311386920999073,True
1203,C1,ai_severe_prediction,0.7615842041075928,False
1204,B1,ai_severe_prediction,0.7311386920999073,True
1204,C1,ai_severe_prediction,0.7598509577733756,False
1205,B1,ai_severe_prediction,0.7311386920999073,True
1205,C1,ai_severe_prediction,0.7676027146084651,False
1206,B1,ai_severe_prediction,0.7311386920999073,True
1206,C1,ai_severe_prediction,0.7559764443970888,False
1207,B1,ai_severe_prediction,0.7311386920999073,True
1207,C1,ai_severe_prediction,0.7413013119536541,False
1208,B1,ai_severe_prediction,0.7311386920999073,True
1208,C1,ai_severe_prediction,0.7413013119536541,False
1209,B1,ai_severe_prediction,0.7311386920999073,True
1209,C1,ai_severe_prediction,0.7413013119536541,False
1210,B1,ai_severe_prediction,0.7311386920999073,True
1210,C1,ai_severe_prediction,0.7413013119536541,False
1211,B1,ai_severe_prediction,0.7311386920999073,True
1211,C1,ai_severe_prediction,0.7392944500832193,False
1212,B1,ai_severe_prediction,0.7311386920999073,True
1212,C1,ai_severe_prediction,0.7427266710278534,False
1213,B1,ai_severe_prediction,0.7311386920999073,True
1213,C1,ai_severe_prediction,0.7391009847281764,False
1214,B1,ai_severe_prediction,0.7311386920999073,True
1214,C1,ai_severe_prediction,0.7378073860034827,False
1215,B1,ai_severe_prediction,0.7311386920999073,True
1215,C1,ai_severe_prediction,0.7371205469812174,False
1216,B1,ai_severe_prediction,0.7311386920999073,True
1216,C1,ai_severe_prediction,0.7371205469812174,False
1217,B1,ai_severe_prediction,0.7311386920999073,True
1217,C1,ai_severe_prediction,0.7371205469812174,False
1218,B1,ai_severe_prediction,0.7311386920999073,True
1218,C1,ai_severe_prediction,0.7282382922917617,False
1219,B1,ai_severe_prediction,0.7311386920999073,True
1219,C1,ai_severe_prediction,0.7282382922917617,False
1220,B1,ai_severe_prediction,0.7311386920999073,True
1220,C1,ai_severe_prediction,0.7274231881030297,False
1221,B1,ai_severe_prediction,0.7311386920999073,True
1221,C1,ai_severe_prediction,0.7274231881030297,False
1222,B1,ai_severe_prediction,0.7311386920999073,True
1222,C1,ai_severe_prediction,0.7274231881030297,False
1223,B1,ai_severe_prediction,0.7311386920999073,True
1223,C1,ai_severe_prediction,0.7274231881030297,False
1224,B1,ai_severe_prediction,0.7311386920999073,True
1224,C1,ai_severe_prediction,0.7274231881030297,False
1225,B1,ai_severe_prediction,0.7311386920999073,True
1225,C1,ai_severe_prediction,0.7274231881030297,False
1226,B1,ai_severe_prediction,0.7311386920999072,True
1226,C1,ai_severe_prediction,0.7274231881030297,False
1227,B1,ai_severe_prediction,0.7311386920999073,True
1227,C1,ai_severe_prediction,0.7274231881030297,False
1228,B1,ai_severe_prediction,0.7311386920999073,True
1228,C1,ai_severe_prediction,0.7274231881030297,False
1229,B1,ai_severe_prediction,0.7311386920999073,True
1229,C1,ai_severe_prediction,0.7311386920999073,False
1230,B1,ai_severe_prediction,0.7311386920999073,True
1230,C1,ai_severe_prediction,0.7311386920999073,False
1231,B1,ai_severe_prediction,0.7311386920999073,True
1231,C1,ai_severe_prediction,0.7311386920999073,False
1232,B1,ai_severe_prediction,0.7311386920999073,True
1232,C1,ai_severe_prediction,0.7311386920999073,False
1233,B1,ai_severe_prediction,0.7311386920999073,True
1233,C1,ai_severe_prediction,0.7311386920999073,False
1234,B1,ai_severe_prediction,0.7311386920999073,True
1234,C1,ai_severe_prediction,0.7311386920999073,False
1235,B1,ai_severe_prediction,0.7311386920999073,True
1235,C1,ai_severe_prediction,0.7311386920999073,False
1236,B1,ai_severe_prediction,0.7311386920999073,True
1236,C1,ai_severe_prediction,0.7311386920999073,False
1237,B1,ai_severe_prediction,0.7311386920999072,True
1237,C1,ai_severe_prediction,0.7311386920999073,False
1238,B1,ai_severe_prediction,0.7311386920999073,True
1238,C1,ai_severe_prediction,0.7311386920999073,False
1239,B1,ai_severe_prediction,0.7311386920999073,True
1239,C1,ai_severe_prediction,0.7311386920999073,False
1240,B1,ai_severe_prediction,0.7311386920999073,True
1240,C1,ai_severe_prediction,0.7311386920999073,False
1241,B1,ai_severe_prediction,0.7311386920999073,True
1241,C1,ai_severe_prediction,0.7311386920999073,False
1242,B1,ai_severe_prediction,0.7311386920999073,True
1242,C1,ai_severe_prediction,0.7311386920999073,False
1243,B1,ai_severe_prediction,0.7311386920999073,True
1243,C1,ai_severe_prediction,0.7311386920999073,False
1244,B1,ai_severe_prediction,0.7311386920999073,True
1244,C1,ai_severe_prediction,0.7311386920999073,False
1245,B1,ai_severe_prediction,0.7311386920999073,True
1245,C1,ai_severe_prediction,0.7311386920999073,False
1246,B1,ai_severe_prediction,0.7311386920999073,True
1246,C1,ai_severe_prediction,0.7311386920999073,False
1247,B1,ai_severe_prediction,0.7311386920999073,True
1247,C1,ai_severe_prediction,0.7311386920999073,False
1248,B1,ai_severe_prediction,0.7311386920999073,True
1248,C1,ai_severe_prediction,0.7311386920999073,False
1249,B1,ai_severe_prediction,0.7311386920999073,True
1249,C1,ai_severe_prediction,0.7311386920999073,False
1250,B1,ai_severe_prediction,0.7311386920999073,True
1250,C1,ai_severe_prediction,0.7311386920999073,False
1251,B1,ai_severe_prediction,0.7311386920999073,True
1251,C1,ai_severe_prediction,0.7311386920999073,False
1252,B1,ai_severe_prediction,0.7311386920999073,True
1252,C1,ai_severe_prediction,0.7311386920999073,False
1253,B1,ai_severe_prediction,0.7311386920999073,True
1253,C1,ai_severe_prediction,0.7311386920999073,False
1254,B1,ai_severe_prediction,0.7311386920999073,True
1254,C1,ai_severe_prediction,0.7311386920999073,False
1255,B1,ai_severe_prediction,0.7311386920999073,True
1255,C1,ai_severe_prediction,0.7311386920999073,False
1256,B1,ai_severe_prediction,0.7311386920999073,True
1256,C1,ai_severe_prediction,0.7311386920999073,False
1257,B1,ai_severe_prediction,0.7311386920999073,True
1257,C1,ai_severe_prediction,0.7311386920999073,False
1258,B1,ai_severe_prediction,0.7311386920999073,True
1258,C1,ai_severe_prediction,0.7311386920999073,False
1259,B1,ai_severe_prediction,0.7311386920999073,True
1259,C1,ai_severe_prediction,0.7311386920999073,False
1260,B1,ai_severe_prediction,0.7314897801942644,True
1260,C1,ai_severe_prediction,0.7314897801942644,False
1261,B1,ai_severe_prediction,0.7314897801942644,True
1261,C1,ai_severe_prediction,0.7314897801942644,False
1262,B1,ai_severe_prediction,0.7314897801942644,True
1262,C1,ai_severe_prediction,0.7314897801942644,False
1263,B1,ai_severe_prediction,0.7314897801942644,True
1263,C1,ai_severe_prediction,0.7314897801942644,False
1264,B1,ai_severe_prediction,0.7314897801942644,True
1264,C1,ai_severe_prediction,0.7314897801942644,False
1265,B1,ai_severe_prediction,0.7314897801942644,True
1265,C1,ai_severe_prediction,0.7314897801942644,False
1266,B1,ai_severe_prediction,0.7314897801942644,True
1266,C1,ai_severe_prediction,0.7314897801942644,False
1267,B1,ai_severe_prediction,0.7314897801942644,True
1267,C1,ai_severe_prediction,0.7314897801942644,False
1268,B1,ai_severe_prediction,0.7314897801942644,True
1268,C1,ai_severe_prediction,0.7314897801942644,False
1269,B1,ai_severe_prediction,0.7314897801942644,True
1269,C1,ai_severe_prediction,0.7314897801942644,False
1270,B1,ai_severe_prediction,0.7314897801942644,True
1270,C1,ai_severe_prediction,0.7314897801942644,False
1271,B1,ai_severe_prediction,0.7314897801942644,True
1271,C1,ai_severe_prediction,0.7314897801942644,False
1272,B1,ai_severe_prediction,0.7314897801942644,True
1272,C1,ai_severe_prediction,0.7277742761973868,False
1273,B1,ai_severe_prediction,0.7314897801942644,True
1273,C1,ai_severe_prediction,0.7285893803861185,False
1274,B1,ai_severe_prediction,0.7314897801942644,True
1274,C1,ai_severe_prediction,0.7374716350755743,False
1275,B1,ai_severe_prediction,0.7314897801942644,True
1275,C1,ai_severe_prediction,0.7381584740978395,False
1276,B1,ai_severe_prediction,0.7314897801942644,True
1276,C1,ai_severe_prediction,0.7555786536189575,False
1277,B1,ai_severe_prediction,0.7314897801942644,True
1277,C1,ai_severe_prediction,0.7457770325898199,False
1278,B1,ai_severe_prediction,0.7314897801942644,True
1278,C1,ai_severe_prediction,0.7453556022494476,False
1279,B1,ai_severe_prediction,0.7314897801942644,True
1279,C1,ai_severe_prediction,0.7637801527296917,False
1280,B1,ai_severe_prediction,0.7314897801942644,True
1280,C1,ai_severe_prediction,0.7621051180100535,False
1281,B1,ai_severe_prediction,0.7314897801942644,True
1281,C1,ai_severe_prediction,0.7493249497845853,False
1282,B1,ai_severe_prediction,0.7314897801942644,True
1282,C1,ai_severe_prediction,0.7497205638324131,False
1283,B1,ai_severe_prediction,0.7314897801942644,True
1283,C1,ai_severe_prediction,0.7470020496603774,False
1284,B1,ai_severe_prediction,0.7314897801942644,True
1284,C1,ai_severe_prediction,0.7457947958077255,False
1285,B1,ai_severe_prediction,0.7314897801942644,True
1285,C1,ai_severe_prediction,0.7517177962693593,False
1286,B1,ai_severe_prediction,0.7314897801942644,True
1286,C1,ai_severe_prediction,0.7562583205612603,False
1287,B1,ai_severe_prediction,0.7314897801942644,True
1287,C1,ai_severe_prediction,0.7532366110886379,False
1288,B1,ai_severe_prediction,0.7314897801942644,True
1288,C1,ai_severe_prediction,0.7494219659198811,False
1289,B1,ai_severe_prediction,0.7314897801942644,True
1289,C1,ai_severe_prediction,0.7494219659198812,False
1290,B1,ai_severe_prediction,0.7314897801942644,True
1290,C1,ai_severe_prediction,0.7510261028652647,False
1291,B1,ai_severe_prediction,0.7314897801942644,True
1291,C1,ai_severe_prediction,0.7506591396541172,False
1292,B1,ai_severe_prediction,0.7314897801942642,True
1292,C1,ai_severe_prediction,0.7506591396541173,False
1293,B1,ai_severe_prediction,0.7314897801942644,True
1293,C1,ai_severe_prediction,0.7494219659198812,False
1294,B1,ai_severe_prediction,0.7314897801942644,True
1294,C1,ai_severe_prediction,0.7510261028652647,False
1295,B1,ai_severe_prediction,0.7314897801942644,True
1295,C1,ai_severe_prediction,0.7506591396541176,False
1296,B1,ai_severe_prediction,0.7314897801942642,True
1296,C1,ai_severe_prediction,0.7494219659198811,False
1297,B1,ai_severe_prediction,0.7314897801942644,True
1297,C1,ai_severe_prediction,0.7494219659198811,False
1298,B1,ai_severe_prediction,0.7314897801942644,True
1298,C1,ai_severe_prediction,0.757026163473327,False
1299,B1,ai_severe_prediction,0.7314897801942644,True
1299,C1,ai_severe_prediction,0.7550452255026261,False
1300,B1,ai_severe_prediction,0.7314897801942644,True
1300,C1,ai_severe_prediction,0.7494219659198812,False
1301,B1,ai_severe_prediction,0.7314897801942644,True
1301,C1,ai_severe_prediction,0.757026163473327,False
1302,B1,ai_severe_prediction,0.7314897801942644,True
1302,C1,ai_severe_prediction,0.7618271743777884,False
1303,B1,ai_severe_prediction,0.7314897801942644,True
1303,C1,ai_severe_prediction,0.7550452255026261,False
1304,B1,ai_severe_prediction,0.7314897801942644,True
1304,C1,ai_severe_prediction,0.7494219659198812,False
1305,B1,ai_severe_prediction,0.7314897801942644,True
1305,C1,ai_severe_prediction,0.7494219659198812,False
1306,B1,ai_severe_prediction,0.7314897801942644,True
1306,C1,ai_severe_prediction,0.7494219659198812,False
1307,B1,ai_severe_prediction,0.7314897801942644,True
1307,C1,ai_severe_prediction,0.7494219659198812,False
1308,B1,ai_severe_prediction,0.7314897801942644,True
1308,C1,ai_severe_prediction,0.7510261028652644,False
1309,B1,ai_severe_prediction,0.7314897801942644,True
1309,C1,ai_severe_prediction,0.7494219659198812,False
1310,B1,ai_severe_prediction,0.7314897801942642,True
1310,C1,ai_severe_prediction,0.7510261028652643,False
1311,B1,ai_severe_prediction,0.7314897801942642,True
1311,C1,ai_severe_prediction,0.7506591396541176,False
1312,B1,ai_severe_prediction,0.7314897801942644,True
1312,C1,ai_severe_prediction,0.7494219659198812,False
1313,B1,ai_severe_prediction,0.7314897801942644,True
1313,C1,ai_severe_prediction,0.7510261028652646,False
1314,B1,ai_severe_prediction,0.7314897801942644,True
1314,C1,ai_severe_prediction,0.7494219659198812,False
1315,B1,ai_severe_prediction,0.7314897801942644,True
1315,C1,ai_severe_prediction,0.7510261028652646,False
1316,B1,ai_severe_prediction,0.7314897801942642,True
1316,C1,ai_severe_prediction,0.7525053976249833,False
1317,B1,ai_severe_prediction,0.7314897801942644,True
1317,C1,ai_severe_prediction,0.7605195812662009,False
1318,B1,ai_severe_prediction,0.7314897801942644,True
1318,C1,ai_severe_prediction,0.7595745674811241,False
1319,B1,ai_severe_prediction,0.7314897801942644,True
1319,C1,ai_severe_prediction,0.7515565885508514,False
1320,B1,ai_severe_prediction,0.7314897801942644,True
1320,C1,ai_severe_prediction,0.752115385915721,False
1321,B1,ai_severe_prediction,0.7314897801942644,True
1321,C1,ai_severe_prediction,0.7515565885508514,False
1322,B1,ai_severe_prediction,0.7314897801942644,True
1322,C1,ai_severe_prediction,0.7480104166210154,False
1323,B1,ai_severe_prediction,0.7314897801942644,True
1323,C1,ai_severe_prediction,0.7461923854540872,False
1324,B1,ai_severe_prediction,0.7314897801942644,True
1324,C1,ai_severe_prediction,0.7399423060112664,False
1325,B1,ai_severe_prediction,0.7314897801942644,True
1325,C1,ai_severe_prediction,0.7399423060112664,False
1326,B1,ai_severe_prediction,0.7314897801942644,True
1326,C1,ai_severe_prediction,0.7421292806698199,False
1327,B1,ai_severe_prediction,0.7314897801942644,True
1327,C1,ai_severe_prediction,0.7487019899551879,False
1328,B1,ai_severe_prediction,0.7314897801942644,True
1328,C1,ai_severe_prediction,0.7480755303819417,False
1329,B1,ai_severe_prediction,0.7314897801942644,True
1329,C1,ai_severe_prediction,0.7469100821825779,False
1330,B1,ai_severe_prediction,0.7314897801942644,True
1330,C1,ai_severe_prediction,0.7458366014610136,False
1331,B1,ai_severe_prediction,0.7314897801942644,True
1331,C1,ai_severe_prediction,0.7399423060112664,False
1332,B1,ai_severe_prediction,0.7314897801942644,True
1332,C1,ai_severe_prediction,0.7399423060112664,False
1333,B1,ai_severe_prediction,0.7314897801942644,True
1333,C1,ai_severe_prediction,0.7399423060112664,False
1334,B1,ai_severe_prediction,0.7314897801942644,True
1334,C1,ai_severe_prediction,0.7469203909112241,False
1335,B1,ai_severe_prediction,0.7314897801942644,True
1335,C1,ai_severe_prediction,0.7491753627457998,False
1336,B1,ai_severe_prediction,0.7314897801942644,True
1336,C1,ai_severe_prediction,0.7491753627457998,False
1337,B1,ai_severe_prediction,0.7314897801942644,True
1337,C1,ai_severe_prediction,0.7476216167013855,False
1338,B1,ai_severe_prediction,0.7314897801942644,True
1338,C1,ai_severe_prediction,0.7607771602053635,False
1339,B1,ai_severe_prediction,0.7314897801942644,True
1339,C1,ai_severe_prediction,0.7619352922019498,False
1340,B1,ai_severe_prediction,0.7314897801942644,True
1340,C1,ai_severe_prediction,0.7619352922019498,False
1341,B1,ai_severe_prediction,0.7314897801942644,True
1341,C1,ai_severe_prediction,0.7610949546946464,False
1342,B1,ai_severe_prediction,0.7314897801942644,True
1342,C1,ai_severe_prediction,0.7612375112315288,False
1343,B1,ai_severe_prediction,0.7314897801942644,True
1343,C1,ai_severe_prediction,0.767953802702822,False
1344,B1,ai_severe_prediction,0.7314897801942644,True
1344,C1,ai_severe_prediction,0.7628679947112563,False
1345,B1,ai_severe_prediction,0.7314897801942644,True
1345,C1,ai_severe_prediction,0.7639928862778119,False
1346,B1,ai_severe_prediction,0.7314897801942644,True
1346,C1,ai_severe_prediction,0.7690786942693778,False
1347,B1,ai_severe_prediction,0.7314897801942644,True
1347,C1,ai_severe_prediction,0.7690786942693778,False
1348,B1,ai_severe_prediction,0.7314897801942644,True
1348,C1,ai_severe_prediction,0.7690786942693778,False
1349,B1,ai_severe_prediction,0.7314897801942644,True
1349,C1,ai_severe_prediction,0.7679538027028222,False
1350,B1,ai_severe_prediction,0.7314897801942644,True
1350,C1,ai_severe_prediction,0.763992886277812,False
1351,B1,ai_severe_prediction,0.7314897801942644,True
1351,C1,ai_severe_prediction,0.767953802702822,False
1352,B1,ai_severe_prediction,0.7314897801942644,True
1352,C1,ai_severe_prediction,0.7639928862778119,False
1353,B1,ai_severe_prediction,0.7314897801942644,True
1353,C1,ai_severe_prediction,0.7690786942693778,False
1354,B1,ai_severe_prediction,0.7314897801942644,True
1354,C1,ai_severe_prediction,0.7614133404830112,False
1355,B1,ai_severe_prediction,0.7314897801942644,True
1355,C1,ai_severe_prediction,0.7425416788849057,False
1356,B1,ai_severe_prediction,0.7314897801942644,True
1356,C1,ai_severe_prediction,0.7416524000480113,False
1357,B1,ai_severe_prediction,0.7314897801942644,True
1357,C1,ai_severe_prediction,0.7416524000480113,False
1358,B1,ai_severe_prediction,0.7314897801942644,True
1358,C1,ai_severe_prediction,0.7416524000480113,False
1359,B1,ai_severe_prediction,0.7314897801942644,True
1359,C1,ai_severe_prediction,0.7396455381775761,False
1360,B1,ai_severe_prediction,0.7314897801942644,True
1360,C1,ai_severe_prediction,0.7430777591222104,False
1361,B1,ai_severe_prediction,0.7314897801942644,True
1361,C1,ai_severe_prediction,0.7430777591222104,False
1362,B1,ai_severe_prediction,0.7314897801942644,True
1362,C1,ai_severe_prediction,0.7394520728225332,False
1363,B1,ai_severe_prediction,0.7314897801942644,True
1363,C1,ai_severe_prediction,0.7394520728225333,False
1364,B1,ai_severe_prediction,0.7314897801942644,True
1364,C1,ai_severe_prediction,0.7381584740978395,False
1365,B1,ai_severe_prediction,0.7314897801942644,True
1365,C1,ai_severe_prediction,0.7381584740978395,False
1366,B1,ai_severe_prediction,0.7314897801942644,True
1366,C1,ai_severe_prediction,0.7428507807783531,False
1367,B1,ai_severe_prediction,0.7314897801942644,True
1367,C1,ai_severe_prediction,0.7381584740978395,False
1368,B1,ai_severe_prediction,0.7314897801942644,True
1368,C1,ai_severe_prediction,0.7381584740978395,False
1369,B1,ai_severe_prediction,0.7314897801942644,True
1369,C1,ai_severe_prediction,0.7381584740978395,False
1370,B1,ai_severe_prediction,0.7314897801942644,True
1370,C1,ai_severe_prediction,0.7381584740978395,False
1371,B1,ai_severe_prediction,0.7314897801942644,True
1371,C1,ai_severe_prediction,0.7374716350755743,False
1372,B1,ai_severe_prediction,0.7314897801942644,True
1372,C1,ai_severe_prediction,0.7374716350755743,False
1373,B1,ai_severe_prediction,0.7314897801942644,True
1373,C1,ai_severe_prediction,0.7374716350755746,False
1374,B1,ai_severe_prediction,0.7314897801942644,True
1374,C1,ai_severe_prediction,0.7285893803861185,False
1375,B1,ai_severe_prediction,0.7314897801942644,True
1375,C1,ai_severe_prediction,0.7285893803861185,False
1376,B1,ai_severe_prediction,0.7314897801942644,True
1376,C1,ai_severe_prediction,0.7285893803861185,False
1377,B1,ai_severe_prediction,0.7314897801942644,True
1377,C1,ai_severe_prediction,0.7277742761973868,False
1378,B1,ai_severe_prediction,0.7314897801942644,True
1378,C1,ai_severe_prediction,0.7277742761973868,False
1379,B1,ai_severe_prediction,0.7314897801942644,True
1379,C1,ai_severe_prediction,0.7314897801942644,False
1380,B1,ai_severe_prediction,0.7322335198022957,True
1380,C1,ai_severe_prediction,0.7322335198022957,False
1381,B1,ai_severe_prediction,0.7322335198022957,True
1381,C1,ai_severe_prediction,0.7322335198022957,False
1382,B1,ai_severe_prediction,0.7322335198022957,True
1382,C1,ai_severe_prediction,0.7322335198022957,False
1383,B1,ai_severe_prediction,0.7322335198022957,True
1383,C1,ai_severe_prediction,0.7322335198022956,False
1384,B1,ai_severe_prediction,0.7322335198022957,True
1384,C1,ai_severe_prediction,0.7322335198022957,False
1385,B1,ai_severe_prediction,0.7322335198022957,True
1385,C1,ai_severe_prediction,0.7322335198022957,False
1386,B1,ai_severe_prediction,0.7322335198022957,True
1386,C1,ai_severe_prediction,0.7322335198022957,False
1387,B1,ai_severe_prediction,0.7322335198022957,True
1387,C1,ai_severe_prediction,0.7322335198022957,False
1388,B1,ai_severe_prediction,0.7322335198022957,True
1388,C1,ai_severe_prediction,0.7322335198022957,False
1389,B1,ai_severe_prediction,0.7322335198022957,True
1389,C1,ai_severe_prediction,0.7322335198022957,False
1390,B1,ai_severe_prediction,0.7322335198022957,True
1390,C1,ai_severe_prediction,0.7322335198022957,False
1391,B1,ai_severe_prediction,0.7322335198022957,True
1391,C1,ai_severe_prediction,0.7322335198022957,False
1392,B1,ai_severe_prediction,0.7322335198022957,True
1392,C1,ai_severe_prediction,0.7322335198022957,False
1393,B1,ai_severe_prediction,0.7322335198022957,True
1393,C1,ai_severe_prediction,0.7322335198022957,False
1394,B1,ai_severe_prediction,0.7322335198022957,True
1394,C1,ai_severe_prediction,0.7322335198022957,False
1395,B1,ai_severe_prediction,0.7322335198022957,True
1395,C1,ai_severe_prediction,0.7322335198022957,False
1396,B1,ai_severe_prediction,0.7322335198022957,True
1396,C1,ai_severe_prediction,0.7322335198022957,False
1397,B1,ai_severe_prediction,0.7322335198022957,True
1397,C1,ai_severe_prediction,0.7322335198022957,False
1398,B1,ai_severe_prediction,0.7322335198022957,True
1398,C1,ai_severe_prediction,0.7322335198022957,False
1399,B1,ai_severe_prediction,0.7322335198022957,True
1399,C1,ai_severe_prediction,0.7322335198022957,False
1400,B1,ai_severe_prediction,0.7322335198022957,True
1400,C1,ai_severe_prediction,0.7322335198022957,False
1401,B1,ai_severe_prediction,0.7322335198022957,True
1401,C1,ai_severe_prediction,0.7322335198022957,False
1402,B1,ai_severe_prediction,0.7322335198022957,True
1402,C1,ai_severe_prediction,0.7322335198022957,False
1403,B1,ai_severe_prediction,0.7322335198022957,True
1403,C1,ai_severe_prediction,0.7322335198022957,False
1404,B1,ai_severe_prediction,0.7322335198022956,True
1404,C1,ai_severe_prediction,0.7322335198022957,False
1405,B1,ai_severe_prediction,0.7322335198022957,True
1405,C1,ai_severe_prediction,0.7322335198022957,False
1406,B1,ai_severe_prediction,0.7322335198022957,True
1406,C1,ai_severe_prediction,0.7322335198022957,False
1407,B1,ai_severe_prediction,0.7322335198022957,True
1407,C1,ai_severe_prediction,0.7322335198022957,False
1408,B1,ai_severe_prediction,0.7322335198022957,True
1408,C1,ai_severe_prediction,0.7322335198022957,False
1409,B1,ai_severe_prediction,0.7322335198022957,True
1409,C1,ai_severe_prediction,0.7322335198022957,False
1410,B1,ai_severe_prediction,0.7322335198022957,True
1410,C1,ai_severe_prediction,0.7322335198022957,False
1411,B1,ai_severe_prediction,0.7322335198022957,True
1411,C1,ai_severe_prediction,0.7322335198022956,False
1412,B1,ai_severe_prediction,0.7322335198022957,True
1412,C1,ai_severe_prediction,0.7322335198022957,False
1413,B1,ai_severe_prediction,0.7322335198022958,True
1413,C1,ai_severe_prediction,0.7322335198022957,False
1414,B1,ai_severe_prediction,0.7322335198022957,True
1414,C1,ai_severe_prediction,0.7322335198022957,False
1415,B1,ai_severe_prediction,0.7322335198022957,True
1415,C1,ai_severe_prediction,0.7322335198022957,False
1416,B1,ai_severe_prediction,0.7322335198022957,True
1416,C1,ai_severe_prediction,0.7322335198022957,False
1417,B1,ai_severe_prediction,0.7322335198022957,True
1417,C1,ai_severe_prediction,0.7322335198022957,False
1418,B1,ai_severe_prediction,0.7322335198022957,True
1418,C1,ai_severe_prediction,0.7322335198022957,False
1419,B1,ai_severe_prediction,0.7322335198022957,True
1419,C1,ai_severe_prediction,0.7322335198022957,False
1420,B1,ai_severe_prediction,0.7322335198022957,True
1420,C1,ai_severe_prediction,0.7322335198022957,False
1421,B1,ai_severe_prediction,0.7322335198022957,True
1421,C1,ai_severe_prediction,0.7322335198022957,False
1422,B1,ai_severe_prediction,0.7322335198022957,True
1422,C1,ai_severe_prediction,0.7322335198022957,False
1423,B1,ai_severe_prediction,0.7322335198022957,True
1423,C1,ai_severe_prediction,0.7322335198022957,False
1424,B1,ai_severe_prediction,0.7322335198022957,True
1424,C1,ai_severe_prediction,0.7322335198022957,False
1425,B1,ai_severe_prediction,0.7322335198022957,True
1425,C1,ai_severe_prediction,0.7322335198022957,False
1426,B1,ai_severe_prediction,0.7322335198022957,True
1426,C1,ai_severe_prediction,0.7322335198022957,False
1427,B1,ai_severe_prediction,0.7322335198022957,True
1427,C1,ai_severe_prediction,0.7322335198022957,False
1428,B1,ai_severe_prediction,0.7322335198022957,True
1428,C1,ai_severe_prediction,0.7322335198022957,False
1429,B1,ai_severe_prediction,0.7322335198022957,True
1429,C1,ai_severe_prediction,0.7322335198022957,False
1430,B1,ai_severe_prediction,0.7322335198022957,True
1430,C1,ai_severe_prediction,0.7322335198022957,False
1431,B1,ai_severe_prediction,0.7322335198022957,True
1431,C1,ai_severe_prediction,0.7322335198022957,False
1432,B1,ai_severe_prediction,0.7322335198022957,True
1432,C1,ai_severe_prediction,0.7322335198022957,False
1433,B1,ai_severe_prediction,0.7322335198022957,True
1433,C1,ai_severe_prediction,0.7322335198022957,False
1434,B1,ai_severe_prediction,0.7322335198022957,True
1434,C1,ai_severe_prediction,0.7322335198022957,False
1435,B1,ai_severe_prediction,0.7322335198022957,True
1435,C1,ai_severe_prediction,0.7322335198022957,False
1436,B1,ai_severe_prediction,0.7322335198022957,True
1436,C1,ai_severe_prediction,0.7322335198022957,False
1437,B1,ai_severe_prediction,0.7322335198022957,True
1437,C1,ai_severe_prediction,0.7322335198022957,False
1438,B1,ai_severe_prediction,0.7322335198022957,True
1438,C1,ai_severe_prediction,0.7322335198022957,False
1439,B1,ai_severe_prediction,0.7322335198022957,True
1439,C1,ai_severe_prediction,0.7322335198022957,False
1440,B1,ai_severe_prediction,0.7322335198022957,True
1440,C1,ai_severe_prediction,0.7322335198022956,False
1441,B1,ai_severe_prediction,0.7322335198022957,True
1441,C1,ai_severe_prediction,0.7322335198022956,False
1442,B1,ai_severe_prediction,0.7322335198022956,True
1442,C1,ai_severe_prediction,0.7322335198022957,False
1443,B1,ai_severe_prediction,0.7322335198022957,True
1443,C1,ai_severe_prediction,0.7322335198022957,False
1444,B1,ai_severe_prediction,0.7322335198022957,True
1444,C1,ai_severe_prediction,0.7322335198022957,False
1445,B1,ai_severe_prediction,0.7322335198022957,True
1445,C1,ai_severe_prediction,0.7322335198022957,False
1446,B1,ai_severe_prediction,0.7322335198022957,True
1446,C1,ai_severe_prediction,0.7322335198022957,False
1447,B1,ai_severe_prediction,0.7322335198022956,True
1447,C1,ai_severe_prediction,0.7322335198022956,False
1448,B1,ai_severe_prediction,0.7322335198022957,True
1448,C1,ai_severe_prediction,0.7322335198022957,False
1449,B1,ai_severe_prediction,0.7322335198022957,True
1449,C1,ai_severe_prediction,0.7322335198022956,False
1450,B1,ai_severe_prediction,0.7322335198022957,True
1450,C1,ai_severe_prediction,0.7322335198022957,False
1451,B1,ai_severe_prediction,0.7322335198022957,True
1451,C1,ai_severe_prediction,0.7322335198022957,False
1452,B1,ai_severe_prediction,0.7322335198022957,True
1452,C1,ai_severe_prediction,0.7322335198022956,False
1453,B1,ai_severe_prediction,0.7322335198022957,True
1453,C1,ai_severe_prediction,0.7322335198022957,False
1454,B1,ai_severe_prediction,0.7322335198022957,True
1454,C1,ai_severe_prediction,0.7322335198022956,False
1455,B1,ai_severe_prediction,0.7322335198022956,True
1455,C1,ai_severe_prediction,0.7322335198022956,False
1456,B1,ai_severe_prediction,0.7322335198022957,True
1456,C1,ai_severe_prediction,0.7322335198022957,False
1457,B1,ai_severe_prediction,0.7322335198022957,True
1457,C1,ai_severe_prediction,0.7322335198022956,False
1458,B1,ai_severe_prediction,0.7322335198022957,True
1458,C1,ai_severe_prediction,0.7322335198022957,False
1459,B1,ai_severe_prediction,0.7322335198022957,True
1459,C1,ai_severe_prediction,0.7322335198022957,False
1460,B1,ai_severe_prediction,0.7322335198022957,True
1460,C1,ai_severe_prediction,0.7322335198022957,False
1461,B1,ai_severe_prediction,0.7322335198022957,True
1461,C1,ai_severe_prediction,0.7322335198022956,False
1462,B1,ai_severe_prediction,0.7322335198022957,True
1462,C1,ai_severe_prediction,0.7322335198022957,False
1463,B1,ai_severe_prediction,0.7322335198022956,True
1463,C1,ai_severe_prediction,0.7322335198022957,False
1464,B1,ai_severe_prediction,0.7322335198022957,True
1464,C1,ai_severe_prediction,0.7322335198022956,False
1465,B1,ai_severe_prediction,0.7322335198022957,True
1465,C1,ai_severe_prediction,0.7322335198022956,False
1466,B1,ai_severe_prediction,0.7322335198022957,True
1466,C1,ai_severe_prediction,0.7322335198022957,False
1467,B1,ai_severe_prediction,0.7322335198022958,True
1467,C1,ai_severe_prediction,0.7322335198022956,False
1468,B1,ai_severe_prediction,0.7322335198022957,True
1468,C1,ai_severe_prediction,0.7322335198022957,False
1469,B1,ai_severe_prediction,0.7322335198022957,True
1469,C1,ai_severe_prediction,0.7322335198022956,False
1470,B1,ai_severe_prediction,0.7322335198022957,True
1470,C1,ai_severe_prediction,0.7322335198022957,False
1471,B1,ai_severe_prediction,0.7322335198022957,True
1471,C1,ai_severe_prediction,0.7322335198022957,False
1472,B1,ai_severe_prediction,0.7322335198022957,True
1472,C1,ai_severe_prediction,0.7322335198022957,False
1473,B1,ai_severe_prediction,0.7322335198022956,True
1473,C1,ai_severe_prediction,0.7322335198022957,False
1474,B1,ai_severe_prediction,0.7322335198022957,True
1474,C1,ai_severe_prediction,0.7322335198022957,False
1475,B1,ai_severe_prediction,0.7322335198022957,True
1475,C1,ai_severe_prediction,0.7322335198022957,False
1476,B1,ai_severe_prediction,0.7322335198022957,True
1476,C1,ai_severe_prediction,0.7322335198022957,False
1477,B1,ai_severe_prediction,0.7322335198022957,True
1477,C1,ai_severe_prediction,0.7322335198022957,False
1478,B1,ai_severe_prediction,0.7322335198022957,True
1478,C1,ai_severe_prediction,0.7322335198022957,False
1479,B1,ai_severe_prediction,0.7322335198022957,True
1479,C1,ai_severe_prediction,0.7322335198022957,False
1480,B1,ai_severe_prediction,0.7322335198022957,True
1480,C1,ai_severe_prediction,0.7322335198022957,False
1481,B1,ai_severe_prediction,0.7322335198022957,True
1481,C1,ai_severe_prediction,0.7322335198022957,False
1482,B1,ai_severe_prediction,0.7322335198022956,True
1482,C1,ai_severe_prediction,0.7322335198022957,False
1483,B1,ai_severe_prediction,0.7322335198022957,True
1483,C1,ai_severe_prediction,0.7322335198022957,False
1484,B1,ai_severe_prediction,0.7322335198022957,True
1484,C1,ai_severe_prediction,0.7322335198022956,False
1485,B1,ai_severe_prediction,0.7322335198022956,True
1485,C1,ai_severe_prediction,0.7322335198022958,False
1486,B1,ai_severe_prediction,0.7322335198022957,True
1486,C1,ai_severe_prediction,0.7322335198022957,False
1487,B1,ai_severe_prediction,0.7322335198022957,True
1487,C1,ai_severe_prediction,0.7322335198022957,False
1488,B1,ai_severe_prediction,0.7322335198022957,True
1488,C1,ai_severe_prediction,0.7322335198022957,False
1489,B1,ai_severe_prediction,0.7322335198022957,True
1489,C1,ai_severe_prediction,0.7322335198022957,False
1490,B1,ai_severe_prediction,0.7322335198022957,True
1490,C1,ai_severe_prediction,0.7322335198022957,False
1491,B1,ai_severe_prediction,0.7322335198022957,True
1491,C1,ai_severe_prediction,0.7322335198022957,False
1492,B1,ai_severe_prediction,0.7322335198022957,True
1492,C1,ai_severe_prediction,0.7322335198022957,False
1493,B1,ai_severe_prediction,0.7322335198022957,True
1493,C1,ai_severe_prediction,0.7322335198022957,False
1494,B1,ai_severe_prediction,0.7322335198022957,True
1494,C1,ai_severe_prediction,0.7322335198022957,False
1495,B1,ai_severe_prediction,0.7322335198022957,True
1495,C1,ai_severe_prediction,0.7322335198022956,False
1496,B1,ai_severe_prediction,0.7322335198022957,True
1496,C1,ai_severe_prediction,0.7322335198022956,False
1497,B1,ai_severe_prediction,0.7322335198022957,True
1497,C1,ai_severe_prediction,0.7322335198022957,False
1498,B1,ai_severe_prediction,0.7322335198022957,True
1498,C1,ai_severe_prediction,0.7322335198022957,False
1499,B1,ai_severe_prediction,0.7322335198022957,True
1499,C1,ai_severe_prediction,0.7322335198022957,False
1500,B1,ai_severe_prediction,0.7322335198022957,True
1500,C1,ai_severe_prediction,0.7322335198022957,False
1501,B1,ai_severe_prediction,0.7322335198022957,True
1501,C1,ai_severe_prediction,0.7322335198022957,False
1502,B1,ai_severe_prediction,0.7322335198022957,True
1502,C1,ai_severe_prediction,0.7322335198022957,False
1503,B1,ai_severe_prediction,0.7322335198022957,True
1503,C1,ai_severe_prediction,0.7322335198022957,False
1504,B1,ai_severe_prediction,0.7322335198022957,True
1504,C1,ai_severe_prediction,0.7322335198022957,False
1505,B1,ai_severe_prediction,0.7322335198022957,True
1505,C1,ai_severe_prediction,0.7322335198022958,False
1506,B1,ai_severe_prediction,0.7322335198022957,True
1506,C1,ai_severe_prediction,0.7322335198022956,False
1507,B1,ai_severe_prediction,0.7322335198022957,True
1507,C1,ai_severe_prediction,0.7322335198022956,False
1508,B1,ai_severe_prediction,0.7322335198022957,True
1508,C1,ai_severe_prediction,0.7322335198022957,False
1509,B1,ai_severe_prediction,0.7322335198022957,True
1509,C1,ai_severe_prediction,0.7322335198022957,False
1510,B1,ai_severe_prediction,0.7322335198022957,True
1510,C1,ai_severe_prediction,0.7322335198022957,False
1511,B1,ai_severe_prediction,0.7322335198022957,True
1511,C1,ai_severe_prediction,0.7322335198022957,False
1512,B1,ai_severe_prediction,0.7322335198022957,True
1512,C1,ai_severe_prediction,0.7322335198022957,False
1513,B1,ai_severe_prediction,0.7322335198022957,True
1513,C1,ai_severe_prediction,0.7322335198022957,False
1514,B1,ai_severe_prediction,0.7322335198022957,True
1514,C1,ai_severe_prediction,0.7322335198022957,False
1515,B1,ai_severe_prediction,0.7322335198022957,True
1515,C1,ai_severe_prediction,0.7322335198022957,False
1516,B1,ai_severe_prediction,0.7322335198022957,True
1516,C1,ai_severe_prediction,0.7322335198022957,False
1517,B1,ai_severe_prediction,0.7322335198022956,True
1517,C1,ai_severe_prediction,0.7322335198022956,False
1518,B1,ai_severe_prediction,0.7322335198022957,True
1518,C1,ai_severe_prediction,0.7322335198022957,False
1519,B1,ai_severe_prediction,0.7322335198022957,True
1519,C1,ai_severe_prediction,0.7322335198022957,False
1520,B1,ai_severe_prediction,0.7322335198022957,True
1520,C1,ai_severe_prediction,0.7322335198022957,False
1521,B1,ai_severe_prediction,0.7322335198022957,True
1521,C1,ai_severe_prediction,0.7322335198022957,False
1522,B1,ai_severe_prediction,0.7322335198022957,True
1522,C1,ai_severe_prediction,0.7322335198022956,False
1523,B1,ai_severe_prediction,0.7322335198022957,True
1523,C1,ai_severe_prediction,0.7322335198022956,False
1524,B1,ai_severe_prediction,0.7322335198022957,True
1524,C1,ai_severe_prediction,0.7322335198022957,False
1525,B1,ai_severe_prediction,0.7322335198022957,True
1525,C1,ai_severe_prediction,0.7322335198022957,False
1526,B1,ai_severe_prediction,0.7322335198022957,True
1526,C1,ai_severe_prediction,0.7322335198022956,False
1527,B1,ai_severe_prediction,0.7322335198022957,True
1527,C1,ai_severe_prediction,0.7322335198022957,False
1528,B1,ai_severe_prediction,0.7322335198022957,True
1528,C1,ai_severe_prediction,0.7322335198022956,False
1529,B1,ai_severe_prediction,0.7322335198022957,True
1529,C1,ai_severe_prediction,0.7322335198022957,False
1530,B1,ai_severe_prediction,0.7322335198022957,True
1530,C1,ai_severe_prediction,0.7322335198022958,False
1531,B1,ai_severe_prediction,0.7322335198022957,True
1531,C1,ai_severe_prediction,0.7322335198022957,False
1532,B1,ai_severe_prediction,0.7322335198022957,True
1532,C1,ai_severe_prediction,0.7322335198022957,False
1533,B1,ai_severe_prediction,0.7322335198022956,True
1533,C1,ai_severe_prediction,0.7322335198022957,False
1534,B1,ai_severe_prediction,0.7322335198022957,True
1534,C1,ai_severe_prediction,0.7322335198022957,False
1535,B1,ai_severe_prediction,0.7322335198022957,True
1535,C1,ai_severe_prediction,0.7322335198022957,False
1536,B1,ai_severe_prediction,0.7322335198022957,True
1536,C1,ai_severe_prediction,0.7322335198022957,False
1537,B1,ai_severe_prediction,0.7322335198022956,True
1537,C1,ai_severe_prediction,0.7322335198022957,False
1538,B1,ai_severe_prediction,0.7322335198022957,True
1538,C1,ai_severe_prediction,0.7322335198022957,False
1539,B1,ai_severe_prediction,0.7322335198022957,True
1539,C1,ai_severe_prediction,0.7322335198022957,False
1540,B1,ai_severe_prediction,0.7322335198022957,True
1540,C1,ai_severe_prediction,0.7322335198022957,False
1541,B1,ai_severe_prediction,0.7322335198022957,True
1541,C1,ai_severe_prediction,0.7322335198022957,False
1542,B1,ai_severe_prediction,0.7322335198022957,True
1542,C1,ai_severe_prediction,0.7322335198022957,False
1543,B1,ai_severe_prediction,0.7322335198022957,True
1543,C1,ai_severe_prediction,0.7322335198022957,False
1544,B1,ai_severe_prediction,0.7322335198022957,True
1544,C1,ai_severe_prediction,0.7322335198022957,False
1545,B1,ai_severe_prediction,0.7322335198022957,True
1545,C1,ai_severe_prediction,0.7322335198022956,False
1546,B1,ai_severe_prediction,0.7322335198022957,True
1546,C1,ai_severe_prediction,0.7322335198022957,False
1547,B1,ai_severe_prediction,0.7322335198022957,True
1547,C1,ai_severe_prediction,0.7322335198022957,False
1548,B1,ai_severe_prediction,0.7322335198022957,True
1548,C1,ai_severe_prediction,0.7322335198022957,False
1549,B1,ai_severe_prediction,0.7322335198022957,True
1549,C1,ai_severe_prediction,0.7322335198022957,False
1550,B1,ai_severe_prediction,0.7322335198022957,True
1550,C1,ai_severe_prediction,0.7322335198022957,False
1551,B1,ai_severe_prediction,0.7322335198022957,True
1551,C1,ai_severe_prediction,0.7322335198022957,False
1552,B1,ai_severe_prediction,0.7322335198022957,True
1552,C1,ai_severe_prediction,0.7322335198022957,False
1553,B1,ai_severe_prediction,0.7322335198022957,True
1553,C1,ai_severe_prediction,0.7322335198022957,False
1554,B1,ai_severe_prediction,0.7322335198022957,True
1554,C1,ai_severe_prediction,0.7322335198022957,False
1555,B1,ai_severe_prediction,0.7322335198022957,True
1555,C1,ai_severe_prediction,0.7322335198022957,False
1556,B1,ai_severe_prediction,0.7322335198022957,True
1556,C1,ai_severe_prediction,0.7322335198022957,False
1557,B1,ai_severe_prediction,0.7322335198022957,True
1557,C1,ai_severe_prediction,0.7322335198022957,False
1558,B1,ai_severe_prediction,0.7322335198022957,True
1558,C1,ai_severe_prediction,0.7322335198022957,False
1559,B1,ai_severe_prediction,0.7322335198022957,True
1559,C1,ai_severe_prediction,0.7322335198022957,False
1560,B1,ai_severe_prediction,0.7322335198022957,True
1560,C1,ai_severe_prediction,0.7322335198022957,False
1561,B1,ai_severe_prediction,0.7322335198022957,True
1561,C1,ai_severe_prediction,0.7322335198022957,False
1562,B1,ai_severe_prediction,0.7322335198022957,True
1562,C1,ai_severe_prediction,0.7322335198022957,False
1563,B1,ai_severe_prediction,0.7322335198022957,True
1563,C1,ai_severe_prediction,0.7322335198022956,False
1564,B1,ai_severe_prediction,0.7322335198022957,True
1564,C1,ai_severe_prediction,0.7322335198022957,False
1565,B1,ai_severe_prediction,0.7322335198022957,True
1565,C1,ai_severe_prediction,0.7322335198022957,False
1566,B1,ai_severe_prediction,0.7322335198022957,True
1566,C1,ai_severe_prediction,0.7322335198022957,False
1567,B1,ai_severe_prediction,0.7322335198022957,True
1567,C1,ai_severe_prediction,0.7322335198022957,False
1568,B1,ai_severe_prediction,0.7322335198022957,True
1568,C1,ai_severe_prediction,0.7322335198022957,False
1569,B1,ai_severe_prediction,0.7322335198022957,True
1569,C1,ai_severe_prediction,0.7322335198022957,False
1570,B1,ai_severe_prediction,0.7322335198022957,True
1570,C1,ai_severe_prediction,0.7322335198022957,False
1571,B1,ai_severe_prediction,0.7322335198022957,True
1571,C1,ai_severe_prediction,0.7322335198022957,False
1572,B1,ai_severe_prediction,0.7322335198022957,True
1572,C1,ai_severe_prediction,0.7322335198022957,False
1573,B1,ai_severe_prediction,0.7322335198022957,True
1573,C1,ai_severe_prediction,0.7322335198022957,False
1574,B1,ai_severe_prediction,0.7322335198022957,True
1574,C1,ai_severe_prediction,0.7322335198022957,False
1575,B1,ai_severe_prediction,0.7322335198022957,True
1575,C1,ai_severe_prediction,0.7322335198022957,False
1576,B1,ai_severe_prediction,0.7322335198022957,True
1576,C1,ai_severe_prediction,0.7322335198022957,False
1577,B1,ai_severe_prediction,0.7322335198022957,True
1577,C1,ai_severe_prediction,0.7322335198022957,False
1578,B1,ai_severe_prediction,0.7322335198022957,True
1578,C1,ai_severe_prediction,0.7322335198022957,False
1579,B1,ai_severe_prediction,0.7322335198022957,True
1579,C1,ai_severe_prediction,0.7322335198022957,False
1580,B1,ai_severe_prediction,0.7322335198022957,True
1580,C1,ai_severe_prediction,0.7322335198022957,False
1581,B1,ai_severe_prediction,0.7322335198022957,True
1581,C1,ai_severe_prediction,0.7322335198022957,False
1582,B1,ai_severe_prediction,0.7322335198022957,True
1582,C1,ai_severe_prediction,0.7322335198022957,False
1583,B1,ai_severe_prediction,0.7322335198022957,True
1583,C1,ai_severe_prediction,0.7322335198022957,False
1584,B1,ai_severe_prediction,0.7322335198022957,True
1584,C1,ai_severe_prediction,0.7322335198022957,False
1585,B1,ai_severe_prediction,0.7322335198022958,True
1585,C1,ai_severe_prediction,0.7322335198022957,False
1586,B1,ai_severe_prediction,0.7322335198022957,True
1586,C1,ai_severe_prediction,0.7322335198022957,False
1587,B1,ai_severe_prediction,0.7322335198022956,True
1587,C1,ai_severe_prediction,0.7322335198022957,False
1588,B1,ai_severe_prediction,0.7322335198022957,True
1588,C1,ai_severe_prediction,0.7322335198022957,False
1589,B1,ai_severe_prediction,0.7322335198022957,True
1589,C1,ai_severe_prediction,0.7322335198022957,False
1590,B1,ai_severe_prediction,0.7322335198022956,True
1590,C1,ai_severe_prediction,0.7322335198022957,False
1591,B1,ai_severe_prediction,0.7322335198022957,True
1591,C1,ai_severe_prediction,0.7322335198022957,False
1592,B1,ai_severe_prediction,0.7322335198022956,True
1592,C1,ai_severe_prediction,0.7322335198022957,False
1593,B1,ai_severe_prediction,0.7322335198022957,True
1593,C1,ai_severe_prediction,0.7322335198022957,False
1594,B1,ai_severe_prediction,0.7322335198022957,True
1594,C1,ai_severe_prediction,0.7322335198022957,False
1595,B1,ai_severe_prediction,0.7322335198022957,True
1595,C1,ai_severe_prediction,0.7322335198022957,False
1596,B1,ai_severe_prediction,0.7322335198022957,True
1596,C1,ai_severe_prediction,0.7322335198022957,False
1597,B1,ai_severe_prediction,0.7322335198022957,True
1597,C1,ai_severe_prediction,0.7322335198022956,False
1598,B1,ai_severe_prediction,0.7322335198022957,True
1598,C1,ai_severe_prediction,0.7322335198022957,False
1599,B1,ai_severe_prediction,0.7322335198022957,True
1599,C1,ai_severe_prediction,0.7322335198022957,False
1600,B1,ai_severe_prediction,0.7322335198022957,True
1600,C1,ai_severe_prediction,0.7322335198022957,False
1601,B1,ai_severe_prediction,0.7322335198022957,True
1601,C1,ai_severe_prediction,0.7322335198022957,False
1602,B1,ai_severe_prediction,0.7322335198022957,True
1602,C1,ai_severe_prediction,0.7322335198022957,False
1603,B1,ai_severe_prediction,0.7322335198022957,True
1603,C1,ai_severe_prediction,0.7322335198022957,False
1604,B1,ai_severe_prediction,0.7322335198022957,True
1604,C1,ai_severe_prediction,0.7322335198022957,False
1605,B1,ai_severe_prediction,0.7322335198022957,True
1605,C1,ai_severe_prediction,0.7322335198022957,False
1606,B1,ai_severe_prediction,0.7322335198022957,True
1606,C1,ai_severe_prediction,0.7322335198022957,False
1607,B1,ai_severe_prediction,0.7322335198022957,True
1607,C1,ai_severe_prediction,0.7322335198022957,False
1608,B1,ai_severe_prediction,0.7322335198022956,True
1608,C1,ai_severe_prediction,0.7322335198022957,False
1609,B1,ai_severe_prediction,0.7322335198022957,True
1609,C1,ai_severe_prediction,0.7322335198022957,False
1610,B1,ai_severe_prediction,0.7322335198022957,True
1610,C1,ai_severe_prediction,0.7322335198022957,False
1611,B1,ai_severe_prediction,0.7322335198022958,True
1611,C1,ai_severe_prediction,0.7322335198022957,False
1612,B1,ai_severe_prediction,0.7322335198022957,True
1612,C1,ai_severe_prediction,0.7322335198022957,False
1613,B1,ai_severe_prediction,0.7322335198022956,True
1613,C1,ai_severe_prediction,0.7322335198022957,False
1614,B1,ai_severe_prediction,0.7322335198022957,True
1614,C1,ai_severe_prediction,0.7322335198022957,False
1615,B1,ai_severe_prediction,0.7322335198022957,True
1615,C1,ai_severe_prediction,0.7322335198022957,False
1616,B1,ai_severe_prediction,0.7322335198022957,True
1616,C1,ai_severe_prediction,0.7322335198022957,False
1617,B1,ai_severe_prediction,0.7322335198022957,True
1617,C1,ai_severe_prediction,0.7322335198022957,False
1618,B1,ai_severe_prediction,0.7322335198022957,True
1618,C1,ai_severe_prediction,0.7322335198022957,False
1619,B1,ai_severe_prediction,0.7322335198022957,True
1619,C1,ai_severe_prediction,0.7322335198022957,False
1620,B1,ai_severe_prediction,0.7322335198022957,True
1620,C1,ai_severe_prediction,0.7322335198022957,False
1621,B1,ai_severe_prediction,0.7322335198022957,True
1621,C1,ai_severe_prediction,0.7322335198022957,False
1622,B1,ai_severe_prediction,0.7322335198022957,True
1622,C1,ai_severe_prediction,0.7322335198022957,False
1623,B1,ai_severe_prediction,0.7322335198022957,True
1623,C1,ai_severe_prediction,0.7322335198022957,False
1624,B1,ai_severe_prediction,0.7322335198022957,True
1624,C1,ai_severe_prediction,0.7322335198022957,False
1625,B1,ai_severe_prediction,0.7322335198022957,True
1625,C1,ai_severe_prediction,0.7322335198022956,False
1626,B1,ai_severe_prediction,0.7322335198022957,True
1626,C1,ai_severe_prediction,0.7322335198022957,False
1627,B1,ai_severe_prediction,0.7322335198022957,True
1627,C1,ai_severe_prediction,0.7322335198022957,False
1628,B1,ai_severe_prediction,0.7322335198022957,True
1628,C1,ai_severe_prediction,0.7322335198022957,False
1629,B1,ai_severe_prediction,0.7322335198022957,True
1629,C1,ai_severe_prediction,0.7322335198022957,False
1630,B1,ai_severe_prediction,0.7322335198022957,True
1630,C1,ai_severe_prediction,0.7322335198022957,False
1631,B1,ai_severe_prediction,0.7322335198022957,True
1631,C1,ai_severe_prediction,0.7322335198022957,False
1632,B1,ai_severe_prediction,0.7322335198022957,True
1632,C1,ai_severe_prediction,0.7322335198022957,False
1633,B1,ai_severe_prediction,0.7322335198022957,True
1633,C1,ai_severe_prediction,0.7322335198022957,False
1634,B1,ai_severe_prediction,0.7322335198022957,True
1634,C1,ai_severe_prediction,0.7322335198022957,False
1635,B1,ai_severe_prediction,0.7322335198022957,True
1635,C1,ai_severe_prediction,0.7322335198022957,False
1636,B1,ai_severe_prediction,0.7322335198022957,True
1636,C1,ai_severe_prediction,0.7322335198022957,False
1637,B1,ai_severe_prediction,0.7322335198022957,True
1637,C1,ai_severe_prediction,0.7322335198022957,False
1638,B1,ai_severe_prediction,0.7322335198022957,True
1638,C1,ai_severe_prediction,0.7322335198022957,False
1639,B1,ai_severe_prediction,0.7322335198022957,True
1639,C1,ai_severe_prediction,0.7322335198022957,False
1640,B1,ai_severe_prediction,0.7322335198022957,True
1640,C1,ai_severe_prediction,0.7322335198022957,False
1641,B1,ai_severe_prediction,0.7322335198022957,True
1641,C1,ai_severe_prediction,0.7322335198022957,False
1642,B1,ai_severe_prediction,0.7322335198022957,True
1642,C1,ai_severe_prediction,0.7322335198022957,False
1643,B1,ai_severe_prediction,0.7322335198022957,True
1643,C1,ai_severe_prediction,0.7322335198022957,False
1644,B1,ai_severe_prediction,0.7322335198022957,True
1644,C1,ai_severe_prediction,0.7322335198022957,False
1645,B1,ai_severe_prediction,0.7322335198022957,True
1645,C1,ai_severe_prediction,0.7322335198022957,False
1646,B1,ai_severe_prediction,0.7322335198022957,True
1646,C1,ai_severe_prediction,0.7322335198022957,False
1647,B1,ai_severe_prediction,0.7322335198022957,True
1647,C1,ai_severe_prediction,0.7322335198022957,False
1648,B1,ai_severe_prediction,0.7322335198022957,True
1648,C1,ai_severe_prediction,0.7322335198022957,False
1649,B1,ai_severe_prediction,0.7322335198022957,True
1649,C1,ai_severe_prediction,0.7322335198022957,False
1650,B1,ai_severe_prediction,0.7322335198022957,True
1650,C1,ai_severe_prediction,0.7322335198022957,False
1651,B1,ai_severe_prediction,0.7322335198022957,True
1651,C1,ai_severe_prediction,0.7322335198022956,False
1652,B1,ai_severe_prediction,0.7322335198022957,True
1652,C1,ai_severe_prediction,0.7322335198022957,False
1653,B1,ai_severe_prediction,0.7322335198022957,True
1653,C1,ai_severe_prediction,0.7322335198022957,False
1654,B1,ai_severe_prediction,0.7322335198022957,True
1654,C1,ai_severe_prediction,0.7322335198022957,False
1655,B1,ai_severe_prediction,0.7322335198022957,True
1655,C1,ai_severe_prediction,0.7322335198022957,False
1656,B1,ai_severe_prediction,0.7322335198022957,True
1656,C1,ai_severe_prediction,0.7322335198022957,False
1657,B1,ai_severe_prediction,0.7322335198022957,True
1657,C1,ai_severe_prediction,0.7322335198022957,False
1658,B1,ai_severe_prediction,0.7322335198022957,True
1658,C1,ai_severe_prediction,0.7322335198022957,False
1659,B1,ai_severe_prediction,0.7322335198022957,True
1659,C1,ai_severe_prediction,0.7322335198022957,False
1660,B1,ai_severe_prediction,0.7322335198022957,True
1660,C1,ai_severe_prediction,0.7322335198022957,False
1661,B1,ai_severe_prediction,0.7322335198022957,True
1661,C1,ai_severe_prediction,0.7322335198022957,False
1662,B1,ai_severe_prediction,0.7322335198022957,True
1662,C1,ai_severe_prediction,0.7322335198022957,False
1663,B1,ai_severe_prediction,0.7322335198022957,True
1663,C1,ai_severe_prediction,0.7322335198022957,False
1664,B1,ai_severe_prediction,0.7322335198022957,True
1664,C1,ai_severe_prediction,0.7322335198022957,False
1665,B1,ai_severe_prediction,0.7322335198022957,True
1665,C1,ai_severe_prediction,0.7322335198022957,False
1666,B1,ai_severe_prediction,0.7322335198022957,True
1666,C1,ai_severe_prediction,0.7322335198022957,False
1667,B1,ai_severe_prediction,0.7322335198022957,True
1667,C1,ai_severe_prediction,0.7322335198022957,False
1668,B1,ai_severe_prediction,0.7322335198022957,True
1668,C1,ai_severe_prediction,0.7322335198022957,False
1669,B1,ai_severe_prediction,0.7322335198022957,True
1669,C1,ai_severe_prediction,0.7322335198022957,False
1670,B1,ai_severe_prediction,0.7322335198022957,True
1670,C1,ai_severe_prediction,0.7322335198022957,False
1671,B1,ai_severe_prediction,0.7322335198022957,True
1671,C1,ai_severe_prediction,0.7322335198022957,False
1672,B1,ai_severe_prediction,0.7322335198022957,True
1672,C1,ai_severe_prediction,0.7322335198022957,False
1673,B1,ai_severe_prediction,0.7322335198022957,True
1673,C1,ai_severe_prediction,0.7322335198022957,False
1674,B1,ai_severe_prediction,0.7322335198022957,True
1674,C1,ai_severe_prediction,0.7322335198022957,False
1675,B1,ai_severe_prediction,0.7322335198022957,True
1675,C1,ai_severe_prediction,0.7322335198022957,False
1676,B1,ai_severe_prediction,0.7322335198022956,True
1676,C1,ai_severe_prediction,0.7322335198022957,False
1677,B1,ai_severe_prediction,0.7322335198022956,True
1677,C1,ai_severe_prediction,0.7322335198022957,False
1678,B1,ai_severe_prediction,0.7322335198022957,True
1678,C1,ai_severe_prediction,0.7322335198022957,False
1679,B1,ai_severe_prediction,0.7322335198022957,True
1679,C1,ai_severe_prediction,0.7322335198022957,False
1680,B1,ai_severe_prediction,0.7322335198022957,True
1680,C1,ai_severe_prediction,0.7322335198022957,False
1681,B1,ai_severe_prediction,0.7322335198022957,True
1681,C1,ai_severe_prediction,0.7322335198022957,False
1682,B1,ai_severe_prediction,0.7322335198022957,True
1682,C1,ai_severe_prediction,0.7322335198022957,False
1683,B1,ai_severe_prediction,0.7322335198022957,True
1683,C1,ai_severe_prediction,0.7322335198022957,False
1684,B1,ai_severe_prediction,0.7322335198022956,True
1684,C1,ai_severe_prediction,0.7322335198022957,False
1685,B1,ai_severe_prediction,0.7322335198022957,True
1685,C1,ai_severe_prediction,0.7322335198022957,False
1686,B1,ai_severe_prediction,0.7322335198022957,True
1686,C1,ai_severe_prediction,0.7322335198022957,False
1687,B1,ai_severe_prediction,0.7322335198022957,True
1687,C1,ai_severe_prediction,0.7322335198022957,False
1688,B1,ai_severe_prediction,0.7322335198022956,True
1688,C1,ai_severe_prediction,0.7322335198022957,False
1689,B1,ai_severe_prediction,0.7322335198022957,True
1689,C1,ai_severe_prediction,0.7322335198022957,False
1690,B1,ai_severe_prediction,0.7322335198022956,True
1690,C1,ai_severe_prediction,0.7322335198022957,False
1691,B1,ai_severe_prediction,0.7322335198022956,True
1691,C1,ai_severe_prediction,0.7322335198022957,False
1692,B1,ai_severe_prediction,0.7322335198022957,True
1692,C1,ai_severe_prediction,0.7322335198022957,False
1693,B1,ai_severe_prediction,0.7322335198022957,True
1693,C1,ai_severe_prediction,0.7322335198022957,False
1694,B1,ai_severe_prediction,0.7322335198022957,True
1694,C1,ai_severe_prediction,0.7322335198022957,False
1695,B1,ai_severe_prediction,0.7322335198022957,True
1695,C1,ai_severe_prediction,0.7322335198022957,False
1696,B1,ai_severe_prediction,0.7322335198022957,True
1696,C1,ai_severe_prediction,0.7322335198022957,False
1697,B1,ai_severe_prediction,0.7322335198022957,True
1697,C1,ai_severe_prediction,0.7322335198022957,False
1698,B1,ai_severe_prediction,0.7322335198022957,True
1698,C1,ai_severe_prediction,0.7322335198022957,False
1699,B1,ai_severe_prediction,0.7322335198022957,True
1699,C1,ai_severe_prediction,0.7322335198022957,False
1700,B1,ai_severe_prediction,0.7322335198022957,True
1700,C1,ai_severe_prediction,0.7322335198022957,False
1701,B1,ai_severe_prediction,0.7322335198022957,True
1701,C1,ai_severe_prediction,0.7322335198022957,False
1702,B1,ai_severe_prediction,0.7322335198022956,True
1702,C1,ai_severe_prediction,0.7322335198022956,False
1703,B1,ai_severe_prediction,0.7322335198022956,True
1703,C1,ai_severe_prediction,0.7322335198022957,False
1704,B1,ai_severe_prediction,0.7322335198022957,True
1704,C1,ai_severe_prediction,0.7322335198022957,False
1705,B1,ai_severe_prediction,0.7322335198022957,True
1705,C1,ai_severe_prediction,0.7322335198022957,False
1706,B1,ai_severe_prediction,0.7322335198022957,True
1706,C1,ai_severe_prediction,0.7322335198022957,False
1707,B1,ai_severe_prediction,0.7322335198022957,True
1707,C1,ai_severe_prediction,0.7322335198022957,False
1708,B1,ai_severe_prediction,0.7322335198022957,True
1708,C1,ai_severe_prediction,0.7322335198022957,False
1709,B1,ai_severe_prediction,0.7322335198022957,True
1709,C1,ai_severe_prediction,0.7322335198022957,False
1710,B1,ai_severe_prediction,0.7322335198022957,True
1710,C1,ai_severe_prediction,0.7322335198022957,False
1711,B1,ai_severe_prediction,0.7322335198022957,True
1711,C1,ai_severe_prediction,0.7322335198022957,False
1712,B1,ai_severe_prediction,0.7322335198022957,True
1712,C1,ai_severe_prediction,0.7322335198022957,False
1713,B1,ai_severe_prediction,0.7322335198022957,True
1713,C1,ai_severe_prediction,0.7322335198022957,False
1714,B1,ai_severe_prediction,0.7322335198022957,True
1714,C1,ai_severe_prediction,0.7322335198022957,False
1715,B1,ai_severe_prediction,0.7322335198022957,True
1715,C1,ai_severe_prediction,0.7322335198022957,False
1716,B1,ai_severe_prediction,0.7322335198022957,True
1716,C1,ai_severe_prediction,0.7322335198022957,False
1717,B1,ai_severe_prediction,0.7322335198022957,True
1717,C1,ai_severe_prediction,0.7322335198022957,False
1718,B1,ai_severe_prediction,0.7322335198022957,True
1718,C1,ai_severe_prediction,0.7322335198022957,False
1719,B1,ai_severe_prediction,0.7322335198022957,True
1719,C1,ai_severe_prediction,0.7322335198022957,False
1720,B1,ai_severe_prediction,0.7322335198022957,True
1720,C1,ai_severe_prediction,0.7322335198022957,False
1721,B1,ai_severe_prediction,0.7322335198022956,True
1721,C1,ai_severe_prediction,0.7322335198022957,False
1722,B1,ai_severe_prediction,0.7322335198022957,True
1722,C1,ai_severe_prediction,0.7322335198022957,False
1723,B1,ai_severe_prediction,0.7322335198022957,True
1723,C1,ai_severe_prediction,0.7322335198022957,False
1724,B1,ai_severe_prediction,0.7322335198022957,True
1724,C1,ai_severe_prediction,0.7322335198022957,False
1725,B1,ai_severe_prediction,0.7322335198022957,True
1725,C1,ai_severe_prediction,0.7322335198022957,False
1726,B1,ai_severe_prediction,0.7322335198022957,True
1726,C1,ai_severe_prediction,0.7322335198022957,False
1727,B1,ai_severe_prediction,0.7322335198022957,True
1727,C1,ai_severe_prediction,0.7322335198022957,False
1728,B1,ai_severe_prediction,0.7322335198022957,True
1728,C1,ai_severe_prediction,0.7322335198022957,False
1729,B1,ai_severe_prediction,0.7322335198022957,True
1729,C1,ai_severe_prediction,0.7322335198022957,False
1730,B1,ai_severe_prediction,0.7322335198022957,True
1730,C1,ai_severe_prediction,0.7322335198022957,False
1731,B1,ai_severe_prediction,0.7322335198022957,True
1731,C1,ai_severe_prediction,0.7322335198022957,False
1732,B1,ai_severe_prediction,0.7322335198022957,True
1732,C1,ai_severe_prediction,0.7322335198022957,False
1733,B1,ai_severe_prediction,0.7322335198022957,True
1733,C1,ai_severe_prediction,0.7322335198022956,False
1734,B1,ai_severe_prediction,0.7322335198022957,True
1734,C1,ai_severe_prediction,0.7322335198022957,False
1735,B1,ai_severe_prediction,0.7322335198022957,True
1735,C1,ai_severe_prediction,0.7322335198022957,False
1736,B1,ai_severe_prediction,0.7322335198022957,True
1736,C1,ai_severe_prediction,0.7322335198022957,False
1737,B1,ai_severe_prediction,0.7322335198022957,True
1737,C1,ai_severe_prediction,0.7322335198022957,False
1738,B1,ai_severe_prediction,0.7322335198022957,True
1738,C1,ai_severe_prediction,0.7322335198022957,False
1739,B1,ai_severe_prediction,0.7322335198022957,True
1739,C1,ai_severe_prediction,0.7322335198022957,False
1740,B1,ai_severe_prediction,0.7322335198022957,True
1740,C1,ai_severe_prediction,0.7322335198022957,False
1741,B1,ai_severe_prediction,0.7322335198022957,True
1741,C1,ai_severe_prediction,0.7322335198022957,False
1742,B1,ai_severe_prediction,0.7322335198022957,True
1742,C1,ai_severe_prediction,0.7322335198022957,False
1743,B1,ai_severe_prediction,0.7322335198022957,True
1743,C1,ai_severe_prediction,0.7322335198022957,False
1744,B1,ai_severe_prediction,0.7322335198022957,True
1744,C1,ai_severe_prediction,0.7322335198022957,False
1745,B1,ai_severe_prediction,0.7322335198022957,True
1745,C1,ai_severe_prediction,0.7322335198022957,False
1746,B1,ai_severe_prediction,0.7322335198022957,True
1746,C1,ai_severe_prediction,0.7322335198022957,False
1747,B1,ai_severe_prediction,0.7322335198022957,True
1747,C1,ai_severe_prediction,0.7322335198022957,False
1748,B1,ai_severe_prediction,0.7322335198022957,True
1748,C1,ai_severe_prediction,0.7322335198022957,False
1749,B1,ai_severe_prediction,0.7322335198022957,True
1749,C1,ai_severe_prediction,0.7322335198022957,False
1750,B1,ai_severe_prediction,0.7322335198022957,True
1750,C1,ai_severe_prediction,0.7322335198022957,False
1751,B1,ai_severe_prediction,0.7322335198022957,True
1751,C1,ai_severe_prediction,0.7322335198022956,False
1752,B1,ai_severe_prediction,0.7322335198022957,True
1752,C1,ai_severe_prediction,0.7322335198022957,False
1753,B1,ai_severe_prediction,0.7322335198022956,True
1753,C1,ai_severe_prediction,0.7322335198022957,False
1754,B1,ai_severe_prediction,0.7322335198022957,True
1754,C1,ai_severe_prediction,0.7322335198022957,False
1755,B1,ai_severe_prediction,0.7322335198022957,True
1755,C1,ai_severe_prediction,0.7322335198022957,False
1756,B1,ai_severe_prediction,0.7322335198022957,True
1756,C1,ai_severe_prediction,0.7322335198022957,False
1757,B1,ai_severe_prediction,0.7322335198022957,True
1757,C1,ai_severe_prediction,0.7322335198022957,False
1758,B1,ai_severe_prediction,0.7322335198022957,True
1758,C1,ai_severe_prediction,0.7322335198022957,False
1759,B1,ai_severe_prediction,0.7322335198022957,True
1759,C1,ai_severe_prediction,0.7322335198022957,False
1760,B1,ai_severe_prediction,0.7322335198022957,True
1760,C1,ai_severe_prediction,0.7322335198022957,False
1761,B1,ai_severe_prediction,0.7322335198022957,True
1761,C1,ai_severe_prediction,0.7322335198022957,False
1762,B1,ai_severe_prediction,0.7322335198022957,True
1762,C1,ai_severe_prediction,0.7322335198022956,False
1763,B1,ai_severe_prediction,0.7322335198022957,True
1763,C1,ai_severe_prediction,0.7322335198022957,False
1764,B1,ai_severe_prediction,0.7322335198022957,True
1764,C1,ai_severe_prediction,0.7322335198022957,False
1765,B1,ai_severe_prediction,0.7322335198022957,True
1765,C1,ai_severe_prediction,0.7322335198022957,False
1766,B1,ai_severe_prediction,0.7322335198022957,True
1766,C1,ai_severe_prediction,0.7322335198022957,False
1767,B1,ai_severe_prediction,0.7322335198022957,True
1767,C1,ai_severe_prediction,0.7322335198022957,False
1768,B1,ai_severe_prediction,0.7322335198022957,True
1768,C1,ai_severe_prediction,0.7322335198022957,False
1769,B1,ai_severe_prediction,0.7322335198022957,True
1769,C1,ai_severe_prediction,0.7322335198022957,False
1770,B1,ai_severe_prediction,0.7322335198022957,True
1770,C1,ai_severe_prediction,0.7322335198022957,False
1771,B1,ai_severe_prediction,0.7322335198022957,True
1771,C1,ai_severe_prediction,0.7322335198022957,False
1772,B1,ai_severe_prediction,0.7322335198022957,True
1772,C1,ai_severe_prediction,0.7322335198022957,False
1773,B1,ai_severe_prediction,0.7322335198022957,True
1773,C1,ai_severe_prediction,0.7322335198022957,False
1774,B1,ai_severe_prediction,0.7322335198022957,True
1774,C1,ai_severe_prediction,0.7322335198022957,False
1775,B1,ai_severe_prediction,0.7322335198022957,True
1775,C1,ai_severe_prediction,0.7322335198022957,False
1776,B1,ai_severe_prediction,0.7322335198022957,True
1776,C1,ai_severe_prediction,0.7322335198022956,False
1777,B1,ai_severe_prediction,0.7322335198022957,True
1777,C1,ai_severe_prediction,0.7322335198022957,False
1778,B1,ai_severe_prediction,0.7322335198022957,True
1778,C1,ai_severe_prediction,0.7322335198022957,False
1779,B1,ai_severe_prediction,0.7322335198022957,True
1779,C1,ai_severe_prediction,0.7322335198022957,False
1780,B1,ai_severe_prediction,0.7322335198022957,True
1780,C1,ai_severe_prediction,0.7322335198022957,False
1781,B1,ai_severe_prediction,0.7322335198022957,True
1781,C1,ai_severe_prediction,0.7322335198022957,False
1782,B1,ai_severe_prediction,0.7322335198022957,True
1782,C1,ai_severe_prediction,0.7322335198022957,False
1783,B1,ai_severe_prediction,0.7322335198022957,True
1783,C1,ai_severe_prediction,0.7322335198022957,False
1784,B1,ai_severe_prediction,0.7322335198022957,True
1784,C1,ai_severe_prediction,0.7322335198022957,False
1785,B1,ai_severe_prediction,0.7322335198022957,True
1785,C1,ai_severe_prediction,0.7322335198022957,False
1786,B1,ai_severe_prediction,0.7322335198022957,True
1786,C1,ai_severe_prediction,0.7322335198022957,False
1787,B1,ai_severe_prediction,0.7322335198022957,True
1787,C1,ai_severe_prediction,0.7322335198022957,False
1788,B1,ai_severe_prediction,0.7322335198022957,True
1788,C1,ai_severe_prediction,0.7322335198022957,False
1789,B1,ai_severe_prediction,0.7322335198022957,True
1789,C1,ai_severe_prediction,0.7322335198022957,False
1790,B1,ai_severe_prediction,0.7322335198022957,True
1790,C1,ai_severe_prediction,0.7322335198022957,False
1791,B1,ai_severe_prediction,0.7322335198022957,True
1791,C1,ai_severe_prediction,0.7322335198022957,False
1792,B1,ai_severe_prediction,0.7322335198022957,True
1792,C1,ai_severe_prediction,0.7322335198022957,False
1793,B1,ai_severe_prediction,0.7322335198022957,True
1793,C1,ai_severe_prediction,0.7322335198022957,False
1794,B1,ai_severe_prediction,0.7322335198022956,True
1794,C1,ai_severe_prediction,0.7322335198022957,False
1795,B1,ai_severe_prediction,0.7322335198022957,True
1795,C1,ai_severe_prediction,0.7322335198022957,False
1796,B1,ai_severe_prediction,0.7322335198022957,True
1796,C1,ai_severe_prediction,0.7322335198022957,False
1797,B1,ai_severe_prediction,0.7322335198022957,True
1797,C1,ai_severe_prediction,0.7322335198022957,False
1798,B1,ai_severe_prediction,0.7322335198022957,True
1798,C1,ai_severe_prediction,0.7322335198022957,False
1799,B1,ai_severe_prediction,0.7322335198022957,True
1799,C1,ai_severe_prediction,0.7322335198022957,False
1800,B1,ai_severe_prediction,0.7322335198022957,True
1800,C1,ai_severe_prediction,0.7322335198022957,False
1801,B1,ai_severe_prediction,0.7322335198022957,True
1801,C1,ai_severe_prediction,0.7322335198022957,False
1802,B1,ai_severe_prediction,0.7322335198022957,True
1802,C1,ai_severe_prediction,0.7322335198022957,False
1803,B1,ai_severe_prediction,0.7322335198022957,True
1803,C1,ai_severe_prediction,0.7322335198022957,False
1804,B1,ai_severe_prediction,0.7322335198022957,True
1804,C1,ai_severe_prediction,0.7322335198022957,False
1805,B1,ai_severe_prediction,0.7322335198022957,True
1805,C1,ai_severe_prediction,0.7322335198022957,False
1806,B1,ai_severe_prediction,0.7322335198022957,True
1806,C1,ai_severe_prediction,0.7322335198022957,False
1807,B1,ai_severe_prediction,0.7322335198022957,True
1807,C1,ai_severe_prediction,0.7322335198022957,False
1808,B1,ai_severe_prediction,0.7322335198022957,True
1808,C1,ai_severe_prediction,0.7322335198022957,False
1809,B1,ai_severe_prediction,0.7322335198022957,True
1809,C1,ai_severe_prediction,0.7322335198022957,False
1810,B1,ai_severe_prediction,0.7322335198022957,True
1810,C1,ai_severe_prediction,0.7322335198022957,False
1811,B1,ai_severe_prediction,0.7322335198022957,True
1811,C1,ai_severe_prediction,0.7322335198022957,False
1812,B1,ai_severe_prediction,0.7322335198022957,True
1812,C1,ai_severe_prediction,0.7322335198022957,False
1813,B1,ai_severe_prediction,0.7322335198022957,True
1813,C1,ai_severe_prediction,0.7322335198022957,False
1814,B1,ai_severe_prediction,0.7322335198022957,True
1814,C1,ai_severe_prediction,0.7322335198022957,False
1815,B1,ai_severe_prediction,0.7322335198022957,True
1815,C1,ai_severe_prediction,0.7322335198022957,False
1816,B1,ai_severe_prediction,0.7322335198022957,True
1816,C1,ai_severe_prediction,0.7322335198022957,False
1817,B1,ai_severe_prediction,0.7322335198022957,True
1817,C1,ai_severe_prediction,0.7322335198022957,False
1818,B1,ai_severe_prediction,0.7322335198022957,True
1818,C1,ai_severe_prediction,0.7322335198022957,False
1819,B1,ai_severe_prediction,0.7322335198022957,True
1819,C1,ai_severe_prediction,0.7322335198022957,False
1820,B1,ai_severe_prediction,0.7322335198022957,True
1820,C1,ai_severe_prediction,0.7322335198022957,False
1821,B1,ai_severe_prediction,0.7322335198022957,True
1821,C1,ai_severe_prediction,0.7322335198022957,False
1822,B1,ai_severe_prediction,0.7322335198022957,True
1822,C1,ai_severe_prediction,0.7322335198022957,False
1823,B1,ai_severe_prediction,0.7322335198022957,True
1823,C1,ai_severe_prediction,0.7322335198022957,False
1824,B1,ai_severe_prediction,0.7322335198022956,True
1824,C1,ai_severe_prediction,0.7322335198022957,False
1825,B1,ai_severe_prediction,0.7322335198022957,True
1825,C1,ai_severe_prediction,0.7322335198022957,False
1826,B1,ai_severe_prediction,0.7322335198022957,True
1826,C1,ai_severe_prediction,0.7322335198022957,False
1827,B1,ai_severe_prediction,0.7322335198022957,True
1827,C1,ai_severe_prediction,0.7322335198022957,False
1828,B1,ai_severe_prediction,0.7322335198022957,True
1828,C1,ai_severe_prediction,0.7322335198022957,False
1829,B1,ai_severe_prediction,0.7322335198022957,True
1829,C1,ai_severe_prediction,0.7322335198022957,False
1830,B1,ai_severe_prediction,0.7322335198022957,True
1830,C1,ai_severe_prediction,0.7322335198022957,False
1831,B1,ai_severe_prediction,0.7322335198022957,True
1831,C1,ai_severe_prediction,0.7322335198022957,False
1832,B1,ai_severe_prediction,0.7322335198022957,True
1832,C1,ai_severe_prediction,0.7322335198022957,False
1833,B1,ai_severe_prediction,0.7322335198022957,True
1833,C1,ai_severe_prediction,0.7322335198022957,False
1834,B1,ai_severe_prediction,0.7322335198022957,True
1834,C1,ai_severe_prediction,0.7322335198022957,False
1835,B1,ai_severe_prediction,0.7322335198022957,True
1835,C1,ai_severe_prediction,0.7322335198022956,False
1836,B1,ai_severe_prediction,0.7322335198022957,True
1836,C1,ai_severe_prediction,0.7322335198022956,False
1837,B1,ai_severe_prediction,0.7322335198022957,True
1837,C1,ai_severe_prediction,0.7322335198022956,False
1838,B1,ai_severe_prediction,0.7322335198022958,True
1838,C1,ai_severe_prediction,0.7322335198022957,False
1839,B1,ai_severe_prediction,0.7322335198022956,True
1839,C1,ai_severe_prediction,0.7322335198022957,False
1840,B1,ai_severe_prediction,0.7322335198022957,True
1840,C1,ai_severe_prediction,0.7322335198022957,False
1841,B1,ai_severe_prediction,0.7322335198022957,True
1841,C1,ai_severe_prediction,0.7322335198022957,False
1842,B1,ai_severe_prediction,0.7322335198022957,True
1842,C1,ai_severe_prediction,0.7322335198022957,False
1843,B1,ai_severe_prediction,0.7322335198022957,True
1843,C1,ai_severe_prediction,0.7322335198022957,False
1844,B1,ai_severe_prediction,0.7322335198022957,True
1844,C1,ai_severe_prediction,0.7322335198022957,False
1845,B1,ai_severe_prediction,0.7322335198022957,True
1845,C1,ai_severe_prediction,0.7322335198022957,False
1846,B1,ai_severe_prediction,0.7322335198022957,True
1846,C1,ai_severe_prediction,0.7322335198022957,False
1847,B1,ai_severe_prediction,0.7322335198022957,True
1847,C1,ai_severe_prediction,0.7322335198022957,False
1848,B1,ai_severe_prediction,0.7322335198022957,True
1848,C1,ai_severe_prediction,0.7322335198022957,False
1849,B1,ai_severe_prediction,0.7322335198022957,True
1849,C1,ai_severe_prediction,0.7322335198022957,False
1850,B1,ai_severe_prediction,0.7322335198022957,True
1850,C1,ai_severe_prediction,0.7322335198022957,False
1851,B1,ai_severe_prediction,0.7322335198022957,True
1851,C1,ai_severe_prediction,0.7322335198022957,False
1852,B1,ai_severe_prediction,0.7322335198022957,True
1852,C1,ai_severe_prediction,0.7322335198022957,False
1853,B1,ai_severe_prediction,0.7322335198022957,True
1853,C1,ai_severe_prediction,0.7322335198022957,False
1854,B1,ai_severe_prediction,0.7322335198022957,True
1854,C1,ai_severe_prediction,0.7322335198022957,False
1855,B1,ai_severe_prediction,0.7322335198022957,True
1855,C1,ai_severe_prediction,0.7322335198022957,False
1856,B1,ai_severe_prediction,0.7322335198022957,True
1856,C1,ai_severe_prediction,0.7322335198022957,False
1857,B1,ai_severe_prediction,0.7322335198022957,True
1857,C1,ai_severe_prediction,0.7322335198022957,False
1858,B1,ai_severe_prediction,0.7322335198022957,True
1858,C1,ai_severe_prediction,0.7322335198022957,False
1859,B1,ai_severe_prediction,0.7322335198022957,True
1859,C1,ai_severe_prediction,0.7322335198022957,False
1860,B1,ai_severe_prediction,0.7322335198022957,True
1860,C1,ai_severe_prediction,0.7322335198022957,False
1861,B1,ai_severe_prediction,0.7322335198022957,True
1861,C1,ai_severe_prediction,0.7322335198022957,False
1862,B1,ai_severe_prediction,0.7322335198022957,True
1862,C1,ai_severe_prediction,0.7322335198022957,False
1863,B1,ai_severe_prediction,0.7322335198022957,True
1863,C1,ai_severe_prediction,0.7322335198022957,False
1864,B1,ai_severe_prediction,0.7322335198022957,True
1864,C1,ai_severe_prediction,0.7322335198022957,False
1865,B1,ai_severe_prediction,0.7322335198022957,True
1865,C1,ai_severe_prediction,0.7322335198022957,False
1866,B1,ai_severe_prediction,0.7322335198022957,True
1866,C1,ai_severe_prediction,0.7322335198022957,False
1867,B1,ai_severe_prediction,0.7322335198022957,True
1867,C1,ai_severe_prediction,0.7322335198022957,False
1868,B1,ai_severe_prediction,0.7322335198022957,True
1868,C1,ai_severe_prediction,0.7322335198022957,False
1869,B1,ai_severe_prediction,0.7322335198022957,True
1869,C1,ai_severe_prediction,0.7322335198022957,False
1870,B1,ai_severe_prediction,0.7322335198022957,True
1870,C1,ai_severe_prediction,0.7322335198022957,False
1871,B1,ai_severe_prediction,0.7322335198022957,True
1871,C1,ai_severe_prediction,0.7322335198022957,False
1872,B1,ai_severe_prediction,0.7322335198022957,True
1872,C1,ai_severe_prediction,0.7322335198022956,False
1873,B1,ai_severe_prediction,0.7322335198022956,True
1873,C1,ai_severe_prediction,0.7322335198022957,False
1874,B1,ai_severe_prediction,0.7322335198022957,True
1874,C1,ai_severe_prediction,0.7322335198022957,False
1875,B1,ai_severe_prediction,0.7322335198022957,True
1875,C1,ai_severe_prediction,0.7322335198022957,False
1876,B1,ai_severe_prediction,0.7322335198022957,True
1876,C1,ai_severe_prediction,0.7322335198022957,False
1877,B1,ai_severe_prediction,0.7322335198022957,True
1877,C1,ai_severe_prediction,0.7322335198022957,False
1878,B1,ai_severe_prediction,0.7322335198022958,True
1878,C1,ai_severe_prediction,0.7322335198022957,False
1879,B1,ai_severe_prediction,0.7322335198022957,True
1879,C1,ai_severe_prediction,0.7322335198022957,False
1880,B1,ai_severe_prediction,0.7322335198022957,True
1880,C1,ai_severe_prediction,0.7322335198022957,False
1881,B1,ai_severe_prediction,0.7322335198022957,True
1881,C1,ai_severe_prediction,0.7322335198022957,False
1882,B1,ai_severe_prediction,0.7322335198022957,True
1882,C1,ai_severe_prediction,0.7322335198022957,False
1883,B1,ai_severe_prediction,0.7322335198022957,True
1883,C1,ai_severe_prediction,0.7322335198022957,False
1884,B1,ai_severe_prediction,0.7322335198022957,True
1884,C1,ai_severe_prediction,0.7322335198022957,False
1885,B1,ai_severe_prediction,0.7322335198022957,True
1885,C1,ai_severe_prediction,0.7322335198022957,False
1886,B1,ai_severe_prediction,0.7322335198022957,True
1886,C1,ai_severe_prediction,0.7322335198022957,False
1887,B1,ai_severe_prediction,0.7322335198022957,True
1887,C1,ai_severe_prediction,0.7322335198022957,False
1888,B1,ai_severe_prediction,0.7322335198022957,True
1888,C1,ai_severe_prediction,0.7322335198022957,False
1889,B1,ai_severe_prediction,0.7322335198022957,True
1889,C1,ai_severe_prediction,0.7322335198022957,False
1890,B1,ai_severe_prediction,0.7322335198022957,True
1890,C1,ai_severe_prediction,0.7322335198022957,False
1891,B1,ai_severe_prediction,0.7322335198022957,True
1891,C1,ai_severe_prediction,0.7322335198022957,False
1892,B1,ai_severe_prediction,0.7322335198022957,True
1892,C1,ai_severe_prediction,0.7322335198022957,False
1893,B1,ai_severe_prediction,0.7322335198022957,True
1893,C1,ai_severe_prediction,0.7322335198022957,False
1894,B1,ai_severe_prediction,0.7322335198022957,True
1894,C1,ai_severe_prediction,0.7322335198022957,False
1895,B1,ai_severe_prediction,0.7322335198022957,True
1895,C1,ai_severe_prediction,0.7322335198022957,False
1896,B1,ai_severe_prediction,0.7322335198022957,True
1896,C1,ai_severe_prediction,0.7322335198022957,False
1897,B1,ai_severe_prediction,0.7322335198022957,True
1897,C1,ai_severe_prediction,0.7322335198022957,False
1898,B1,ai_severe_prediction,0.7322335198022957,True
1898,C1,ai_severe_prediction,0.7322335198022957,False
1899,B1,ai_severe_prediction,0.7322335198022957,True
1899,C1,ai_severe_prediction,0.7322335198022957,False
1900,B1,ai_severe_prediction,0.7322335198022957,True
1900,C1,ai_severe_prediction,0.7322335198022957,False
1901,B1,ai_severe_prediction,0.7322335198022957,True
1901,C1,ai_severe_prediction,0.7322335198022957,False
1902,B1,ai_severe_prediction,0.7322335198022957,True
1902,C1,ai_severe_prediction,0.7322335198022957,False
1903,B1,ai_severe_prediction,0.7322335198022957,True
1903,C1,ai_severe_prediction,0.7322335198022957,False
1904,B1,ai_severe_prediction,0.7322335198022957,True
1904,C1,ai_severe_prediction,0.7322335198022957,False
1905,B1,ai_severe_prediction,0.7322335198022957,True
1905,C1,ai_severe_prediction,0.7322335198022957,False
1906,B1,ai_severe_prediction,0.7322335198022957,True
1906,C1,ai_severe_prediction,0.7322335198022957,False
1907,B1,ai_severe_prediction,0.7322335198022957,True
1907,C1,ai_severe_prediction,0.7322335198022957,False
1908,B1,ai_severe_prediction,0.7322335198022957,True
1908,C1,ai_severe_prediction,0.7322335198022957,False
1909,B1,ai_severe_prediction,0.7322335198022957,True
1909,C1,ai_severe_prediction,0.7322335198022957,False
1910,B1,ai_severe_prediction,0.7322335198022957,True
1910,C1,ai_severe_prediction,0.7322335198022957,False
1911,B1,ai_severe_prediction,0.7322335198022957,True
1911,C1,ai_severe_prediction,0.7322335198022957,False
1912,B1,ai_severe_prediction,0.7322335198022957,True
1912,C1,ai_severe_prediction,0.7322335198022957,False
1913,B1,ai_severe_prediction,0.7322335198022957,True
1913,C1,ai_severe_prediction,0.7322335198022957,False
1914,B1,ai_severe_prediction,0.7322335198022957,True
1914,C1,ai_severe_prediction,0.7322335198022957,False
1915,B1,ai_severe_prediction,0.7322335198022957,True
1915,C1,ai_severe_prediction,0.7322335198022957,False
1916,B1,ai_severe_prediction,0.7322335198022957,True
1916,C1,ai_severe_prediction,0.7322335198022957,False
1917,B1,ai_severe_prediction,0.7322335198022957,True
1917,C1,ai_severe_prediction,0.7322335198022957,False
1918,B1,ai_severe_prediction,0.7322335198022957,True
1918,C1,ai_severe_prediction,0.7322335198022957,False
1919,B1,ai_severe_prediction,0.7322335198022957,True
1919,C1,ai_severe_prediction,0.7322335198022957,False
1920,B1,ai_severe_prediction,0.7322335198022957,True
1920,C1,ai_severe_prediction,0.7322335198022957,False
1921,B1,ai_severe_prediction,0.7322335198022957,True
1921,C1,ai_severe_prediction,0.7322335198022957,False
1922,B1,ai_severe_prediction,0.7322335198022957,True
1922,C1,ai_severe_prediction,0.7322335198022956,False
1923,B1,ai_severe_prediction,0.7322335198022957,True
1923,C1,ai_severe_prediction,0.7322335198022957,False
1924,B1,ai_severe_prediction,0.7322335198022957,True
1924,C1,ai_severe_prediction,0.7322335198022957,False
1925,B1,ai_severe_prediction,0.7322335198022957,True
1925,C1,ai_severe_prediction,0.7322335198022957,False
1926,B1,ai_severe_prediction,0.7322335198022957,True
1926,C1,ai_severe_prediction,0.7322335198022957,False
1927,B1,ai_severe_prediction,0.7322335198022957,True
1927,C1,ai_severe_prediction,0.7322335198022957,False
1928,B1,ai_severe_prediction,0.7322335198022957,True
1928,C1,ai_severe_prediction,0.7322335198022957,False
1929,B1,ai_severe_prediction,0.7322335198022957,True
1929,C1,ai_severe_prediction,0.7322335198022957,False
1930,B1,ai_severe_prediction,0.7322335198022957,True
1930,C1,ai_severe_prediction,0.7322335198022957,False
1931,B1,ai_severe_prediction,0.7322335198022957,True
1931,C1,ai_severe_prediction,0.7322335198022957,False
1932,B1,ai_severe_prediction,0.7322335198022957,True
1932,C1,ai_severe_prediction,0.7322335198022957,False
1933,B1,ai_severe_prediction,0.7322335198022957,True
1933,C1,ai_severe_prediction,0.7322335198022957,False
1934,B1,ai_severe_prediction,0.7322335198022957,True
1934,C1,ai_severe_prediction,0.7322335198022957,False
1935,B1,ai_severe_prediction,0.7322335198022957,True
1935,C1,ai_severe_prediction,0.7322335198022957,False
1936,B1,ai_severe_prediction,0.7322335198022957,True
1936,C1,ai_severe_prediction,0.7322335198022957,False
1937,B1,ai_severe_prediction,0.7322335198022957,True
1937,C1,ai_severe_prediction,0.7322335198022956,False
1938,B1,ai_severe_prediction,0.7322335198022957,True
1938,C1,ai_severe_prediction,0.7322335198022957,False
1939,B1,ai_severe_prediction,0.7322335198022957,True
1939,C1,ai_severe_prediction,0.7322335198022957,False
1940,B1,ai_severe_prediction,0.7322335198022957,True
1940,C1,ai_severe_prediction,0.7322335198022957,False
1941,B1,ai_severe_prediction,0.7322335198022957,True
1941,C1,ai_severe_prediction,0.7322335198022957,False
1942,B1,ai_severe_prediction,0.7322335198022957,True
1942,C1,ai_severe_prediction,0.7322335198022957,False
1943,B1,ai_severe_prediction,0.7322335198022957,True
1943,C1,ai_severe_prediction,0.7322335198022957,False
1944,B1,ai_severe_prediction,0.7322335198022957,True
1944,C1,ai_severe_prediction,0.7322335198022957,False
1945,B1,ai_severe_prediction,0.7322335198022957,True
1945,C1,ai_severe_prediction,0.7322335198022957,False
1946,B1,ai_severe_prediction,0.7322335198022957,True
1946,C1,ai_severe_prediction,0.7322335198022957,False
1947,B1,ai_severe_prediction,0.7322335198022957,True
1947,C1,ai_severe_prediction,0.7322335198022957,False
1948,B1,ai_severe_prediction,0.7322335198022956,True
1948,C1,ai_severe_prediction,0.7322335198022957,False
1949,B1,ai_severe_prediction,0.7322335198022957,True
1949,C1,ai_severe_prediction,0.7322335198022957,False
1950,B1,ai_severe_prediction,0.7322335198022957,True
1950,C1,ai_severe_prediction,0.7322335198022957,False
1951,B1,ai_severe_prediction,0.7322335198022957,True
1951,C1,ai_severe_prediction,0.7322335198022957,False
1952,B1,ai_severe_prediction,0.7322335198022957,True
1952,C1,ai_severe_prediction,0.7322335198022957,False
1953,B1,ai_severe_prediction,0.7322335198022957,True
1953,C1,ai_severe_prediction,0.7322335198022957,False
1954,B1,ai_severe_prediction,0.7322335198022957,True
1954,C1,ai_severe_prediction,0.7322335198022957,False
1955,B1,ai_severe_prediction,0.7322335198022957,True
1955,C1,ai_severe_prediction,0.7322335198022957,False
1956,B1,ai_severe_prediction,0.7322335198022957,True
1956,C1,ai_severe_prediction,0.7322335198022957,False
1957,B1,ai_severe_prediction,0.7322335198022957,True
1957,C1,ai_severe_prediction,0.7322335198022957,False
1958,B1,ai_severe_prediction,0.7322335198022957,True
1958,C1,ai_severe_prediction,0.7322335198022957,False
1959,B1,ai_severe_prediction,0.7322335198022957,True
1959,C1,ai_severe_prediction,0.7322335198022957,False
1960,B1,ai_severe_prediction,0.7322335198022957,True
1960,C1,ai_severe_prediction,0.7322335198022957,False
1961,B1,ai_severe_prediction,0.7322335198022957,True
1961,C1,ai_severe_prediction,0.7322335198022957,False
1962,B1,ai_severe_prediction,0.7322335198022957,True
1962,C1,ai_severe_prediction,0.7322335198022957,False
1963,B1,ai_severe_prediction,0.7322335198022957,True
1963,C1,ai_severe_prediction,0.7322335198022957,False
1964,B1,ai_severe_prediction,0.7322335198022957,True
1964,C1,ai_severe_prediction,0.7322335198022957,False
1965,B1,ai_severe_prediction,0.7322335198022957,True
1965,C1,ai_severe_prediction,0.7322335198022957,False
1966,B1,ai_severe_prediction,0.7322335198022957,True
1966,C1,ai_severe_prediction,0.7322335198022957,False
1967,B1,ai_severe_prediction,0.7322335198022957,True
1967,C1,ai_severe_prediction,0.7322335198022957,False
1968,B1,ai_severe_prediction,0.7322335198022957,True
1968,C1,ai_severe_prediction,0.7322335198022957,False
1969,B1,ai_severe_prediction,0.7322335198022957,True
1969,C1,ai_severe_prediction,0.7322335198022957,False
1970,B1,ai_severe_prediction,0.7322335198022957,True
1970,C1,ai_severe_prediction,0.7322335198022957,False
1971,B1,ai_severe_prediction,0.7322335198022957,True
1971,C1,ai_severe_prediction,0.7322335198022957,False
1972,B1,ai_severe_prediction,0.7322335198022957,True
1972,C1,ai_severe_prediction,0.7322335198022957,False
1973,B1,ai_severe_prediction,0.7322335198022957,True
1973,C1,ai_severe_prediction,0.7322335198022957,False
1974,B1,ai_severe_prediction,0.7322335198022957,True
1974,C1,ai_severe_prediction,0.7322335198022957,False
1975,B1,ai_severe_prediction,0.7322335198022957,True
1975,C1,ai_severe_prediction,0.7322335198022957,False
1976,B1,ai_severe_prediction,0.7322335198022957,True
1976,C1,ai_severe_prediction,0.7322335198022957,False
1977,B1,ai_severe_prediction,0.7322335198022957,True
1977,C1,ai_severe_prediction,0.7322335198022957,False
1978,B1,ai_severe_prediction,0.7322335198022957,True
1978,C1,ai_severe_prediction,0.7322335198022957,False
1979,B1,ai_severe_prediction,0.7322335198022957,True
1979,C1,ai_severe_prediction,0.7322335198022957,False
1980,B1,ai_severe_prediction,0.7323273905785507,True
1980,C1,ai_severe_prediction,0.7323273905785507,False
1981,B1,ai_severe_prediction,0.7323273905785507,True
1981,C1,ai_severe_prediction,0.7323273905785507,False
1982,B1,ai_severe_prediction,0.7323273905785507,True
1982,C1,ai_severe_prediction,0.7323273905785507,False
1983,B1,ai_severe_prediction,0.7323273905785507,True
1983,C1,ai_severe_prediction,0.7323273905785507,False
1984,B1,ai_severe_prediction,0.7323273905785507,True
1984,C1,ai_severe_prediction,0.7323273905785507,False
1985,B1,ai_severe_prediction,0.7323273905785507,True
1985,C1,ai_severe_prediction,0.7323273905785507,False
1986,B1,ai_severe_prediction,0.7323273905785507,True
1986,C1,ai_severe_prediction,0.7323273905785507,False
1987,B1,ai_severe_prediction,0.7323273905785507,True
1987,C1,ai_severe_prediction,0.7323273905785507,False
1988,B1,ai_severe_prediction,0.7323273905785507,True
1988,C1,ai_severe_prediction,0.7323273905785507,False
1989,B1,ai_severe_prediction,0.7323273905785507,True
1989,C1,ai_severe_prediction,0.7323273905785507,False
1990,B1,ai_severe_prediction,0.7323273905785507,True
1990,C1,ai_severe_prediction,0.7323273905785507,False
1991,B1,ai_severe_prediction,0.7323273905785507,True
1991,C1,ai_severe_prediction,0.7323273905785507,False
1992,B1,ai_severe_prediction,0.7323273905785507,True
1992,C1,ai_severe_prediction,0.7323273905785507,False
1993,B1,ai_severe_prediction,0.7323273905785507,True
1993,C1,ai_severe_prediction,0.7323273905785507,False
1994,B1,ai_severe_prediction,0.7323273905785507,True
1994,C1,ai_severe_prediction,0.7323273905785507,False
1995,B1,ai_severe_prediction,0.7323273905785507,True
1995,C1,ai_severe_prediction,0.7323273905785507,False
1996,B1,ai_severe_prediction,0.7323273905785507,True
1996,C1,ai_severe_prediction,0.7323273905785507,False
1997,B1,ai_severe_prediction,0.7323273905785507,True
1997,C1,ai_severe_prediction,0.7323273905785507,False
1998,B1,ai_severe_prediction,0.7323273905785507,True
1998,C1,ai_severe_prediction,0.7323273905785507,False
1999,B1,ai_severe_prediction,0.7323273905785507,True
1999,C1,ai_severe_prediction,0.7323273905785507,False
2000,B1,ai_severe_prediction,0.7323273905785507,True
2000,C1,ai_severe_prediction,0.7323273905785507,False
2001,B1,ai_severe_prediction,0.7323273905785507,True
2001,C1,ai_severe_prediction,0.7323273905785507,False
2002,B1,ai_severe_prediction,0.7323273905785507,True
2002,C1,ai_severe_prediction,0.7323273905785507,False
2003,B1,ai_severe_prediction,0.7323273905785507,True
2003,C1,ai_severe_prediction,0.7323273905785507,False
2004,B1,ai_severe_prediction,0.7323273905785507,True
2004,C1,ai_severe_prediction,0.7323273905785507,False
2005,B1,ai_severe_prediction,0.7323273905785507,True
2005,C1,ai_severe_prediction,0.7323273905785507,False
2006,B1,ai_severe_prediction,0.7323273905785509,True
2006,C1,ai_severe_prediction,0.7323273905785507,False
2007,B1,ai_severe_prediction,0.7323273905785509,True
2007,C1,ai_severe_prediction,0.7323273905785507,False
2008,B1,ai_severe_prediction,0.7323273905785507,True
2008,C1,ai_severe_prediction,0.7323273905785507,False
2009,B1,ai_severe_prediction,0.7323273905785507,True
2009,C1,ai_severe_prediction,0.7323273905785507,False
2010,B1,ai_severe_prediction,0.7323273905785507,True
2010,C1,ai_severe_prediction,0.7323273905785507,False
2011,B1,ai_severe_prediction,0.7323273905785507,True
2011,C1,ai_severe_prediction,0.7323273905785507,False
2012,B1,ai_severe_prediction,0.7323273905785507,True
2012,C1,ai_severe_prediction,0.7323273905785507,False
2013,B1,ai_severe_prediction,0.7323273905785507,True
2013,C1,ai_severe_prediction,0.7323273905785507,False
2014,B1,ai_severe_prediction,0.7323273905785507,True
2014,C1,ai_severe_prediction,0.7323273905785507,False
2015,B1,ai_severe_prediction,0.7323273905785507,True
2015,C1,ai_severe_prediction,0.7323273905785507,False
2016,B1,ai_severe_prediction,0.7323273905785507,True
2016,C1,ai_severe_prediction,0.7323273905785507,False
2017,B1,ai_severe_prediction,0.7323273905785507,True
2017,C1,ai_severe_prediction,0.7323273905785507,False
2018,B1,ai_severe_prediction,0.7323273905785507,True
2018,C1,ai_severe_prediction,0.7323273905785507,False
2019,B1,ai_severe_prediction,0.7323273905785507,True
2019,C1,ai_severe_prediction,0.7323273905785507,False
2020,B1,ai_severe_prediction,0.7323273905785507,True
2020,C1,ai_severe_prediction,0.7323273905785507,False
2021,B1,ai_severe_prediction,0.7323273905785507,True
2021,C1,ai_severe_prediction,0.7323273905785507,False
2022,B1,ai_severe_prediction,0.7323273905785507,True
2022,C1,ai_severe_prediction,0.7323273905785507,False
2023,B1,ai_severe_prediction,0.7323273905785507,True
2023,C1,ai_severe_prediction,0.7323273905785507,False
2024,B1,ai_severe_prediction,0.7323273905785507,True
2024,C1,ai_severe_prediction,0.7323273905785507,False
2025,B1,ai_severe_prediction,0.7323273905785507,True
2025,C1,ai_severe_prediction,0.7323273905785507,False
2026,B1,ai_severe_prediction,0.7323273905785507,True
2026,C1,ai_severe_prediction,0.7323273905785507,False
2027,B1,ai_severe_prediction,0.7323273905785507,True
2027,C1,ai_severe_prediction,0.7323273905785507,False
2028,B1,ai_severe_prediction,0.7323273905785507,True
2028,C1,ai_severe_prediction,0.7323273905785507,False
2029,B1,ai_severe_prediction,0.7323273905785507,True
2029,C1,ai_severe_prediction,0.7323273905785507,False
2030,B1,ai_severe_prediction,0.7323273905785507,True
2030,C1,ai_severe_prediction,0.7323273905785507,False
2031,B1,ai_severe_prediction,0.7323273905785507,True
2031,C1,ai_severe_prediction,0.7323273905785507,False
2032,B1,ai_severe_prediction,0.7323273905785507,True
2032,C1,ai_severe_prediction,0.7323273905785507,False
2033,B1,ai_severe_prediction,0.7323273905785507,True
2033,C1,ai_severe_prediction,0.7323273905785507,False
2034,B1,ai_severe_prediction,0.7323273905785507,True
2034,C1,ai_severe_prediction,0.7323273905785507,False
2035,B1,ai_severe_prediction,0.7323273905785507,True
2035,C1,ai_severe_prediction,0.7323273905785507,False
2036,B1,ai_severe_prediction,0.7323273905785507,True
2036,C1,ai_severe_prediction,0.7323273905785507,False
2037,B1,ai_severe_prediction,0.7323273905785507,True
2037,C1,ai_severe_prediction,0.7323273905785507,False
2038,B1,ai_severe_prediction,0.7323273905785507,True
2038,C1,ai_severe_prediction,0.7323273905785507,False
2039,B1,ai_severe_prediction,0.7323273905785507,True
2039,C1,ai_severe_prediction,0.7323273905785507,False
2040,B1,ai_severe_prediction,0.7323273905785507,True
2040,C1,ai_severe_prediction,0.7323273905785507,False
2041,B1,ai_severe_prediction,0.7323273905785507,True
2041,C1,ai_severe_prediction,0.7323273905785507,False
2042,B1,ai_severe_prediction,0.7323273905785507,True
2042,C1,ai_severe_prediction,0.7323273905785507,False
2043,B1,ai_severe_prediction,0.7323273905785507,True
2043,C1,ai_severe_prediction,0.7323273905785507,False
2044,B1,ai_severe_prediction,0.7323273905785507,True
2044,C1,ai_severe_prediction,0.7323273905785507,False
2045,B1,ai_severe_prediction,0.7323273905785506,True
2045,C1,ai_severe_prediction,0.7323273905785507,False
2046,B1,ai_severe_prediction,0.7323273905785507,True
2046,C1,ai_severe_prediction,0.7323273905785507,False
2047,B1,ai_severe_prediction,0.7323273905785507,True
2047,C1,ai_severe_prediction,0.7323273905785507,False
2048,B1,ai_severe_prediction,0.7323273905785507,True
2048,C1,ai_severe_prediction,0.7323273905785507,False
2049,B1,ai_severe_prediction,0.7323273905785507,True
2049,C1,ai_severe_prediction,0.7323273905785507,False
2050,B1,ai_severe_prediction,0.7323273905785507,True
2050,C1,ai_severe_prediction,0.7323273905785507,False
2051,B1,ai_severe_prediction,0.7323273905785507,True
2051,C1,ai_severe_prediction,0.7323273905785507,False
2052,B1,ai_severe_prediction,0.7323273905785507,True
2052,C1,ai_severe_prediction,0.7323273905785507,False
2053,B1,ai_severe_prediction,0.7323273905785507,True
2053,C1,ai_severe_prediction,0.7323273905785507,False
2054,B1,ai_severe_prediction,0.7323273905785507,True
2054,C1,ai_severe_prediction,0.7323273905785507,False
2055,B1,ai_severe_prediction,0.7323273905785507,True
2055,C1,ai_severe_prediction,0.7323273905785507,False
2056,B1,ai_severe_prediction,0.7323273905785507,True
2056,C1,ai_severe_prediction,0.7323273905785507,False
2057,B1,ai_severe_prediction,0.7323273905785507,True
2057,C1,ai_severe_prediction,0.7323273905785507,False
2058,B1,ai_severe_prediction,0.7323273905785507,True
2058,C1,ai_severe_prediction,0.7323273905785507,False
2059,B1,ai_severe_prediction,0.7323273905785507,True
2059,C1,ai_severe_prediction,0.7323273905785507,False
2060,B1,ai_severe_prediction,0.7323273905785507,True
2060,C1,ai_severe_prediction,0.7323273905785507,False
2061,B1,ai_severe_prediction,0.7323273905785507,True
2061,C1,ai_severe_prediction,0.7323273905785507,False
2062,B1,ai_severe_prediction,0.7323273905785507,True
2062,C1,ai_severe_prediction,0.7323273905785507,False
2063,B1,ai_severe_prediction,0.7323273905785507,True
2063,C1,ai_severe_prediction,0.7323273905785507,False
2064,B1,ai_severe_prediction,0.7323273905785507,True
2064,C1,ai_severe_prediction,0.7323273905785507,False
2065,B1,ai_severe_prediction,0.7323273905785507,True
2065,C1,ai_severe_prediction,0.7323273905785507,False
2066,B1,ai_severe_prediction,0.7323273905785507,True
2066,C1,ai_severe_prediction,0.7323273905785507,False
2067,B1,ai_severe_prediction,0.7323273905785507,True
2067,C1,ai_severe_prediction,0.7323273905785507,False
2068,B1,ai_severe_prediction,0.7323273905785507,True
2068,C1,ai_severe_prediction,0.7323273905785507,False
2069,B1,ai_severe_prediction,0.7323273905785507,True
2069,C1,ai_severe_prediction,0.7323273905785507,False
2070,B1,ai_severe_prediction,0.7323273905785507,True
2070,C1,ai_severe_prediction,0.7323273905785507,False
2071,B1,ai_severe_prediction,0.7323273905785507,True
2071,C1,ai_severe_prediction,0.7323273905785507,False
2072,B1,ai_severe_prediction,0.7323273905785507,True
2072,C1,ai_severe_prediction,0.7323273905785507,False
2073,B1,ai_severe_prediction,0.7323273905785507,True
2073,C1,ai_severe_prediction,0.7323273905785507,False
2074,B1,ai_severe_prediction,0.7323273905785507,True
2074,C1,ai_severe_prediction,0.7323273905785507,False
2075,B1,ai_severe_prediction,0.7323273905785507,True
2075,C1,ai_severe_prediction,0.7323273905785507,False
2076,B1,ai_severe_prediction,0.7323273905785507,True
2076,C1,ai_severe_prediction,0.7323273905785507,False
2077,B1,ai_severe_prediction,0.7323273905785507,True
2077,C1,ai_severe_prediction,0.7323273905785507,False
2078,B1,ai_severe_prediction,0.7323273905785507,True
2078,C1,ai_severe_prediction,0.7323273905785507,False
2079,B1,ai_severe_prediction,0.7323273905785507,True
2079,C1,ai_severe_prediction,0.7323273905785507,False
2080,B1,ai_severe_prediction,0.7323273905785507,True
2080,C1,ai_severe_prediction,0.7323273905785507,False
2081,B1,ai_severe_prediction,0.7323273905785507,True
2081,C1,ai_severe_prediction,0.7323273905785507,False
2082,B1,ai_severe_prediction,0.7323273905785507,True
2082,C1,ai_severe_prediction,0.7323273905785507,False
2083,B1,ai_severe_prediction,0.7323273905785507,True
2083,C1,ai_severe_prediction,0.7323273905785507,False
2084,B1,ai_severe_prediction,0.7323273905785507,True
2084,C1,ai_severe_prediction,0.7323273905785507,False
2085,B1,ai_severe_prediction,0.7323273905785507,True
2085,C1,ai_severe_prediction,0.7323273905785507,False
2086,B1,ai_severe_prediction,0.7323273905785507,True
2086,C1,ai_severe_prediction,0.7323273905785507,False
2087,B1,ai_severe_prediction,0.7323273905785507,True
2087,C1,ai_severe_prediction,0.7323273905785507,False
2088,B1,ai_severe_prediction,0.7323273905785507,True
2088,C1,ai_severe_prediction,0.7323273905785507,False
2089,B1,ai_severe_prediction,0.7323273905785507,True
2089,C1,ai_severe_prediction,0.7323273905785507,False
2090,B1,ai_severe_prediction,0.7323273905785507,True
2090,C1,ai_severe_prediction,0.7323273905785507,False
2091,B1,ai_severe_prediction,0.7323273905785507,True
2091,C1,ai_severe_prediction,0.7323273905785507,False
2092,B1,ai_severe_prediction,0.7323273905785507,True
2092,C1,ai_severe_prediction,0.7323273905785507,False
2093,B1,ai_severe_prediction,0.7323273905785507,True
2093,C1,ai_severe_prediction,0.7323273905785507,False
2094,B1,ai_severe_prediction,0.7323273905785507,True
2094,C1,ai_severe_prediction,0.7323273905785507,False
2095,B1,ai_severe_prediction,0.7323273905785507,True
2095,C1,ai_severe_prediction,0.7323273905785507,False
2096,B1,ai_severe_prediction,0.7323273905785507,True
2096,C1,ai_severe_prediction,0.7323273905785507,False
2097,B1,ai_severe_prediction,0.7323273905785507,True
2097,C1,ai_severe_prediction,0.7323273905785507,False
2098,B1,ai_severe_prediction,0.7323273905785507,True
2098,C1,ai_severe_prediction,0.7323273905785507,False
2099,B1,ai_severe_prediction,0.7323273905785507,True
2099,C1,ai_severe_prediction,0.7323273905785507,False
2100,B1,ai_severe_prediction,0.7323273905785507,True
2100,C1,ai_severe_prediction,0.7323273905785507,False
2101,B1,ai_severe_prediction,0.7323273905785507,True
2101,C1,ai_severe_prediction,0.7323273905785507,False
2102,B1,ai_severe_prediction,0.7323273905785507,True
2102,C1,ai_severe_prediction,0.7323273905785507,False
2103,B1,ai_severe_prediction,0.7323273905785507,True
2103,C1,ai_severe_prediction,0.7323273905785507,False
2104,B1,ai_severe_prediction,0.7323273905785507,True
2104,C1,ai_severe_prediction,0.7323273905785507,False
2105,B1,ai_severe_prediction,0.7323273905785507,True
2105,C1,ai_severe_prediction,0.7323273905785509,False
2106,B1,ai_severe_prediction,0.7323273905785507,True
2106,C1,ai_severe_prediction,0.7323273905785507,False
2107,B1,ai_severe_prediction,0.7323273905785507,True
2107,C1,ai_severe_prediction,0.7323273905785507,False
2108,B1,ai_severe_prediction,0.7323273905785507,True
2108,C1,ai_severe_prediction,0.7323273905785507,False
2109,B1,ai_severe_prediction,0.7323273905785507,True
2109,C1,ai_severe_prediction,0.7323273905785507,False
2110,B1,ai_severe_prediction,0.7323273905785507,True
2110,C1,ai_severe_prediction,0.7323273905785507,False
2111,B1,ai_severe_prediction,0.7323273905785507,True
2111,C1,ai_severe_prediction,0.7323273905785507,False
2112,B1,ai_severe_prediction,0.7323273905785507,True
2112,C1,ai_severe_prediction,0.7323273905785507,False
2113,B1,ai_severe_prediction,0.7323273905785507,True
2113,C1,ai_severe_prediction,0.7323273905785507,False
2114,B1,ai_severe_prediction,0.7323273905785507,True
2114,C1,ai_severe_prediction,0.7323273905785507,False
2115,B1,ai_severe_prediction,0.7323273905785507,True
2115,C1,ai_severe_prediction,0.7323273905785507,False
2116,B1,ai_severe_prediction,0.7323273905785507,True
2116,C1,ai_severe_prediction,0.7323273905785507,False
2117,B1,ai_severe_prediction,0.7323273905785507,True
2117,C1,ai_severe_prediction,0.7323273905785507,False
2118,B1,ai_severe_prediction,0.7323273905785507,True
2118,C1,ai_severe_prediction,0.7323273905785507,False
2119,B1,ai_severe_prediction,0.7323273905785507,True
2119,C1,ai_severe_prediction,0.7323273905785507,False
2120,B1,ai_severe_prediction,0.7323273905785507,True
2120,C1,ai_severe_prediction,0.7323273905785507,False
2121,B1,ai_severe_prediction,0.7323273905785507,True
2121,C1,ai_severe_prediction,0.7323273905785507,False
2122,B1,ai_severe_prediction,0.7323273905785507,True
2122,C1,ai_severe_prediction,0.7323273905785507,False
2123,B1,ai_severe_prediction,0.7323273905785507,True
2123,C1,ai_severe_prediction,0.7323273905785507,False
2124,B1,ai_severe_prediction,0.7323273905785507,True
2124,C1,ai_severe_prediction,0.7323273905785507,False
2125,B1,ai_severe_prediction,0.7323273905785507,True
2125,C1,ai_severe_prediction,0.7323273905785507,False
2126,B1,ai_severe_prediction,0.7323273905785507,True
2126,C1,ai_severe_prediction,0.7323273905785507,False
2127,B1,ai_severe_prediction,0.7323273905785507,True
2127,C1,ai_severe_prediction,0.7323273905785507,False
2128,B1,ai_severe_prediction,0.7323273905785507,True
2128,C1,ai_severe_prediction,0.7323273905785507,False
2129,B1,ai_severe_prediction,0.7323273905785507,True
2129,C1,ai_severe_prediction,0.7323273905785507,False
2130,B1,ai_severe_prediction,0.7323273905785507,True
2130,C1,ai_severe_prediction,0.7323273905785507,False
2131,B1,ai_severe_prediction,0.7323273905785509,True
2131,C1,ai_severe_prediction,0.7323273905785507,False
2132,B1,ai_severe_prediction,0.7323273905785507,True
2132,C1,ai_severe_prediction,0.7323273905785507,False
2133,B1,ai_severe_prediction,0.7323273905785507,True
2133,C1,ai_severe_prediction,0.7323273905785507,False
2134,B1,ai_severe_prediction,0.7323273905785507,True
2134,C1,ai_severe_prediction,0.7323273905785507,False
2135,B1,ai_severe_prediction,0.7323273905785507,True
2135,C1,ai_severe_prediction,0.7323273905785507,False
2136,B1,ai_severe_prediction,0.7323273905785507,True
2136,C1,ai_severe_prediction,0.7323273905785507,False
2137,B1,ai_severe_prediction,0.7323273905785507,True
2137,C1,ai_severe_prediction,0.7323273905785507,False
2138,B1,ai_severe_prediction,0.7323273905785507,True
2138,C1,ai_severe_prediction,0.7323273905785507,False
2139,B1,ai_severe_prediction,0.7323273905785507,True
2139,C1,ai_severe_prediction,0.7323273905785507,False
2140,B1,ai_severe_prediction,0.7323273905785507,True
2140,C1,ai_severe_prediction,0.7323273905785507,False
2141,B1,ai_severe_prediction,0.7323273905785507,True
2141,C1,ai_severe_prediction,0.7323273905785507,False
2142,B1,ai_severe_prediction,0.7323273905785507,True
2142,C1,ai_severe_prediction,0.7323273905785507,False
2143,B1,ai_severe_prediction,0.7323273905785507,True
2143,C1,ai_severe_prediction,0.7323273905785507,False
2144,B1,ai_severe_prediction,0.7323273905785507,True
2144,C1,ai_severe_prediction,0.7323273905785507,False
2145,B1,ai_severe_prediction,0.7323273905785507,True
2145,C1,ai_severe_prediction,0.7323273905785507,False
2146,B1,ai_severe_prediction,0.7323273905785507,True
2146,C1,ai_severe_prediction,0.7323273905785507,False
2147,B1,ai_severe_prediction,0.7323273905785507,True
2147,C1,ai_severe_prediction,0.7323273905785507,False
2148,B1,ai_severe_prediction,0.7323273905785507,True
2148,C1,ai_severe_prediction,0.7323273905785507,False
2149,B1,ai_severe_prediction,0.7323273905785507,True
2149,C1,ai_severe_prediction,0.7323273905785507,False
2150,B1,ai_severe_prediction,0.7323273905785507,True
2150,C1,ai_severe_prediction,0.7323273905785507,False
2151,B1,ai_severe_prediction,0.7323273905785507,True
2151,C1,ai_severe_prediction,0.7323273905785507,False
2152,B1,ai_severe_prediction,0.7323273905785507,True
2152,C1,ai_severe_prediction,0.7323273905785507,False
2153,B1,ai_severe_prediction,0.7323273905785507,True
2153,C1,ai_severe_prediction,0.7323273905785507,False
2154,B1,ai_severe_prediction,0.7323273905785507,True
2154,C1,ai_severe_prediction,0.7323273905785507,False
2155,B1,ai_severe_prediction,0.7323273905785507,True
2155,C1,ai_severe_prediction,0.7323273905785507,False
2156,B1,ai_severe_prediction,0.7323273905785507,True
2156,C1,ai_severe_prediction,0.7323273905785507,False
2157,B1,ai_severe_prediction,0.7323273905785507,True
2157,C1,ai_severe_prediction,0.7323273905785507,False
2158,B1,ai_severe_prediction,0.7323273905785507,True
2158,C1,ai_severe_prediction,0.7323273905785507,False
2159,B1,ai_severe_prediction,0.7323273905785507,True
2159,C1,ai_severe_prediction,0.7323273905785507,False
2160,B1,ai_severe_prediction,0.7336353809641634,True
2160,C1,ai_severe_prediction,0.7336353809641634,False
2161,B1,ai_severe_prediction,0.7336353809641634,True
2161,C1,ai_severe_prediction,0.7336353809641634,False
2162,B1,ai_severe_prediction,0.7336353809641634,True
2162,C1,ai_severe_prediction,0.7336353809641634,False
2163,B1,ai_severe_prediction,0.7336353809641634,True
2163,C1,ai_severe_prediction,0.7336353809641634,False
2164,B1,ai_severe_prediction,0.7336353809641634,True
2164,C1,ai_severe_prediction,0.7336353809641634,False
2165,B1,ai_severe_prediction,0.7336353809641634,True
2165,C1,ai_severe_prediction,0.7336353809641634,False
2166,B1,ai_severe_prediction,0.7336353809641634,True
2166,C1,ai_severe_prediction,0.7336353809641634,False
2167,B1,ai_severe_prediction,0.7336353809641634,True
2167,C1,ai_severe_prediction,0.7336353809641634,False
2168,B1,ai_severe_prediction,0.7336353809641634,True
2168,C1,ai_severe_prediction,0.7336353809641634,False
2169,B1,ai_severe_prediction,0.7336353809641634,True
2169,C1,ai_severe_prediction,0.7336353809641634,False
2170,B1,ai_severe_prediction,0.7336353809641634,True
2170,C1,ai_severe_prediction,0.7336353809641634,False
2171,B1,ai_severe_prediction,0.7336353809641634,True
2171,C1,ai_severe_prediction,0.7336353809641634,False
2172,B1,ai_severe_prediction,0.7336353809641634,True
2172,C1,ai_severe_prediction,0.7336353809641634,False
2173,B1,ai_severe_prediction,0.7336353809641634,True
2173,C1,ai_severe_prediction,0.7336353809641634,False
2174,B1,ai_severe_prediction,0.7336353809641634,True
2174,C1,ai_severe_prediction,0.7336353809641634,False
2175,B1,ai_severe_prediction,0.7336353809641634,True
2175,C1,ai_severe_prediction,0.7336353809641634,False
2176,B1,ai_severe_prediction,0.7336353809641633,True
2176,C1,ai_severe_prediction,0.7336353809641634,False
2177,B1,ai_severe_prediction,0.7336353809641634,True
2177,C1,ai_severe_prediction,0.7336353809641634,False
2178,B1,ai_severe_prediction,0.7336353809641634,True
2178,C1,ai_severe_prediction,0.7336353809641634,False
2179,B1,ai_severe_prediction,0.7336353809641634,True
2179,C1,ai_severe_prediction,0.7336353809641634,False
2180,B1,ai_severe_prediction,0.7336353809641634,True
2180,C1,ai_severe_prediction,0.7336353809641634,False
2181,B1,ai_severe_prediction,0.7336353809641634,True
2181,C1,ai_severe_prediction,0.7336353809641634,False
2182,B1,ai_severe_prediction,0.7336353809641634,True
2182,C1,ai_severe_prediction,0.7336353809641634,False
2183,B1,ai_severe_prediction,0.7336353809641634,True
2183,C1,ai_severe_prediction,0.7336353809641634,False
2184,B1,ai_severe_prediction,0.7336353809641634,True
2184,C1,ai_severe_prediction,0.7336353809641634,False
2185,B1,ai_severe_prediction,0.7336353809641634,True
2185,C1,ai_severe_prediction,0.7336353809641634,False
2186,B1,ai_severe_prediction,0.7336353809641634,True
2186,C1,ai_severe_prediction,0.7336353809641634,False
2187,B1,ai_severe_prediction,0.7336353809641634,True
2187,C1,ai_severe_prediction,0.7336353809641634,False
2188,B1,ai_severe_prediction,0.7336353809641634,True
2188,C1,ai_severe_prediction,0.7336353809641634,False
2189,B1,ai_severe_prediction,0.7336353809641634,True
2189,C1,ai_severe_prediction,0.7336353809641634,False
2190,B1,ai_severe_prediction,0.7336353809641634,True
2190,C1,ai_severe_prediction,0.7336353809641634,False
2191,B1,ai_severe_prediction,0.7336353809641634,True
2191,C1,ai_severe_prediction,0.7336353809641634,False
2192,B1,ai_severe_prediction,0.7336353809641634,True
2192,C1,ai_severe_prediction,0.7336353809641634,False
2193,B1,ai_severe_prediction,0.7336353809641634,True
2193,C1,ai_severe_prediction,0.7336353809641634,False
2194,B1,ai_severe_prediction,0.7336353809641634,True
2194,C1,ai_severe_prediction,0.7336353809641634,False
2195,B1,ai_severe_prediction,0.7336353809641634,True
2195,C1,ai_severe_prediction,0.7336353809641633,False
2196,B1,ai_severe_prediction,0.7336353809641634,True
2196,C1,ai_severe_prediction,0.7336353809641634,False
2197,B1,ai_severe_prediction,0.7336353809641634,True
2197,C1,ai_severe_prediction,0.7336353809641634,False
2198,B1,ai_severe_prediction,0.7336353809641634,True
2198,C1,ai_severe_prediction,0.7336353809641634,False
2199,B1,ai_severe_prediction,0.7336353809641634,True
2199,C1,ai_severe_prediction,0.7336353809641634,False
2200,B1,ai_severe_prediction,0.7336353809641634,True
2200,C1,ai_severe_prediction,0.7336353809641634,False
2201,B1,ai_severe_prediction,0.7336353809641634,True
2201,C1,ai_severe_prediction,0.7336353809641634,False
2202,B1,ai_severe_prediction,0.7336353809641634,True
2202,C1,ai_severe_prediction,0.7336353809641634,False
2203,B1,ai_severe_prediction,0.7336353809641634,True
2203,C1,ai_severe_prediction,0.7336353809641634,False
2204,B1,ai_severe_prediction,0.7336353809641634,True
2204,C1,ai_severe_prediction,0.7336353809641634,False
2205,B1,ai_severe_prediction,0.7336353809641634,True
2205,C1,ai_severe_prediction,0.7336353809641634,False
2206,B1,ai_severe_prediction,0.7336353809641634,True
2206,C1,ai_severe_prediction,0.7336353809641634,False
2207,B1,ai_severe_prediction,0.7336353809641634,True
2207,C1,ai_severe_prediction,0.7336353809641634,False
2208,B1,ai_severe_prediction,0.7336353809641634,True
2208,C1,ai_severe_prediction,0.7336353809641634,False
2209,B1,ai_severe_prediction,0.7336353809641634,True
2209,C1,ai_severe_prediction,0.7336353809641634,False
2210,B1,ai_severe_prediction,0.7336353809641634,True
2210,C1,ai_severe_prediction,0.7336353809641634,False
2211,B1,ai_severe_prediction,0.7336353809641634,True
2211,C1,ai_severe_prediction,0.7336353809641634,False
2212,B1,ai_severe_prediction,0.7336353809641634,True
2212,C1,ai_severe_prediction,0.7336353809641634,False
2213,B1,ai_severe_prediction,0.7336353809641634,True
2213,C1,ai_severe_prediction,0.7336353809641633,False
2214,B1,ai_severe_prediction,0.7336353809641634,True
2214,C1,ai_severe_prediction,0.7336353809641634,False
2215,B1,ai_severe_prediction,0.7336353809641634,True
2215,C1,ai_severe_prediction,0.7336353809641634,False
2216,B1,ai_severe_prediction,0.7336353809641634,True
2216,C1,ai_severe_prediction,0.7336353809641634,False
2217,B1,ai_severe_prediction,0.7336353809641634,True
2217,C1,ai_severe_prediction,0.7336353809641634,False
2218,B1,ai_severe_prediction,0.7336353809641634,True
2218,C1,ai_severe_prediction,0.7336353809641634,False
2219,B1,ai_severe_prediction,0.7336353809641634,True
2219,C1,ai_severe_prediction,0.7336353809641634,False
2220,B1,ai_severe_prediction,0.7336353809641634,True
2220,C1,ai_severe_prediction,0.7336353809641634,False
2221,B1,ai_severe_prediction,0.7336353809641634,True
2221,C1,ai_severe_prediction,0.7336353809641634,False
2222,B1,ai_severe_prediction,0.7336353809641634,True
2222,C1,ai_severe_prediction,0.7336353809641634,False
2223,B1,ai_severe_prediction,0.7336353809641634,True
2223,C1,ai_severe_prediction,0.7336353809641634,False
2224,B1,ai_severe_prediction,0.7336353809641634,True
2224,C1,ai_severe_prediction,0.7336353809641634,False
2225,B1,ai_severe_prediction,0.7336353809641634,True
2225,C1,ai_severe_prediction,0.7336353809641634,False
2226,B1,ai_severe_prediction,0.7336353809641634,True
2226,C1,ai_severe_prediction,0.7336353809641634,False
2227,B1,ai_severe_prediction,0.7336353809641634,True
2227,C1,ai_severe_prediction,0.7336353809641634,False
2228,B1,ai_severe_prediction,0.7336353809641634,True
2228,C1,ai_severe_prediction,0.7336353809641634,False
2229,B1,ai_severe_prediction,0.7336353809641634,True
2229,C1,ai_severe_prediction,0.7336353809641634,False
2230,B1,ai_severe_prediction,0.7336353809641634,True
2230,C1,ai_severe_prediction,0.7336353809641634,False
2231,B1,ai_severe_prediction,0.7336353809641634,True
2231,C1,ai_severe_prediction,0.7336353809641634,False
2232,B1,ai_severe_prediction,0.7336353809641634,True
2232,C1,ai_severe_prediction,0.7336353809641634,False
2233,B1,ai_severe_prediction,0.7336353809641634,True
2233,C1,ai_severe_prediction,0.7336353809641634,False
2234,B1,ai_severe_prediction,0.7336353809641634,True
2234,C1,ai_severe_prediction,0.7336353809641634,False
2235,B1,ai_severe_prediction,0.7336353809641634,True
2235,C1,ai_severe_prediction,0.7336353809641634,False
2236,B1,ai_severe_prediction,0.7336353809641634,True
2236,C1,ai_severe_prediction,0.7336353809641634,False
2237,B1,ai_severe_prediction,0.7336353809641634,True
2237,C1,ai_severe_prediction,0.7336353809641634,False
2238,B1,ai_severe_prediction,0.7336353809641634,True
2238,C1,ai_severe_prediction,0.7336353809641634,False
2239,B1,ai_severe_prediction,0.7336353809641634,True
2239,C1,ai_severe_prediction,0.7336353809641634,False
2240,B1,ai_severe_prediction,0.7336353809641634,True
2240,C1,ai_severe_prediction,0.7336353809641634,False
2241,B1,ai_severe_prediction,0.7336353809641634,True
2241,C1,ai_severe_prediction,0.7336353809641634,False
2242,B1,ai_severe_prediction,0.7336353809641634,True
2242,C1,ai_severe_prediction,0.7336353809641634,False
2243,B1,ai_severe_prediction,0.7336353809641634,True
2243,C1,ai_severe_prediction,0.7336353809641634,False
2244,B1,ai_severe_prediction,0.7336353809641634,True
2244,C1,ai_severe_prediction,0.7336353809641634,False
2245,B1,ai_severe_prediction,0.7336353809641634,True
2245,C1,ai_severe_prediction,0.7336353809641634,False
2246,B1,ai_severe_prediction,0.7336353809641634,True
2246,C1,ai_severe_prediction,0.7336353809641634,False
2247,B1,ai_severe_prediction,0.7336353809641634,True
2247,C1,ai_severe_prediction,0.7336353809641634,False
2248,B1,ai_severe_prediction,0.7336353809641634,True
2248,C1,ai_severe_prediction,0.7336353809641634,False
2249,B1,ai_severe_prediction,0.7336353809641634,True
2249,C1,ai_severe_prediction,0.7336353809641634,False
2250,B1,ai_severe_prediction,0.7336353809641634,True
2250,C1,ai_severe_prediction,0.7336353809641634,False
2251,B1,ai_severe_prediction,0.7336353809641634,True
2251,C1,ai_severe_prediction,0.733635380964163,False
2252,B1,ai_severe_prediction,0.7336353809641633,True
2252,C1,ai_severe_prediction,0.7336353809641634,False
2253,B1,ai_severe_prediction,0.7336353809641634,True
2253,C1,ai_severe_prediction,0.7336353809641634,False
2254,B1,ai_severe_prediction,0.7336353809641634,True
2254,C1,ai_severe_prediction,0.7336353809641634,False
2255,B1,ai_severe_prediction,0.7336353809641634,True
2255,C1,ai_severe_prediction,0.7336353809641634,False
2256,B1,ai_severe_prediction,0.7336353809641634,True
2256,C1,ai_severe_prediction,0.7336353809641634,False
2257,B1,ai_severe_prediction,0.7336353809641634,True
2257,C1,ai_severe_prediction,0.7336353809641634,False
2258,B1,ai_severe_prediction,0.7336353809641634,True
2258,C1,ai_severe_prediction,0.7336353809641634,False
2259,B1,ai_severe_prediction,0.7336353809641634,True
2259,C1,ai_severe_prediction,0.7336353809641634,False
2260,B1,ai_severe_prediction,0.7336353809641634,True
2260,C1,ai_severe_prediction,0.7336353809641634,False
2261,B1,ai_severe_prediction,0.7336353809641634,True
2261,C1,ai_severe_prediction,0.7336353809641634,False
2262,B1,ai_severe_prediction,0.7336353809641634,True
2262,C1,ai_severe_prediction,0.7336353809641634,False
2263,B1,ai_severe_prediction,0.7336353809641634,True
2263,C1,ai_severe_prediction,0.7336353809641634,False
2264,B1,ai_severe_prediction,0.7336353809641634,True
2264,C1,ai_severe_prediction,0.7336353809641634,False
2265,B1,ai_severe_prediction,0.7336353809641634,True
2265,C1,ai_severe_prediction,0.7336353809641634,False
2266,B1,ai_severe_prediction,0.7336353809641634,True
2266,C1,ai_severe_prediction,0.7336353809641634,False
2267,B1,ai_severe_prediction,0.7336353809641634,True
2267,C1,ai_severe_prediction,0.7336353809641634,False
2268,B1,ai_severe_prediction,0.7336353809641634,True
2268,C1,ai_severe_prediction,0.7336353809641634,False
2269,B1,ai_severe_prediction,0.7336353809641634,True
2269,C1,ai_severe_prediction,0.7336353809641634,False
2270,B1,ai_severe_prediction,0.7336353809641634,True
2270,C1,ai_severe_prediction,0.7336353809641634,False
2271,B1,ai_severe_prediction,0.7336353809641634,True
2271,C1,ai_severe_prediction,0.7336353809641634,False
2272,B1,ai_severe_prediction,0.7336353809641634,True
2272,C1,ai_severe_prediction,0.7336353809641634,False
2273,B1,ai_severe_prediction,0.7336353809641634,True
2273,C1,ai_severe_prediction,0.7336353809641634,False
2274,B1,ai_severe_prediction,0.7336353809641634,True
2274,C1,ai_severe_prediction,0.7336353809641634,False
2275,B1,ai_severe_prediction,0.7336353809641634,True
2275,C1,ai_severe_prediction,0.7336353809641634,False
2276,B1,ai_severe_prediction,0.7336353809641634,True
2276,C1,ai_severe_prediction,0.7336353809641634,False
2277,B1,ai_severe_prediction,0.7336353809641634,True
2277,C1,ai_severe_prediction,0.7336353809641633,False
2278,B1,ai_severe_prediction,0.7336353809641634,True
2278,C1,ai_severe_prediction,0.7336353809641634,False
2279,B1,ai_severe_prediction,0.7336353809641634,True
2279,C1,ai_severe_prediction,0.7336353809641634,False
2280,B1,ai_severe_prediction,0.7336353809641634,True
2280,C1,ai_severe_prediction,0.7336353809641634,False
2281,B1,ai_severe_prediction,0.7336353809641634,True
2281,C1,ai_severe_prediction,0.7336353809641634,False
2282,B1,ai_severe_prediction,0.7336353809641634,True
2282,C1,ai_severe_prediction,0.7336353809641634,False
2283,B1,ai_severe_prediction,0.7336353809641634,True
2283,C1,ai_severe_prediction,0.7336353809641634,False
2284,B1,ai_severe_prediction,0.7336353809641634,True
2284,C1,ai_severe_prediction,0.7336353809641634,False
2285,B1,ai_severe_prediction,0.7336353809641634,True
2285,C1,ai_severe_prediction,0.7336353809641634,False
2286,B1,ai_severe_prediction,0.7336353809641634,True
2286,C1,ai_severe_prediction,0.7336353809641634,False
2287,B1,ai_severe_prediction,0.7336353809641634,True
2287,C1,ai_severe_prediction,0.7336353809641634,False
2288,B1,ai_severe_prediction,0.7336353809641634,True
2288,C1,ai_severe_prediction,0.7336353809641634,False
2289,B1,ai_severe_prediction,0.7336353809641634,True
2289,C1,ai_severe_prediction,0.7336353809641634,False
2290,B1,ai_severe_prediction,0.7336353809641634,True
2290,C1,ai_severe_prediction,0.7336353809641634,False
2291,B1,ai_severe_prediction,0.7336353809641634,True
2291,C1,ai_severe_prediction,0.7336353809641634,False
2292,B1,ai_severe_prediction,0.7336353809641634,True
2292,C1,ai_severe_prediction,0.7336353809641634,False
2293,B1,ai_severe_prediction,0.7336353809641634,True
2293,C1,ai_severe_prediction,0.7336353809641634,False
2294,B1,ai_severe_prediction,0.7336353809641633,True
2294,C1,ai_severe_prediction,0.7336353809641634,False
2295,B1,ai_severe_prediction,0.7336353809641634,True
2295,C1,ai_severe_prediction,0.7336353809641634,False
2296,B1,ai_severe_prediction,0.7336353809641634,True
2296,C1,ai_severe_prediction,0.7336353809641634,False
2297,B1,ai_severe_prediction,0.7336353809641634,True
2297,C1,ai_severe_prediction,0.7336353809641634,False
2298,B1,ai_severe_prediction,0.7336353809641634,True
2298,C1,ai_severe_prediction,0.7336353809641634,False
2299,B1,ai_severe_prediction,0.7336353809641634,True
2299,C1,ai_severe_prediction,0.7336353809641634,False
2300,B1,ai_severe_prediction,0.7336353809641634,True
2300,C1,ai_severe_prediction,0.7336353809641634,False
2301,B1,ai_severe_prediction,0.7336353809641634,True
2301,C1,ai_severe_prediction,0.7336353809641634,False
2302,B1,ai_severe_prediction,0.7336353809641634,True
2302,C1,ai_severe_prediction,0.7336353809641634,False
2303,B1,ai_severe_prediction,0.7336353809641634,True
2303,C1,ai_severe_prediction,0.7336353809641634,False
2304,B1,ai_severe_prediction,0.7336353809641634,True
2304,C1,ai_severe_prediction,0.7336353809641634,False
2305,B1,ai_severe_prediction,0.7336353809641633,True
2305,C1,ai_severe_prediction,0.7336353809641634,False
2306,B1,ai_severe_prediction,0.7336353809641634,True
2306,C1,ai_severe_prediction,0.7336353809641634,False
2307,B1,ai_severe_prediction,0.7336353809641634,True
2307,C1,ai_severe_prediction,0.7336353809641634,False
2308,B1,ai_severe_prediction,0.7336353809641634,True
2308,C1,ai_severe_prediction,0.7336353809641634,False
2309,B1,ai_severe_prediction,0.7336353809641634,True
2309,C1,ai_severe_prediction,0.7336353809641634,False
2310,B1,ai_severe_prediction,0.7336353809641634,True
2310,C1,ai_severe_prediction,0.7336353809641634,False
2311,B1,ai_severe_prediction,0.7336353809641634,True
2311,C1,ai_severe_prediction,0.7336353809641634,False
2312,B1,ai_severe_prediction,0.7336353809641634,True
2312,C1,ai_severe_prediction,0.7336353809641634,False
2313,B1,ai_severe_prediction,0.7336353809641634,True
2313,C1,ai_severe_prediction,0.7336353809641634,False
2314,B1,ai_severe_prediction,0.7336353809641634,True
2314,C1,ai_severe_prediction,0.7336353809641634,False
2315,B1,ai_severe_prediction,0.7336353809641634,True
2315,C1,ai_severe_prediction,0.7336353809641634,False
2316,B1,ai_severe_prediction,0.7336353809641634,True
2316,C1,ai_severe_prediction,0.7336353809641634,False
2317,B1,ai_severe_prediction,0.7336353809641634,True
2317,C1,ai_severe_prediction,0.7336353809641634,False
2318,B1,ai_severe_prediction,0.7336353809641634,True
2318,C1,ai_severe_prediction,0.7336353809641634,False
2319,B1,ai_severe_prediction,0.7336353809641634,True
2319,C1,ai_severe_prediction,0.7336353809641634,False
2320,B1,ai_severe_prediction,0.7336353809641634,True
2320,C1,ai_severe_prediction,0.7336353809641634,False
2321,B1,ai_severe_prediction,0.7336353809641634,True
2321,C1,ai_severe_prediction,0.7336353809641634,False
2322,B1,ai_severe_prediction,0.7336353809641634,True
2322,C1,ai_severe_prediction,0.7336353809641634,False
2323,B1,ai_severe_prediction,0.7336353809641634,True
2323,C1,ai_severe_prediction,0.7336353809641633,False
2324,B1,ai_severe_prediction,0.7336353809641634,True
2324,C1,ai_severe_prediction,0.7336353809641633,False
2325,B1,ai_severe_prediction,0.7336353809641634,True
2325,C1,ai_severe_prediction,0.7336353809641634,False
2326,B1,ai_severe_prediction,0.7336353809641634,True
2326,C1,ai_severe_prediction,0.7336353809641634,False
2327,B1,ai_severe_prediction,0.7336353809641634,True
2327,C1,ai_severe_prediction,0.7336353809641633,False
2328,B1,ai_severe_prediction,0.7336353809641634,True
2328,C1,ai_severe_prediction,0.733635380964163,False
2329,B1,ai_severe_prediction,0.7336353809641634,True
2329,C1,ai_severe_prediction,0.7336353809641634,False
2330,B1,ai_severe_prediction,0.7336353809641634,True
2330,C1,ai_severe_prediction,0.7336353809641634,False
2331,B1,ai_severe_prediction,0.7336353809641634,True
2331,C1,ai_severe_prediction,0.7336353809641633,False
2332,B1,ai_severe_prediction,0.7336353809641634,True
2332,C1,ai_severe_prediction,0.7336353809641633,False
2333,B1,ai_severe_prediction,0.7336353809641633,True
2333,C1,ai_severe_prediction,0.7336353809641634,False
2334,B1,ai_severe_prediction,0.7336353809641633,True
2334,C1,ai_severe_prediction,0.7336353809641633,False
2335,B1,ai_severe_prediction,0.7336353809641634,True
2335,C1,ai_severe_prediction,0.7336353809641633,False
2336,B1,ai_severe_prediction,0.7336353809641634,True
2336,C1,ai_severe_prediction,0.7336353809641633,False
2337,B1,ai_severe_prediction,0.7336353809641634,True
2337,C1,ai_severe_prediction,0.7336353809641634,False
2338,B1,ai_severe_prediction,0.7336353809641634,True
2338,C1,ai_severe_prediction,0.7336353809641634,False
2339,B1,ai_severe_prediction,0.7336353809641634,True
2339,C1,ai_severe_prediction,0.7336353809641634,False
2340,B1,ai_severe_prediction,0.7336353809641634,True
2340,C1,ai_severe_prediction,0.7336353809641634,False
2341,B1,ai_severe_prediction,0.7336353809641634,True
2341,C1,ai_severe_prediction,0.7336353809641634,False
2342,B1,ai_severe_prediction,0.7336353809641633,True
2342,C1,ai_severe_prediction,0.7336353809641633,False
2343,B1,ai_severe_prediction,0.7336353809641634,True
2343,C1,ai_severe_prediction,0.7336353809641633,False
2344,B1,ai_severe_prediction,0.7336353809641634,True
2344,C1,ai_severe_prediction,0.7336353809641634,False
2345,B1,ai_severe_prediction,0.7336353809641634,True
2345,C1,ai_severe_prediction,0.7336353809641633,False
2346,B1,ai_severe_prediction,0.7336353809641634,True
2346,C1,ai_severe_prediction,0.7336353809641634,False
2347,B1,ai_severe_prediction,0.7336353809641634,True
2347,C1,ai_severe_prediction,0.7336353809641634,False
2348,B1,ai_severe_prediction,0.7336353809641634,True
2348,C1,ai_severe_prediction,0.7336353809641634,False
2349,B1,ai_severe_prediction,0.7336353809641634,True
2349,C1,ai_severe_prediction,0.7336353809641634,False
2350,B1,ai_severe_prediction,0.7336353809641634,True
2350,C1,ai_severe_prediction,0.7336353809641634,False
2351,B1,ai_severe_prediction,0.7336353809641634,True
2351,C1,ai_severe_prediction,0.7336353809641634,False
2352,B1,ai_severe_prediction,0.7336353809641633,True
2352,C1,ai_severe_prediction,0.7336353809641634,False
2353,B1,ai_severe_prediction,0.7336353809641634,True
2353,C1,ai_severe_prediction,0.7336353809641634,False
2354,B1,ai_severe_prediction,0.7336353809641634,True
2354,C1,ai_severe_prediction,0.7336353809641634,False
2355,B1,ai_severe_prediction,0.7336353809641634,True
2355,C1,ai_severe_prediction,0.7336353809641634,False
2356,B1,ai_severe_prediction,0.7336353809641634,True
2356,C1,ai_severe_prediction,0.7336353809641634,False
2357,B1,ai_severe_prediction,0.7336353809641634,True
2357,C1,ai_severe_prediction,0.7336353809641634,False
2358,B1,ai_severe_prediction,0.7336353809641634,True
2358,C1,ai_severe_prediction,0.7336353809641634,False
2359,B1,ai_severe_prediction,0.7336353809641634,True
2359,C1,ai_severe_prediction,0.7336353809641634,False
2360,B1,ai_severe_prediction,0.7336353809641634,True
2360,C1,ai_severe_prediction,0.7336353809641634,False
2361,B1,ai_severe_prediction,0.7336353809641634,True
2361,C1,ai_severe_prediction,0.7336353809641634,False
2362,B1,ai_severe_prediction,0.7336353809641634,True
2362,C1,ai_severe_prediction,0.7336353809641634,False
2363,B1,ai_severe_prediction,0.7336353809641633,True
2363,C1,ai_severe_prediction,0.7336353809641634,False
2364,B1,ai_severe_prediction,0.7336353809641634,True
2364,C1,ai_severe_prediction,0.7336353809641634,False
2365,B1,ai_severe_prediction,0.7336353809641634,True
2365,C1,ai_severe_prediction,0.7336353809641634,False
2366,B1,ai_severe_prediction,0.7336353809641634,True
2366,C1,ai_severe_prediction,0.7336353809641634,False
2367,B1,ai_severe_prediction,0.7336353809641634,True
2367,C1,ai_severe_prediction,0.7336353809641634,False
2368,B1,ai_severe_prediction,0.7336353809641634,True
2368,C1,ai_severe_prediction,0.7336353809641634,False
2369,B1,ai_severe_prediction,0.7336353809641634,True
2369,C1,ai_severe_prediction,0.7336353809641634,False
2370,B1,ai_severe_prediction,0.7336353809641634,True
2370,C1,ai_severe_prediction,0.7336353809641634,False
2371,B1,ai_severe_prediction,0.7336353809641634,True
2371,C1,ai_severe_prediction,0.7336353809641634,False
2372,B1,ai_severe_prediction,0.7336353809641634,True
2372,C1,ai_severe_prediction,0.7336353809641634,False
2373,B1,ai_severe_prediction,0.7336353809641634,True
2373,C1,ai_severe_prediction,0.7336353809641634,False
2374,B1,ai_severe_prediction,0.7336353809641634,True
2374,C1,ai_severe_prediction,0.7336353809641634,False
2375,B1,ai_severe_prediction,0.7336353809641634,True
2375,C1,ai_severe_prediction,0.7336353809641634,False
2376,B1,ai_severe_prediction,0.7336353809641634,True
2376,C1,ai_severe_prediction,0.7336353809641633,False
2377,B1,ai_severe_prediction,0.7336353809641634,True
2377,C1,ai_severe_prediction,0.7336353809641634,False
2378,B1,ai_severe_prediction,0.7336353809641634,True
2378,C1,ai_severe_prediction,0.7336353809641634,False
2379,B1,ai_severe_prediction,0.7336353809641634,True
2379,C1,ai_severe_prediction,0.7336353809641634,False
2380,B1,ai_severe_prediction,0.7336353809641633,True
2380,C1,ai_severe_prediction,0.7336353809641634,False
2381,B1,ai_severe_prediction,0.7336353809641633,True
2381,C1,ai_severe_prediction,0.7336353809641634,False
2382,B1,ai_severe_prediction,0.7336353809641634,True
2382,C1,ai_severe_prediction,0.7336353809641634,False
2383,B1,ai_severe_prediction,0.7336353809641634,True
2383,C1,ai_severe_prediction,0.7336353809641634,False
2384,B1,ai_severe_prediction,0.7336353809641634,True
2384,C1,ai_severe_prediction,0.7336353809641634,False
2385,B1,ai_severe_prediction,0.7336353809641634,True
2385,C1,ai_severe_prediction,0.7336353809641634,False
2386,B1,ai_severe_prediction,0.7336353809641633,True
2386,C1,ai_severe_prediction,0.7336353809641634,False
2387,B1,ai_severe_prediction,0.7336353809641634,True
2387,C1,ai_severe_prediction,0.7336353809641634,False
2388,B1,ai_severe_prediction,0.7336353809641634,True
2388,C1,ai_severe_prediction,0.7336353809641634,False
2389,B1,ai_severe_prediction,0.7336353809641633,True
2389,C1,ai_severe_prediction,0.7336353809641634,False
2390,B1,ai_severe_prediction,0.7336353809641634,True
2390,C1,ai_severe_prediction,0.7336353809641634,False
2391,B1,ai_severe_prediction,0.7336353809641634,True
2391,C1,ai_severe_prediction,0.7336353809641634,False
2392,B1,ai_severe_prediction,0.7336353809641634,True
2392,C1,ai_severe_prediction,0.7336353809641633,False
2393,B1,ai_severe_prediction,0.7336353809641634,True
2393,C1,ai_severe_prediction,0.7336353809641634,False
2394,B1,ai_severe_prediction,0.7336353809641634,True
2394,C1,ai_severe_prediction,0.7336353809641634,False
2395,B1,ai_severe_prediction,0.7336353809641634,True
2395,C1,ai_severe_prediction,0.7336353809641634,False
2396,B1,ai_severe_prediction,0.7336353809641634,True
2396,C1,ai_severe_prediction,0.7336353809641634,False
2397,B1,ai_severe_prediction,0.7336353809641634,True
2397,C1,ai_severe_prediction,0.7336353809641634,False
2398,B1,ai_severe_prediction,0.7336353809641634,True
2398,C1,ai_severe_prediction,0.7336353809641634,False
2399,B1,ai_severe_prediction,0.7336353809641634,True
2399,C1,ai_severe_prediction,0.7336353809641634,False
2400,B1,ai_severe_prediction,0.7336353809641633,True
2400,C1,ai_severe_prediction,0.7336353809641633,False
2401,B1,ai_severe_prediction,0.7336353809641634,True
2401,C1,ai_severe_prediction,0.7336353809641634,False
2402,B1,ai_severe_prediction,0.7336353809641634,True
2402,C1,ai_severe_prediction,0.7336353809641634,False
2403,B1,ai_severe_prediction,0.7336353809641634,True
2403,C1,ai_severe_prediction,0.7336353809641633,False
2404,B1,ai_severe_prediction,0.7336353809641633,True
2404,C1,ai_severe_prediction,0.7336353809641634,False
2405,B1,ai_severe_prediction,0.7336353809641634,True
2405,C1,ai_severe_prediction,0.7336353809641634,False
2406,B1,ai_severe_prediction,0.7336353809641634,True
2406,C1,ai_severe_prediction,0.7336353809641633,False
2407,B1,ai_severe_prediction,0.7336353809641633,True
2407,C1,ai_severe_prediction,0.7336353809641633,False
2408,B1,ai_severe_prediction,0.7336353809641635,True
2408,C1,ai_severe_prediction,0.7336353809641634,False
2409,B1,ai_severe_prediction,0.7336353809641634,True
2409,C1,ai_severe_prediction,0.7336353809641634,False
2410,B1,ai_severe_prediction,0.7336353809641634,True
2410,C1,ai_severe_prediction,0.7336353809641634,False
2411,B1,ai_severe_prediction,0.7336353809641634,True
2411,C1,ai_severe_prediction,0.7336353809641634,False
2412,B1,ai_severe_prediction,0.7336353809641634,True
2412,C1,ai_severe_prediction,0.7336353809641634,False
2413,B1,ai_severe_prediction,0.7336353809641634,True
2413,C1,ai_severe_prediction,0.7336353809641634,False
2414,B1,ai_severe_prediction,0.7336353809641634,True
2414,C1,ai_severe_prediction,0.7336353809641634,False
2415,B1,ai_severe_prediction,0.7336353809641634,True
2415,C1,ai_severe_prediction,0.7336353809641634,False
2416,B1,ai_severe_prediction,0.7336353809641634,True
2416,C1,ai_severe_prediction,0.7336353809641633,False
2417,B1,ai_severe_prediction,0.7336353809641634,True
2417,C1,ai_severe_prediction,0.7336353809641634,False
2418,B1,ai_severe_prediction,0.7336353809641634,True
2418,C1,ai_severe_prediction,0.7336353809641635,False
2419,B1,ai_severe_prediction,0.7336353809641634,True
2419,C1,ai_severe_prediction,0.7336353809641634,False
2420,B1,ai_severe_prediction,0.7336353809641634,True
2420,C1,ai_severe_prediction,0.7336353809641633,False
2421,B1,ai_severe_prediction,0.7336353809641634,True
2421,C1,ai_severe_prediction,0.7336353809641634,False
2422,B1,ai_severe_prediction,0.7336353809641633,True
2422,C1,ai_severe_prediction,0.7336353809641634,False
2423,B1,ai_severe_prediction,0.7336353809641634,True
2423,C1,ai_severe_prediction,0.7336353809641634,False
2424,B1,ai_severe_prediction,0.7336353809641634,True
2424,C1,ai_severe_prediction,0.7336353809641634,False
2425,B1,ai_severe_prediction,0.7336353809641634,True
2425,C1,ai_severe_prediction,0.7336353809641634,False
2426,B1,ai_severe_prediction,0.7336353809641634,True
2426,C1,ai_severe_prediction,0.7336353809641633,False
2427,B1,ai_severe_prediction,0.7336353809641634,True
2427,C1,ai_severe_prediction,0.7336353809641633,False
2428,B1,ai_severe_prediction,0.7336353809641634,True
2428,C1,ai_severe_prediction,0.7336353809641634,False
2429,B1,ai_severe_prediction,0.7336353809641634,True
2429,C1,ai_severe_prediction,0.7336353809641634,False
2430,B1,ai_severe_prediction,0.7336353809641634,True
2430,C1,ai_severe_prediction,0.7336353809641634,False
2431,B1,ai_severe_prediction,0.7336353809641634,True
2431,C1,ai_severe_prediction,0.7336353809641634,False
2432,B1,ai_severe_prediction,0.7336353809641634,True
2432,C1,ai_severe_prediction,0.7336353809641634,False
2433,B1,ai_severe_prediction,0.7336353809641633,True
2433,C1,ai_severe_prediction,0.7336353809641634,False
2434,B1,ai_severe_prediction,0.7336353809641634,True
2434,C1,ai_severe_prediction,0.7336353809641634,False
2435,B1,ai_severe_prediction,0.7336353809641634,True
2435,C1,ai_severe_prediction,0.7336353809641634,False
2436,B1,ai_severe_prediction,0.7336353809641634,True
2436,C1,ai_severe_prediction,0.7336353809641634,False
2437,B1,ai_severe_prediction,0.7336353809641634,True
2437,C1,ai_severe_prediction,0.7336353809641634,False
2438,B1,ai_severe_prediction,0.7336353809641634,True
2438,C1,ai_severe_prediction,0.7336353809641634,False
2439,B1,ai_severe_prediction,0.7336353809641634,True
2439,C1,ai_severe_prediction,0.7336353809641634,False
2440,B1,ai_severe_prediction,0.7336353809641634,True
2440,C1,ai_severe_prediction,0.7336353809641634,False
2441,B1,ai_severe_prediction,0.7336353809641634,True
2441,C1,ai_severe_prediction,0.7336353809641634,False
2442,B1,ai_severe_prediction,0.7336353809641634,True
2442,C1,ai_severe_prediction,0.7336353809641634,False
2443,B1,ai_severe_prediction,0.7336353809641634,True
2443,C1,ai_severe_prediction,0.7336353809641634,False
2444,B1,ai_severe_prediction,0.7336353809641634,True
2444,C1,ai_severe_prediction,0.7336353809641634,False
2445,B1,ai_severe_prediction,0.7336353809641634,True
2445,C1,ai_severe_prediction,0.7336353809641634,False
2446,B1,ai_severe_prediction,0.7336353809641634,True
2446,C1,ai_severe_prediction,0.7336353809641634,False
2447,B1,ai_severe_prediction,0.7336353809641634,True
2447,C1,ai_severe_prediction,0.7336353809641634,False
2448,B1,ai_severe_prediction,0.7336353809641634,True
2448,C1,ai_severe_prediction,0.7336353809641634,False
2449,B1,ai_severe_prediction,0.7336353809641634,True
2449,C1,ai_severe_prediction,0.7336353809641634,False
2450,B1,ai_severe_prediction,0.7336353809641634,True
2450,C1,ai_severe_prediction,0.7336353809641634,False
2451,B1,ai_severe_prediction,0.7336353809641634,True
2451,C1,ai_severe_prediction,0.7336353809641634,False
2452,B1,ai_severe_prediction,0.7336353809641634,True
2452,C1,ai_severe_prediction,0.7336353809641634,False
2453,B1,ai_severe_prediction,0.7336353809641634,True
2453,C1,ai_severe_prediction,0.7336353809641634,False
2454,B1,ai_severe_prediction,0.7336353809641633,True
2454,C1,ai_severe_prediction,0.7336353809641633,False
2455,B1,ai_severe_prediction,0.7336353809641634,True
2455,C1,ai_severe_prediction,0.7336353809641634,False
2456,B1,ai_severe_prediction,0.7336353809641634,True
2456,C1,ai_severe_prediction,0.7336353809641634,False
2457,B1,ai_severe_prediction,0.7336353809641634,True
2457,C1,ai_severe_prediction,0.7336353809641634,False
2458,B1,ai_severe_prediction,0.7336353809641634,True
2458,C1,ai_severe_prediction,0.7336353809641633,False
2459,B1,ai_severe_prediction,0.7336353809641634,True
2459,C1,ai_severe_prediction,0.7336353809641634,False
2460,B1,ai_severe_prediction,0.7336353809641634,True
2460,C1,ai_severe_prediction,0.7336353809641634,False
2461,B1,ai_severe_prediction,0.7336353809641634,True
2461,C1,ai_severe_prediction,0.7336353809641634,False
2462,B1,ai_severe_prediction,0.7336353809641634,True
2462,C1,ai_severe_prediction,0.7336353809641634,False
2463,B1,ai_severe_prediction,0.7336353809641634,True
2463,C1,ai_severe_prediction,0.7336353809641634,False
2464,B1,ai_severe_prediction,0.7336353809641634,True
2464,C1,ai_severe_prediction,0.7336353809641634,False
2465,B1,ai_severe_prediction,0.7336353809641634,True
2465,C1,ai_severe_prediction,0.7336353809641634,False
2466,B1,ai_severe_prediction,0.7336353809641634,True
2466,C1,ai_severe_prediction,0.7336353809641634,False
2467,B1,ai_severe_prediction,0.7336353809641634,True
2467,C1,ai_severe_prediction,0.7336353809641634,False
2468,B1,ai_severe_prediction,0.7336353809641634,True
2468,C1,ai_severe_prediction,0.7336353809641634,False
2469,B1,ai_severe_prediction,0.7336353809641634,True
2469,C1,ai_severe_prediction,0.7336353809641634,False
2470,B1,ai_severe_prediction,0.7336353809641634,True
2470,C1,ai_severe_prediction,0.7336353809641634,False
2471,B1,ai_severe_prediction,0.7336353809641634,True
2471,C1,ai_severe_prediction,0.7336353809641634,False
2472,B1,ai_severe_prediction,0.7336353809641634,True
2472,C1,ai_severe_prediction,0.7336353809641634,False
2473,B1,ai_severe_prediction,0.7336353809641633,True
2473,C1,ai_severe_prediction,0.7336353809641634,False
2474,B1,ai_severe_prediction,0.7336353809641634,True
2474,C1,ai_severe_prediction,0.7336353809641634,False
2475,B1,ai_severe_prediction,0.7336353809641634,True
2475,C1,ai_severe_prediction,0.7336353809641634,False
2476,B1,ai_severe_prediction,0.7336353809641634,True
2476,C1,ai_severe_prediction,0.7336353809641634,False
2477,B1,ai_severe_prediction,0.7336353809641634,True
2477,C1,ai_severe_prediction,0.7336353809641634,False
2478,B1,ai_severe_prediction,0.7336353809641634,True
2478,C1,ai_severe_prediction,0.7336353809641634,False
2479,B1,ai_severe_prediction,0.7336353809641634,True
2479,C1,ai_severe_prediction,0.7336353809641634,False
2480,B1,ai_severe_prediction,0.7336353809641634,True
2480,C1,ai_severe_prediction,0.7336353809641634,False
2481,B1,ai_severe_prediction,0.7336353809641633,True
2481,C1,ai_severe_prediction,0.7336353809641634,False
2482,B1,ai_severe_prediction,0.7336353809641634,True
2482,C1,ai_severe_prediction,0.7336353809641634,False
2483,B1,ai_severe_prediction,0.7336353809641634,True
2483,C1,ai_severe_prediction,0.7336353809641634,False
2484,B1,ai_severe_prediction,0.7336353809641634,True
2484,C1,ai_severe_prediction,0.7336353809641634,False
2485,B1,ai_severe_prediction,0.7336353809641634,True
2485,C1,ai_severe_prediction,0.7336353809641634,False
2486,B1,ai_severe_prediction,0.7336353809641634,True
2486,C1,ai_severe_prediction,0.7336353809641634,False
2487,B1,ai_severe_prediction,0.7336353809641634,True
2487,C1,ai_severe_prediction,0.7336353809641634,False
2488,B1,ai_severe_prediction,0.7336353809641634,True
2488,C1,ai_severe_prediction,0.7336353809641634,False
2489,B1,ai_severe_prediction,0.7336353809641634,True
2489,C1,ai_severe_prediction,0.7336353809641634,False
2490,B1,ai_severe_prediction,0.7336353809641634,True
2490,C1,ai_severe_prediction,0.7336353809641634,False
2491,B1,ai_severe_prediction,0.7336353809641634,True
2491,C1,ai_severe_prediction,0.7336353809641634,False
2492,B1,ai_severe_prediction,0.7336353809641634,True
2492,C1,ai_severe_prediction,0.7336353809641634,False
2493,B1,ai_severe_prediction,0.7336353809641634,True
2493,C1,ai_severe_prediction,0.7336353809641634,False
2494,B1,ai_severe_prediction,0.7336353809641634,True
2494,C1,ai_severe_prediction,0.7336353809641634,False
2495,B1,ai_severe_prediction,0.7336353809641634,True
2495,C1,ai_severe_prediction,0.7336353809641634,False
2496,B1,ai_severe_prediction,0.7336353809641634,True
2496,C1,ai_severe_prediction,0.7336353809641634,False
2497,B1,ai_severe_prediction,0.7336353809641634,True
2497,C1,ai_severe_prediction,0.7336353809641634,False
2498,B1,ai_severe_prediction,0.7336353809641634,True
2498,C1,ai_severe_prediction,0.7336353809641634,False
2499,B1,ai_severe_prediction,0.7336353809641634,True
2499,C1,ai_severe_prediction,0.7336353809641634,False
2500,B1,ai_severe_prediction,0.7336353809641634,True
2500,C1,ai_severe_prediction,0.7336353809641634,False
2501,B1,ai_severe_prediction,0.7336353809641634,True
2501,C1,ai_severe_prediction,0.7336353809641633,False
2502,B1,ai_severe_prediction,0.7336353809641633,True
2502,C1,ai_severe_prediction,0.7336353809641634,False
2503,B1,ai_severe_prediction,0.7336353809641634,True
2503,C1,ai_severe_prediction,0.7336353809641634,False
2504,B1,ai_severe_prediction,0.7336353809641634,True
2504,C1,ai_severe_prediction,0.7336353809641634,False
2505,B1,ai_severe_prediction,0.7336353809641634,True
2505,C1,ai_severe_prediction,0.7336353809641633,False
2506,B1,ai_severe_prediction,0.7336353809641634,True
2506,C1,ai_severe_prediction,0.7336353809641634,False
2507,B1,ai_severe_prediction,0.7336353809641633,True
2507,C1,ai_severe_prediction,0.7336353809641633,False
2508,B1,ai_severe_prediction,0.7336353809641634,True
2508,C1,ai_severe_prediction,0.7336353809641634,False
2509,B1,ai_severe_prediction,0.7336353809641634,True
2509,C1,ai_severe_prediction,0.7336353809641634,False
2510,B1,ai_severe_prediction,0.7336353809641634,True
2510,C1,ai_severe_prediction,0.7336353809641633,False
2511,B1,ai_severe_prediction,0.7336353809641634,True
2511,C1,ai_severe_prediction,0.7336353809641634,False
2512,B1,ai_severe_prediction,0.7336353809641634,True
2512,C1,ai_severe_prediction,0.7336353809641634,False
2513,B1,ai_severe_prediction,0.7336353809641634,True
2513,C1,ai_severe_prediction,0.7336353809641634,False
2514,B1,ai_severe_prediction,0.7336353809641634,True
2514,C1,ai_severe_prediction,0.7336353809641634,False
2515,B1,ai_severe_prediction,0.7336353809641634,True
2515,C1,ai_severe_prediction,0.7336353809641634,False
2516,B1,ai_severe_prediction,0.7336353809641634,True
2516,C1,ai_severe_prediction,0.7336353809641634,False
2517,B1,ai_severe_prediction,0.7336353809641634,True
2517,C1,ai_severe_prediction,0.7336353809641634,False
2518,B1,ai_severe_prediction,0.7336353809641634,True
2518,C1,ai_severe_prediction,0.7336353809641634,False
2519,B1,ai_severe_prediction,0.7336353809641634,True
2519,C1,ai_severe_prediction,0.7336353809641634,False
2520,B1,ai_severe_prediction,0.7336353809641634,True
2520,C1,ai_severe_prediction,0.7336353809641634,False
2521,B1,ai_severe_prediction,0.7336353809641634,True
2521,C1,ai_severe_prediction,0.7336353809641633,False
2522,B1,ai_severe_prediction,0.7336353809641634,True
2522,C1,ai_severe_prediction,0.7336353809641634,False
2523,B1,ai_severe_prediction,0.7336353809641634,True
2523,C1,ai_severe_prediction,0.7336353809641634,False
2524,B1,ai_severe_prediction,0.7336353809641634,True
2524,C1,ai_severe_prediction,0.7336353809641634,False
2525,B1,ai_severe_prediction,0.7336353809641634,True
2525,C1,ai_severe_prediction,0.7336353809641634,False
2526,B1,ai_severe_prediction,0.7336353809641634,True
2526,C1,ai_severe_prediction,0.7336353809641634,False
2527,B1,ai_severe_prediction,0.7336353809641634,True
2527,C1,ai_severe_prediction,0.7336353809641634,False
2528,B1,ai_severe_prediction,0.7336353809641634,True
2528,C1,ai_severe_prediction,0.7336353809641634,False
2529,B1,ai_severe_prediction,0.7336353809641634,True
2529,C1,ai_severe_prediction,0.7336353809641634,False
2530,B1,ai_severe_prediction,0.7336353809641634,True
2530,C1,ai_severe_prediction,0.7336353809641634,False
2531,B1,ai_severe_prediction,0.7336353809641634,True
2531,C1,ai_severe_prediction,0.7336353809641634,False
2532,B1,ai_severe_prediction,0.7336353809641634,True
2532,C1,ai_severe_prediction,0.7336353809641634,False
2533,B1,ai_severe_prediction,0.7336353809641634,True
2533,C1,ai_severe_prediction,0.7336353809641634,False
2534,B1,ai_severe_prediction,0.7336353809641634,True
2534,C1,ai_severe_prediction,0.7336353809641634,False
2535,B1,ai_severe_prediction,0.7336353809641634,True
2535,C1,ai_severe_prediction,0.7336353809641634,False
2536,B1,ai_severe_prediction,0.7336353809641633,True
2536,C1,ai_severe_prediction,0.7336353809641633,False
2537,B1,ai_severe_prediction,0.7336353809641634,True
2537,C1,ai_severe_prediction,0.7336353809641634,False
2538,B1,ai_severe_prediction,0.7336353809641634,True
2538,C1,ai_severe_prediction,0.7336353809641633,False
2539,B1,ai_severe_prediction,0.7336353809641633,True
2539,C1,ai_severe_prediction,0.7336353809641634,False
2540,B1,ai_severe_prediction,0.7336353809641635,True
2540,C1,ai_severe_prediction,0.7336353809641634,False
2541,B1,ai_severe_prediction,0.7336353809641634,True
2541,C1,ai_severe_prediction,0.7336353809641634,False
2542,B1,ai_severe_prediction,0.7336353809641634,True
2542,C1,ai_severe_prediction,0.7336353809641634,False
2543,B1,ai_severe_prediction,0.7336353809641634,True
2543,C1,ai_severe_prediction,0.7336353809641634,False
2544,B1,ai_severe_prediction,0.7336353809641634,True
2544,C1,ai_severe_prediction,0.7336353809641634,False
2545,B1,ai_severe_prediction,0.7336353809641634,True
2545,C1,ai_severe_prediction,0.7336353809641634,False
2546,B1,ai_severe_prediction,0.7336353809641633,True
2546,C1,ai_severe_prediction,0.7336353809641634,False
2547,B1,ai_severe_prediction,0.7336353809641634,True
2547,C1,ai_severe_prediction,0.7336353809641634,False
2548,B1,ai_severe_prediction,0.7336353809641634,True
2548,C1,ai_severe_prediction,0.7336353809641634,False
2549,B1,ai_severe_prediction,0.7336353809641634,True
2549,C1,ai_severe_prediction,0.7336353809641634,False
2550,B1,ai_severe_prediction,0.7336353809641634,True
2550,C1,ai_severe_prediction,0.7336353809641634,False
2551,B1,ai_severe_prediction,0.7336353809641634,True
2551,C1,ai_severe_prediction,0.7336353809641635,False
2552,B1,ai_severe_prediction,0.7336353809641634,True
2552,C1,ai_severe_prediction,0.7336353809641634,False
2553,B1,ai_severe_prediction,0.7336353809641634,True
2553,C1,ai_severe_prediction,0.7336353809641634,False
2554,B1,ai_severe_prediction,0.7336353809641634,True
2554,C1,ai_severe_prediction,0.7336353809641634,False
2555,B1,ai_severe_prediction,0.7336353809641634,True
2555,C1,ai_severe_prediction,0.7336353809641634,False
2556,B1,ai_severe_prediction,0.7336353809641634,True
2556,C1,ai_severe_prediction,0.7336353809641634,False
2557,B1,ai_severe_prediction,0.7336353809641634,True
2557,C1,ai_severe_prediction,0.7336353809641634,False
2558,B1,ai_severe_prediction,0.7336353809641634,True
2558,C1,ai_severe_prediction,0.7336353809641634,False
2559,B1,ai_severe_prediction,0.7336353809641634,True
2559,C1,ai_severe_prediction,0.7336353809641634,False
2560,B1,ai_severe_prediction,0.7336353809641634,True
2560,C1,ai_severe_prediction,0.7336353809641634,False
2561,B1,ai_severe_prediction,0.7336353809641634,True
2561,C1,ai_severe_prediction,0.7336353809641633,False
2562,B1,ai_severe_prediction,0.7336353809641634,True
2562,C1,ai_severe_prediction,0.7336353809641634,False
2563,B1,ai_severe_prediction,0.7336353809641634,True
2563,C1,ai_severe_prediction,0.7336353809641634,False
2564,B1,ai_severe_prediction,0.7336353809641634,True
2564,C1,ai_severe_prediction,0.7336353809641634,False
2565,B1,ai_severe_prediction,0.7336353809641634,True
2565,C1,ai_severe_prediction,0.7336353809641634,False
2566,B1,ai_severe_prediction,0.7336353809641634,True
2566,C1,ai_severe_prediction,0.7336353809641634,False
2567,B1,ai_severe_prediction,0.7336353809641634,True
2567,C1,ai_severe_prediction,0.7336353809641634,False
2568,B1,ai_severe_prediction,0.7336353809641634,True
2568,C1,ai_severe_prediction,0.7336353809641634,False
2569,B1,ai_severe_prediction,0.7336353809641634,True
2569,C1,ai_severe_prediction,0.7336353809641634,False
2570,B1,ai_severe_prediction,0.7336353809641634,True
2570,C1,ai_severe_prediction,0.7336353809641634,False
2571,B1,ai_severe_prediction,0.7336353809641634,True
2571,C1,ai_severe_prediction,0.7336353809641634,False
2572,B1,ai_severe_prediction,0.7336353809641634,True
2572,C1,ai_severe_prediction,0.7336353809641634,False
2573,B1,ai_severe_prediction,0.7336353809641634,True
2573,C1,ai_severe_prediction,0.7336353809641634,False
2574,B1,ai_severe_prediction,0.7336353809641634,True
2574,C1,ai_severe_prediction,0.7336353809641634,False
2575,B1,ai_severe_prediction,0.7336353809641634,True
2575,C1,ai_severe_prediction,0.7336353809641634,False
2576,B1,ai_severe_prediction,0.7336353809641634,True
2576,C1,ai_severe_prediction,0.7336353809641634,False
2577,B1,ai_severe_prediction,0.7336353809641633,True
2577,C1,ai_severe_prediction,0.7336353809641634,False
2578,B1,ai_severe_prediction,0.7336353809641634,True
2578,C1,ai_severe_prediction,0.7336353809641634,False
2579,B1,ai_severe_prediction,0.7336353809641634,True
2579,C1,ai_severe_prediction,0.7336353809641634,False
2580,B1,ai_severe_prediction,0.7333976438284532,True
2580,C1,ai_severe_prediction,0.7333976438284532,False
2581,B1,ai_severe_prediction,0.7333976438284532,True
2581,C1,ai_severe_prediction,0.7333976438284532,False
2582,B1,ai_severe_prediction,0.7333976438284532,True
2582,C1,ai_severe_prediction,0.7333976438284532,False
2583,B1,ai_severe_prediction,0.7333976438284532,True
2583,C1,ai_severe_prediction,0.7333976438284532,False
2584,B1,ai_severe_prediction,0.7333976438284532,True
2584,C1,ai_severe_prediction,0.7333976438284532,False
2585,B1,ai_severe_prediction,0.7333976438284532,True
2585,C1,ai_severe_prediction,0.7333976438284532,False
2586,B1,ai_severe_prediction,0.7333976438284532,True
2586,C1,ai_severe_prediction,0.7333976438284532,False
2587,B1,ai_severe_prediction,0.7333976438284532,True
2587,C1,ai_severe_prediction,0.7333976438284532,False
2588,B1,ai_severe_prediction,0.7333976438284532,True
2588,C1,ai_severe_prediction,0.7333976438284532,False
2589,B1,ai_severe_prediction,0.7333976438284532,True
2589,C1,ai_severe_prediction,0.7333976438284532,False
2590,B1,ai_severe_prediction,0.7333976438284532,True
2590,C1,ai_severe_prediction,0.7333976438284532,False
2591,B1,ai_severe_prediction,0.7333976438284532,True
2591,C1,ai_severe_prediction,0.7333976438284532,False
2592,B1,ai_severe_prediction,0.7333976438284532,True
2592,C1,ai_severe_prediction,0.7333976438284532,False
2593,B1,ai_severe_prediction,0.7333976438284532,True
2593,C1,ai_severe_prediction,0.7333976438284532,False
2594,B1,ai_severe_prediction,0.7333976438284532,True
2594,C1,ai_severe_prediction,0.7333976438284532,False
2595,B1,ai_severe_prediction,0.7333976438284532,True
2595,C1,ai_severe_prediction,0.7333976438284532,False
2596,B1,ai_severe_prediction,0.7333976438284532,True
2596,C1,ai_severe_prediction,0.7333976438284532,False
2597,B1,ai_severe_prediction,0.7333976438284532,True
2597,C1,ai_severe_prediction,0.7333976438284532,False
2598,B1,ai_severe_prediction,0.7333976438284532,True
2598,C1,ai_severe_prediction,0.7333976438284532,False
2599,B1,ai_severe_prediction,0.7333976438284532,True
2599,C1,ai_severe_prediction,0.7333976438284532,False
2600,B1,ai_severe_prediction,0.7333976438284532,True
2600,C1,ai_severe_prediction,0.7333976438284532,False
2601,B1,ai_severe_prediction,0.7333976438284532,True
2601,C1,ai_severe_prediction,0.7333976438284532,False
2602,B1,ai_severe_prediction,0.7333976438284532,True
2602,C1,ai_severe_prediction,0.7333976438284532,False
2603,B1,ai_severe_prediction,0.7333976438284532,True
2603,C1,ai_severe_prediction,0.7333976438284532,False
2604,B1,ai_severe_prediction,0.7333976438284532,True
2604,C1,ai_severe_prediction,0.7333976438284532,False
2605,B1,ai_severe_prediction,0.7333976438284532,True
2605,C1,ai_severe_prediction,0.7333976438284532,False
2606,B1,ai_severe_prediction,0.7333976438284532,True
2606,C1,ai_severe_prediction,0.7333976438284532,False
2607,B1,ai_severe_prediction,0.7333976438284532,True
2607,C1,ai_severe_prediction,0.7333976438284532,False
2608,B1,ai_severe_prediction,0.7333976438284532,True
2608,C1,ai_severe_prediction,0.7333976438284532,False
2609,B1,ai_severe_prediction,0.7333976438284532,True
2609,C1,ai_severe_prediction,0.7333976438284532,False
2610,B1,ai_severe_prediction,0.7333976438284532,True
2610,C1,ai_severe_prediction,0.7333976438284532,False
2611,B1,ai_severe_prediction,0.7333976438284532,True
2611,C1,ai_severe_prediction,0.7333976438284532,False
2612,B1,ai_severe_prediction,0.7333976438284532,True
2612,C1,ai_severe_prediction,0.7333976438284532,False
2613,B1,ai_severe_prediction,0.7333976438284532,True
2613,C1,ai_severe_prediction,0.7333976438284532,False
2614,B1,ai_severe_prediction,0.7333976438284532,True
2614,C1,ai_severe_prediction,0.7333976438284532,False
2615,B1,ai_severe_prediction,0.7333976438284532,True
2615,C1,ai_severe_prediction,0.7333976438284532,False
2616,B1,ai_severe_prediction,0.7333976438284532,True
2616,C1,ai_severe_prediction,0.7333976438284532,False
2617,B1,ai_severe_prediction,0.7333976438284532,True
2617,C1,ai_severe_prediction,0.7333976438284532,False
2618,B1,ai_severe_prediction,0.7333976438284532,True
2618,C1,ai_severe_prediction,0.7333976438284532,False
2619,B1,ai_severe_prediction,0.7333976438284532,True
2619,C1,ai_severe_prediction,0.7333976438284532,False
2620,B1,ai_severe_prediction,0.7333976438284532,True
2620,C1,ai_severe_prediction,0.7333976438284532,False
2621,B1,ai_severe_prediction,0.7333976438284532,True
2621,C1,ai_severe_prediction,0.7333976438284532,False
2622,B1,ai_severe_prediction,0.7333976438284532,True
2622,C1,ai_severe_prediction,0.7333976438284532,False
2623,B1,ai_severe_prediction,0.7333976438284532,True
2623,C1,ai_severe_prediction,0.7333976438284532,False
2624,B1,ai_severe_prediction,0.7333976438284532,True
2624,C1,ai_severe_prediction,0.7333976438284532,False
2625,B1,ai_severe_prediction,0.7333976438284532,True
2625,C1,ai_severe_prediction,0.7333976438284532,False
2626,B1,ai_severe_prediction,0.7333976438284532,True
2626,C1,ai_severe_prediction,0.7333976438284532,False
2627,B1,ai_severe_prediction,0.7333976438284532,True
2627,C1,ai_severe_prediction,0.7333976438284532,False
2628,B1,ai_severe_prediction,0.7333976438284532,True
2628,C1,ai_severe_prediction,0.7333976438284532,False
2629,B1,ai_severe_prediction,0.7333976438284532,True
2629,C1,ai_severe_prediction,0.7333976438284532,False
2630,B1,ai_severe_prediction,0.7333976438284532,True
2630,C1,ai_severe_prediction,0.7333976438284532,False
2631,B1,ai_severe_prediction,0.7333976438284532,True
2631,C1,ai_severe_prediction,0.7333976438284532,False
2632,B1,ai_severe_prediction,0.7333976438284532,True
2632,C1,ai_severe_prediction,0.7333976438284532,False
2633,B1,ai_severe_prediction,0.7333976438284532,True
2633,C1,ai_severe_prediction,0.7333976438284532,False
2634,B1,ai_severe_prediction,0.7333976438284532,True
2634,C1,ai_severe_prediction,0.7333976438284532,False
2635,B1,ai_severe_prediction,0.7333976438284532,True
2635,C1,ai_severe_prediction,0.7333976438284532,False
2636,B1,ai_severe_prediction,0.7333976438284532,True
2636,C1,ai_severe_prediction,0.7333976438284532,False
2637,B1,ai_severe_prediction,0.7333976438284532,True
2637,C1,ai_severe_prediction,0.7333976438284532,False
2638,B1,ai_severe_prediction,0.7333976438284532,True
2638,C1,ai_severe_prediction,0.7333976438284532,False
2639,B1,ai_severe_prediction,0.7333976438284532,True
2639,C1,ai_severe_prediction,0.7333976438284532,False
2640,B1,ai_severe_prediction,0.7333976438284532,True
2640,C1,ai_severe_prediction,0.7333976438284532,False
2641,B1,ai_severe_prediction,0.7333976438284532,True
2641,C1,ai_severe_prediction,0.7333976438284532,False
2642,B1,ai_severe_prediction,0.7333976438284532,True
2642,C1,ai_severe_prediction,0.7333976438284532,False
2643,B1,ai_severe_prediction,0.7333976438284532,True
2643,C1,ai_severe_prediction,0.7333976438284532,False
2644,B1,ai_severe_prediction,0.7333976438284532,True
2644,C1,ai_severe_prediction,0.7333976438284532,False
2645,B1,ai_severe_prediction,0.7333976438284532,True
2645,C1,ai_severe_prediction,0.7333976438284532,False
2646,B1,ai_severe_prediction,0.7333976438284532,True
2646,C1,ai_severe_prediction,0.7333976438284533,False
2647,B1,ai_severe_prediction,0.7333976438284532,True
2647,C1,ai_severe_prediction,0.7333976438284532,False
2648,B1,ai_severe_prediction,0.7333976438284532,True
2648,C1,ai_severe_prediction,0.7333976438284532,False
2649,B1,ai_severe_prediction,0.7333976438284532,True
2649,C1,ai_severe_prediction,0.7333976438284532,False
2650,B1,ai_severe_prediction,0.7333976438284532,True
2650,C1,ai_severe_prediction,0.7333976438284532,False
2651,B1,ai_severe_prediction,0.7333976438284532,True
2651,C1,ai_severe_prediction,0.7333976438284532,False
2652,B1,ai_severe_prediction,0.7333976438284532,True
2652,C1,ai_severe_prediction,0.7333976438284532,False
2653,B1,ai_severe_prediction,0.7333976438284532,True
2653,C1,ai_severe_prediction,0.7333976438284532,False
2654,B1,ai_severe_prediction,0.7333976438284532,True
2654,C1,ai_severe_prediction,0.7333976438284532,False
2655,B1,ai_severe_prediction,0.7333976438284532,True
2655,C1,ai_severe_prediction,0.7333976438284532,False
2656,B1,ai_severe_prediction,0.7333976438284532,True
2656,C1,ai_severe_prediction,0.7333976438284532,False
2657,B1,ai_severe_prediction,0.7333976438284532,True
2657,C1,ai_severe_prediction,0.7333976438284532,False
2658,B1,ai_severe_prediction,0.7333976438284532,True
2658,C1,ai_severe_prediction,0.7333976438284532,False
2659,B1,ai_severe_prediction,0.7333976438284532,True
2659,C1,ai_severe_prediction,0.7333976438284532,False
2660,B1,ai_severe_prediction,0.7333976438284532,True
2660,C1,ai_severe_prediction,0.7333976438284532,False
2661,B1,ai_severe_prediction,0.7333976438284532,True
2661,C1,ai_severe_prediction,0.7333976438284532,False
2662,B1,ai_severe_prediction,0.7333976438284532,True
2662,C1,ai_severe_prediction,0.7333976438284532,False
2663,B1,ai_severe_prediction,0.7333976438284532,True
2663,C1,ai_severe_prediction,0.7333976438284532,False
2664,B1,ai_severe_prediction,0.7333976438284532,True
2664,C1,ai_severe_prediction,0.7333976438284532,False
2665,B1,ai_severe_prediction,0.7333976438284532,True
2665,C1,ai_severe_prediction,0.7333976438284532,False
2666,B1,ai_severe_prediction,0.7333976438284532,True
2666,C1,ai_severe_prediction,0.7333976438284532,False
2667,B1,ai_severe_prediction,0.7333976438284533,True
2667,C1,ai_severe_prediction,0.7333976438284532,False
2668,B1,ai_severe_prediction,0.7333976438284532,True
2668,C1,ai_severe_prediction,0.7333976438284532,False
2669,B1,ai_severe_prediction,0.7333976438284532,True
2669,C1,ai_severe_prediction,0.7333976438284532,False
2670,B1,ai_severe_prediction,0.7333976438284532,True
2670,C1,ai_severe_prediction,0.7333976438284532,False
2671,B1,ai_severe_prediction,0.7333976438284532,True
2671,C1,ai_severe_prediction,0.7333976438284532,False
2672,B1,ai_severe_prediction,0.7333976438284532,True
2672,C1,ai_severe_prediction,0.7333976438284532,False
2673,B1,ai_severe_prediction,0.7333976438284532,True
2673,C1,ai_severe_prediction,0.7333976438284532,False
2674,B1,ai_severe_prediction,0.7333976438284532,True
2674,C1,ai_severe_prediction,0.7333976438284532,False
2675,B1,ai_severe_prediction,0.7333976438284532,True
2675,C1,ai_severe_prediction,0.7333976438284532,False
2676,B1,ai_severe_prediction,0.7333976438284532,True
2676,C1,ai_severe_prediction,0.7333976438284532,False
2677,B1,ai_severe_prediction,0.7333976438284532,True
2677,C1,ai_severe_prediction,0.7333976438284532,False
2678,B1,ai_severe_prediction,0.7333976438284532,True
2678,C1,ai_severe_prediction,0.7333976438284532,False
2679,B1,ai_severe_prediction,0.7333976438284532,True
2679,C1,ai_severe_prediction,0.7333976438284532,False
2680,B1,ai_severe_prediction,0.7333976438284532,True
2680,C1,ai_severe_prediction,0.7333976438284532,False
2681,B1,ai_severe_prediction,0.7333976438284532,True
2681,C1,ai_severe_prediction,0.7333976438284532,False
2682,B1,ai_severe_prediction,0.7333976438284532,True
2682,C1,ai_severe_prediction,0.7333976438284532,False
2683,B1,ai_severe_prediction,0.7333976438284533,True
2683,C1,ai_severe_prediction,0.7333976438284532,False
2684,B1,ai_severe_prediction,0.7333976438284532,True
2684,C1,ai_severe_prediction,0.7333976438284532,False
2685,B1,ai_severe_prediction,0.7333976438284532,True
2685,C1,ai_severe_prediction,0.7333976438284532,False
2686,B1,ai_severe_prediction,0.7333976438284532,True
2686,C1,ai_severe_prediction,0.7333976438284532,False
2687,B1,ai_severe_prediction,0.7333976438284532,True
2687,C1,ai_severe_prediction,0.7333976438284532,False
2688,B1,ai_severe_prediction,0.7333976438284532,True
2688,C1,ai_severe_prediction,0.7333976438284532,False
2689,B1,ai_severe_prediction,0.7333976438284532,True
2689,C1,ai_severe_prediction,0.7333976438284532,False
2690,B1,ai_severe_prediction,0.7333976438284532,True
2690,C1,ai_severe_prediction,0.7333976438284532,False
2691,B1,ai_severe_prediction,0.7333976438284532,True
2691,C1,ai_severe_prediction,0.7333976438284532,False
2692,B1,ai_severe_prediction,0.7333976438284532,True
2692,C1,ai_severe_prediction,0.7333976438284532,False
2693,B1,ai_severe_prediction,0.7333976438284532,True
2693,C1,ai_severe_prediction,0.7333976438284532,False
2694,B1,ai_severe_prediction,0.7333976438284532,True
2694,C1,ai_severe_prediction,0.7333976438284532,False
2695,B1,ai_severe_prediction,0.7333976438284532,True
2695,C1,ai_severe_prediction,0.7333976438284532,False
2696,B1,ai_severe_prediction,0.7333976438284532,True
2696,C1,ai_severe_prediction,0.7333976438284532,False
2697,B1,ai_severe_prediction,0.7333976438284532,True
2697,C1,ai_severe_prediction,0.7333976438284532,False
2698,B1,ai_severe_prediction,0.7333976438284532,True
2698,C1,ai_severe_prediction,0.7333976438284532,False
2699,B1,ai_severe_prediction,0.7333976438284532,True
2699,C1,ai_severe_prediction,0.7333976438284532,False
2700,B1,ai_severe_prediction,0.7333976438284532,True
2700,C1,ai_severe_prediction,0.7333976438284532,False
2701,B1,ai_severe_prediction,0.7333976438284532,True
2701,C1,ai_severe_prediction,0.7333976438284532,False
2702,B1,ai_severe_prediction,0.7333976438284532,True
2702,C1,ai_severe_prediction,0.7333976438284532,False
2703,B1,ai_severe_prediction,0.7333976438284532,True
2703,C1,ai_severe_prediction,0.7333976438284532,False
2704,B1,ai_severe_prediction,0.7333976438284532,True
2704,C1,ai_severe_prediction,0.7333976438284532,False
2705,B1,ai_severe_prediction,0.7333976438284532,True
2705,C1,ai_severe_prediction,0.7333976438284532,False
2706,B1,ai_severe_prediction,0.7333976438284532,True
2706,C1,ai_severe_prediction,0.7333976438284532,False
2707,B1,ai_severe_prediction,0.7333976438284532,True
2707,C1,ai_severe_prediction,0.7333976438284532,False
2708,B1,ai_severe_prediction,0.7333976438284532,True
2708,C1,ai_severe_prediction,0.7333976438284532,False
2709,B1,ai_severe_prediction,0.7333976438284532,True
2709,C1,ai_severe_prediction,0.7333976438284532,False
2710,B1,ai_severe_prediction,0.7333976438284532,True
2710,C1,ai_severe_prediction,0.7333976438284532,False
2711,B1,ai_severe_prediction,0.7333976438284532,True
2711,C1,ai_severe_prediction,0.7333976438284532,False
2712,B1,ai_severe_prediction,0.7333976438284532,True
2712,C1,ai_severe_prediction,0.7333976438284532,False
2713,B1,ai_severe_prediction,0.7333976438284532,True
2713,C1,ai_severe_prediction,0.7333976438284532,False
2714,B1,ai_severe_prediction,0.7333976438284532,True
2714,C1,ai_severe_prediction,0.7333976438284532,False
2715,B1,ai_severe_prediction,0.7333976438284532,True
2715,C1,ai_severe_prediction,0.7333976438284532,False
2716,B1,ai_severe_prediction,0.7333976438284532,True
2716,C1,ai_severe_prediction,0.7333976438284532,False
2717,B1,ai_severe_prediction,0.7333976438284532,True
2717,C1,ai_severe_prediction,0.7333976438284532,False
2718,B1,ai_severe_prediction,0.7333976438284532,True
2718,C1,ai_severe_prediction,0.7333976438284532,False
2719,B1,ai_severe_prediction,0.7333976438284532,True
2719,C1,ai_severe_prediction,0.7333976438284532,False
2720,B1,ai_severe_prediction,0.7333976438284532,True
2720,C1,ai_severe_prediction,0.7333976438284532,False
2721,B1,ai_severe_prediction,0.7333976438284532,True
2721,C1,ai_severe_prediction,0.7333976438284532,False
2722,B1,ai_severe_prediction,0.7333976438284532,True
2722,C1,ai_severe_prediction,0.7333976438284532,False
2723,B1,ai_severe_prediction,0.7333976438284533,True
2723,C1,ai_severe_prediction,0.7333976438284532,False
2724,B1,ai_severe_prediction,0.7333976438284532,True
2724,C1,ai_severe_prediction,0.7333976438284532,False
2725,B1,accessible_vehicle,0.7333976438284532,True
2725,C1,ai_severe_prediction,0.7333976438284532,False
2726,B1,accessible_vehicle,0.7333976438284532,True
2726,C1,ai_severe_prediction,0.7333976438284532,False
2727,B1,accessible_vehicle,0.7333976438284532,True
2727,C1,ai_severe_prediction,0.7333976438284532,False
2728,B1,accessible_vehicle,0.7333976438284532,True
2728,C1,ai_severe_prediction,0.7333976438284532,False
2729,B1,accessible_vehicle,0.7333976438284532,True
2729,C1,ai_severe_prediction,0.7333976438284532,False
2730,B1,accessible_vehicle,0.7333976438284532,True
2730,C1,ai_severe_prediction,0.7333976438284532,False
2731,B1,accessible_vehicle,0.7333976438284532,True
2731,C1,ai_severe_prediction,0.7333976438284532,False
2732,B1,accessible_vehicle,0.7333976438284532,True
2732,C1,ai_severe_prediction,0.7333976438284532,False
2733,B1,accessible_vehicle,0.7333976438284532,True
2733,C1,ai_severe_prediction,0.7333976438284532,False
2734,B1,accessible_vehicle,0.7333976438284532,True
2734,C1,ai_severe_prediction,0.7333976438284532,False
2735,B1,accessible_vehicle,0.7333976438284532,True
2735,C1,ai_severe_prediction,0.7333976438284532,False
2736,B1,accessible_vehicle,0.7333976438284532,True
2736,C1,ai_severe_prediction,0.7333976438284532,False
2737,B1,accessible_vehicle,0.7333976438284532,True
2737,C1,ai_severe_prediction,0.7333976438284532,False
2738,B1,accessible_vehicle,0.7333976438284532,True
2738,C1,ai_severe_prediction,0.7333976438284532,False
2739,B1,accessible_vehicle,0.7333976438284532,True
2739,C1,ai_severe_prediction,0.7333976438284532,False
2740,B1,accessible_vehicle,0.7333976438284532,True
2740,C1,ai_severe_prediction,0.7333976438284532,False
2741,B1,accessible_vehicle,0.7333976438284532,True
2741,C1,ai_severe_prediction,0.7333976438284532,False
2742,B1,accessible_vehicle,0.7333976438284532,True
2742,C1,ai_severe_prediction,0.7333976438284532,False
2743,B1,accessible_vehicle,0.7333976438284532,True
2743,C1,ai_severe_prediction,0.7333976438284532,False
2744,B1,accessible_vehicle,0.7333976438284532,True
2744,C1,ai_severe_prediction,0.7333976438284532,False
2745,B1,accessible_vehicle,0.7333976438284532,True
2745,C1,ai_severe_prediction,0.7333976438284532,False
2746,B1,accessible_vehicle,0.7333976438284532,True
2746,C1,ai_severe_prediction,0.7333976438284532,False
2747,B1,accessible_vehicle,0.7333976438284532,True
2747,C1,ai_severe_prediction,0.7333976438284532,False
2748,B1,accessible_vehicle,0.7333976438284532,True
2748,C1,ai_severe_prediction,0.7333976438284532,False
2749,B1,accessible_vehicle,0.7333976438284532,True
2749,C1,ai_severe_prediction,0.7333976438284532,False
2750,B1,accessible_vehicle,0.7333976438284532,True
2750,C1,ai_severe_prediction,0.7333976438284532,False
2751,B1,accessible_vehicle,0.7333976438284532,True
2751,C1,ai_severe_prediction,0.7333976438284532,True
2752,B1,accessible_vehicle,0.7333976438284532,True
2752,C1,ai_severe_prediction,0.7333976438284532,True
2753,B1,accessible_vehicle,0.7333976438284532,True
2753,C1,ai_severe_prediction,0.7333976438284532,True
2754,B1,accessible_vehicle,0.7333976438284532,True
2754,C1,ai_severe_prediction,0.7333976438284532,True
2755,B1,accessible_vehicle,0.7333976438284531,True
2755,C1,ai_severe_prediction,0.7333976438284532,True
2756,B1,accessible_vehicle,0.7333976438284532,True
2756,C1,ai_severe_prediction,0.7333976438284532,True
2757,B1,accessible_vehicle,0.7333976438284532,True
2757,C1,ai_severe_prediction,0.7333976438284532,True
2758,B1,accessible_vehicle,0.7333976438284532,True
2758,C1,ai_severe_prediction,0.7333976438284532,True
2759,B1,accessible_vehicle,0.7333976438284532,True
2759,C1,ai_severe_prediction,0.7333976438284532,True
2760,B1,accessible_vehicle,0.7333976438284532,True
2760,C1,ai_severe_prediction,0.7333976438284532,True
2761,B1,accessible_vehicle,0.7333976438284532,True
2761,C1,ai_severe_prediction,0.7333976438284532,True
2762,B1,accessible_vehicle,0.7333976438284532,True
2762,C1,ai_severe_prediction,0.7333976438284532,True
2763,B1,accessible_vehicle,0.7333976438284532,True
2763,C1,ai_severe_prediction,0.7333976438284532,True
2764,B1,accessible_vehicle,0.7333976438284532,True
2764,C1,ai_severe_prediction,0.7333976438284532,True
2765,B1,accessible_vehicle,0.7333976438284532,True
2765,C1,ai_severe_prediction,0.7333976438284532,True
2766,B1,accessible_vehicle,0.7333976438284532,True
2766,C1,ai_severe_prediction,0.7333976438284532,True
2767,B1,accessible_vehicle,0.7333976438284532,True
2767,C1,ai_severe_prediction,0.7333976438284532,True
2768,B1,accessible_vehicle,0.7333976438284532,True
2768,C1,ai_severe_prediction,0.7333976438284532,True
2769,B1,accessible_vehicle,0.7333976438284532,True
2769,C1,ai_severe_prediction,0.7333976438284532,True
2770,B1,accessible_vehicle,0.7333976438284532,True
2770,C1,ai_severe_prediction,0.7333976438284532,True
2771,B1,accessible_vehicle,0.7333976438284532,True
2771,C1,ai_severe_prediction,0.7333976438284532,True
2772,B1,accessible_vehicle,0.7333976438284532,True
2772,C1,ai_severe_prediction,0.7333976438284532,True
2773,B1,accessible_vehicle,0.7333976438284532,True
2773,C1,ai_severe_prediction,0.7333976438284532,True
2774,B1,accessible_vehicle,0.7333976438284532,True
2774,C1,ai_severe_prediction,0.7333976438284532,True
2775,B1,accessible_vehicle,0.7333976438284532,True
2775,C1,ai_severe_prediction,0.7333976438284532,True
2776,B1,accessible_vehicle,0.7333976438284532,True
2776,C1,ai_severe_prediction,0.7333976438284532,True
2777,B1,accessible_vehicle,0.7333976438284532,True
2777,C1,ai_severe_prediction,0.7333976438284532,True
2778,B1,accessible_vehicle,0.7333976438284532,True
2778,C1,ai_severe_prediction,0.7333976438284532,True
2779,B1,accessible_vehicle,0.7333955817566636,True
2779,C1,ai_severe_prediction,0.7333976438284532,True
2780,B1,accessible_vehicle,0.7299998346401392,True
2780,C1,ai_severe_prediction,0.7333976438284532,True
2781,B1,accessible_vehicle,0.7308149388288712,True
2781,C1,ai_severe_prediction,0.7333976438284532,True
2782,B1,accessible_vehicle,0.7405907514186305,True
2782,C1,ai_severe_prediction,0.7333976438284532,True
2783,B1,accessible_vehicle,0.7308149388288712,True
2783,C1,ai_severe_prediction,0.7333976438284532,True
2784,B1,accessible_vehicle,0.7405907514186305,True
2784,C1,ai_severe_prediction,0.7333976438284532,True
2785,B1,accessible_vehicle,0.7308149388288712,True
2785,C1,ai_severe_prediction,0.7333976438284532,True
2786,B1,accessible_vehicle,0.7405907514186305,True
2786,C1,ai_severe_prediction,0.7333976438284532,True
2787,B1,accessible_vehicle,0.7308149388288708,True
2787,C1,ai_severe_prediction,0.7333976438284532,True
2788,B1,accessible_vehicle,0.7308149388288712,True
2788,C1,ai_severe_prediction,0.7333976438284532,True
2789,B1,accessible_vehicle,0.7405907514186305,True
2789,C1,ai_severe_prediction,0.7333976438284532,True
2790,B1,accessible_vehicle,0.7405907514186305,True
2790,C1,ai_severe_prediction,0.7333976438284532,True
2791,B1,accessible_vehicle,0.7463604528220412,True
2791,C1,ai_severe_prediction,0.7333976438284532,True
2792,B1,accessible_vehicle,0.7412775904408957,True
2792,C1,ai_severe_prediction,0.7333976438284532,True
2793,B1,accessible_vehicle,0.7463604528220412,True
2793,C1,ai_severe_prediction,0.7333976438284532,True
2794,B1,accessible_vehicle,0.7525051081066151,True
2794,C1,ai_severe_prediction,0.7333976438284532,True
2795,B1,accessible_vehicle,0.7486574839527509,True
2795,C1,ai_severe_prediction,0.7333976438284532,True
2796,B1,accessible_vehicle,0.7480394787242898,True
2796,C1,ai_severe_prediction,0.7333976438284532,True
2797,B1,accessible_vehicle,0.7609941624799913,True
2797,C1,ai_severe_prediction,0.7333976438284532,True
2798,B1,accessible_vehicle,0.7480394787242898,True
2798,C1,ai_severe_prediction,0.7333976438284532,True
2799,B1,accessible_vehicle,0.7593408487740275,True
2799,C1,ai_severe_prediction,0.7333976438284532,True
2800,B1,accessible_vehicle,0.746878576714081,True
2800,C1,ai_severe_prediction,0.7333976438284532,True
2801,B1,accessible_vehicle,0.7480394787242898,True
2801,C1,ai_severe_prediction,0.7333976438284532,True
2802,B1,accessible_vehicle,0.7653747962867244,True
2802,C1,ai_severe_prediction,0.7333976438284532,True
2803,B1,accessible_vehicle,0.7705546534374325,True
2803,C1,ai_severe_prediction,0.7333976438284532,True
2804,B1,accessible_vehicle,0.7635560538219345,True
2804,C1,ai_severe_prediction,0.7333976438284532,True
2805,B1,accessible_vehicle,0.762035718535231,True
2805,C1,ai_severe_prediction,0.7333976438284532,True
2806,B1,accessible_vehicle,0.75149601557505,True
2806,C1,ai_severe_prediction,0.7333976438284532,True
2807,B1,ai_severe_prediction,0.752532050136891,True
2807,C1,ai_severe_prediction,0.7333976438284532,True
2808,B1,ai_severe_prediction,0.750630032710491,True
2808,C1,ai_severe_prediction,0.7333976438284532,True
2809,B1,ai_severe_prediction,0.7513297649986685,True
2809,C1,ai_severe_prediction,0.7333976438284532,True
2810,B1,ai_severe_prediction,0.7494029851214543,True
2810,C1,ai_severe_prediction,0.7333976438284532,True
2811,B1,ai_severe_prediction,0.750630032710491,True
2811,C1,ai_severe_prediction,0.7333976438284532,True
2812,B1,ai_severe_prediction,0.7437149773057162,True
2812,C1,ai_severe_prediction,0.7333976438284532,True
2813,B1,ai_severe_prediction,0.7480258140161076,True
2813,C1,ai_severe_prediction,0.7333976438284532,True
2814,B1,ai_severe_prediction,0.7479266374539095,True
2814,C1,ai_severe_prediction,0.7333976438284532,True
2815,B1,ai_severe_prediction,0.7454334611279834,True
2815,C1,ai_severe_prediction,0.7333976438284531,True
2816,B1,ai_severe_prediction,0.7480258140161077,True
2816,C1,ai_severe_prediction,0.7333976438284531,True
2817,B1,ai_severe_prediction,0.7461562040197702,True
2817,C1,ai_severe_prediction,0.7333976438284532,True
2818,B1,ai_severe_prediction,0.7486342286428136,True
2818,C1,ai_severe_prediction,0.7333976438284532,True
2819,B1,ai_severe_prediction,0.7480258140161077,True
2819,C1,ai_severe_prediction,0.7333976438284532,True
2820,B1,ai_severe_prediction,0.7461562040197702,True
2820,C1,ai_severe_prediction,0.7333976438284532,True
2821,B1,ai_severe_prediction,0.7486342286428135,True
2821,C1,ai_severe_prediction,0.7333976438284532,True
2822,B1,ai_severe_prediction,0.7480258140161076,True
2822,C1,ai_severe_prediction,0.7333976438284532,True
2823,B1,ai_severe_prediction,0.7507617451767574,True
2823,C1,ai_severe_prediction,0.7333976438284532,True
2824,B1,ai_severe_prediction,0.7552566828788244,True
2824,C1,ai_severe_prediction,0.7333976438284532,True
2825,B1,ai_severe_prediction,0.7437149773057162,True
2825,C1,ai_severe_prediction,0.7333976438284532,True
2826,B1,ai_severe_prediction,0.7480258140161076,True
2826,C1,ai_severe_prediction,0.7333976438284532,True
2827,B1,ai_severe_prediction,0.7479266374539095,True
2827,C1,ai_severe_prediction,0.7333976438284532,True
2828,B1,ai_severe_prediction,0.7454334611279834,True
2828,C1,ai_severe_prediction,0.7333976438284532,True
2829,B1,ai_severe_prediction,0.7454334611279834,True
2829,C1,ai_severe_prediction,0.7333976438284532,True
2830,B1,ai_severe_prediction,0.749576088538752,True
2830,C1,ai_severe_prediction,0.7333976438284532,True
2831,B1,ai_severe_prediction,0.7525984906999448,True
2831,C1,ai_severe_prediction,0.7333976438284532,True
2832,B1,ai_severe_prediction,0.7525984906999448,True
2832,C1,ai_severe_prediction,0.7333976438284532,True
2833,B1,ai_severe_prediction,0.7631855637598348,True
2833,C1,ai_severe_prediction,0.7333976438284532,True
2834,B1,ai_severe_prediction,0.762035718535231,True
2834,C1,ai_severe_prediction,0.7333976438284532,True
2835,B1,ai_severe_prediction,0.762035718535231,True
2835,C1,ai_severe_prediction,0.7333976438284532,True
2836,B1,ai_severe_prediction,0.7609337869043499,True
2836,C1,ai_severe_prediction,0.7333976438284532,True
2837,B1,ai_severe_prediction,0.7643412437690584,True
2837,C1,ai_severe_prediction,0.7333976438284532,True
2838,B1,ai_severe_prediction,0.7643412437690584,True
2838,C1,ai_severe_prediction,0.7333976438284532,True
2839,B1,ai_severe_prediction,0.756251525862589,True
2839,C1,ai_severe_prediction,0.7333976438284532,True
2840,B1,ai_severe_prediction,0.747472203663787,True
2840,C1,ai_severe_prediction,0.7333976438284532,True
2841,B1,ai_severe_prediction,0.747472203663787,True
2841,C1,ai_severe_prediction,0.7333976438284532,True
2842,B1,ai_severe_prediction,0.7405907514186305,True
2842,C1,ai_severe_prediction,0.7333976438284532,True
2843,B1,ai_severe_prediction,0.7405907514186305,True
2843,C1,ai_severe_prediction,0.7333976438284532,True
2844,B1,ai_severe_prediction,0.7405907514186305,True
2844,C1,ai_severe_prediction,0.7333976438284532,True
2845,B1,ai_severe_prediction,0.7299998346401392,True
2845,C1,ai_severe_prediction,0.7333976438284532,True
2846,B1,ai_severe_prediction,0.7299998346401392,True
2846,C1,ai_severe_prediction,0.7333976438284532,True
2847,B1,ai_severe_prediction,0.7299998346401392,True
2847,C1,ai_severe_prediction,0.7333976438284532,True
2848,B1,ai_severe_prediction,0.7333955817566636,True
2848,C1,ai_severe_prediction,0.7333976438284532,True
2849,B1,ai_severe_prediction,0.7333955817566636,True
2849,C1,ai_severe_prediction,0.7333976438284532,True
2850,B1,ai_severe_prediction,0.7333955817566636,True
2850,C1,ai_severe_prediction,0.7333976438284532,True
2851,B1,ai_severe_prediction,0.7333976438284532,True
2851,C1,ai_severe_prediction,0.7333976438284532,True
2852,B1,ai_severe_prediction,0.7333976438284532,True
2852,C1,ai_severe_prediction,0.7333976438284532,True
2853,B1,ai_severe_prediction,0.7333976438284532,True
2853,C1,ai_severe_prediction,0.7333976438284532,True
2854,B1,ai_severe_prediction,0.7333976438284532,True
2854,C1,ai_severe_prediction,0.7333976438284532,True
2855,B1,ai_severe_prediction,0.7333976438284532,True
2855,C1,ai_severe_prediction,0.7333976438284532,True
2856,B1,ai_severe_prediction,0.7333976438284532,True
2856,C1,ai_severe_prediction,0.7333976438284532,True
2857,B1,ai_severe_prediction,0.7333976438284532,True
2857,C1,ai_severe_prediction,0.7333976438284532,True
2858,B1,ai_severe_prediction,0.7333976438284532,True
2858,C1,ai_severe_prediction,0.7333976438284532,True
2859,B1,ai_severe_prediction,0.7333976438284532,True
2859,C1,ai_severe_prediction,0.7333976438284532,True
2860,B1,ai_severe_prediction,0.7333976438284532,True
2860,C1,ai_severe_prediction,0.7333976438284532,True
2861,B1,ai_severe_prediction,0.7333976438284532,True
2861,C1,ai_severe_prediction,0.7333976438284532,True
2862,B1,ai_severe_prediction,0.7333976438284532,True
2862,C1,ai_severe_prediction,0.7333976438284532,True
2863,B1,ai_severe_prediction,0.7333976438284532,True
2863,C1,ai_severe_prediction,0.7333976438284532,True
2864,B1,ai_severe_prediction,0.7333976438284532,True
2864,C1,ai_severe_prediction,0.7333976438284532,True
2865,B1,ai_severe_prediction,0.7333976438284532,True
2865,C1,ai_severe_prediction,0.7333976438284532,True
2866,B1,ai_severe_prediction,0.7333976438284532,True
2866,C1,ai_severe_prediction,0.7333976438284532,True
2867,B1,ai_severe_prediction,0.7333976438284532,True
2867,C1,ai_severe_prediction,0.7333976438284532,True
2868,B1,ai_severe_prediction,0.7333976438284532,True
2868,C1,ai_severe_prediction,0.7333976438284532,True
2869,B1,ai_severe_prediction,0.7333976438284532,True
2869,C1,ai_severe_prediction,0.7333976438284532,True
2870,B1,ai_severe_prediction,0.7333976438284531,True
2870,C1,ai_severe_prediction,0.7333976438284532,True
2871,B1,ai_severe_prediction,0.7333976438284532,True
2871,C1,ai_severe_prediction,0.7333976438284532,True
2872,B1,ai_severe_prediction,0.7333976438284532,True
2872,C1,ai_severe_prediction,0.7333976438284532,True
2873,B1,ai_severe_prediction,0.7333976438284532,True
2873,C1,ai_severe_prediction,0.7333976438284532,True
2874,B1,ai_severe_prediction,0.7333976438284532,True
2874,C1,ai_severe_prediction,0.7333976438284532,True
2875,B1,ai_severe_prediction,0.7333976438284532,True
2875,C1,ai_severe_prediction,0.7333976438284532,True
2876,B1,ai_severe_prediction,0.7333976438284532,True
2876,C1,ai_severe_prediction,0.7333976438284532,True
2877,B1,ai_severe_prediction,0.7333976438284532,True
2877,C1,ai_severe_prediction,0.7333976438284532,True
2878,B1,ai_severe_prediction,0.7333976438284532,True
2878,C1,ai_severe_prediction,0.7333976438284532,True
2879,B1,ai_severe_prediction,0.7333976438284532,True
2879,C1,ai_severe_prediction,0.7333976438284532,True
2880,B1,ai_severe_prediction,0.7349891355025656,True
2880,C1,ai_severe_prediction,0.7349891355025656,True
2881,B1,ai_severe_prediction,0.7349891355025656,True
2881,C1,ai_severe_prediction,0.7349891355025656,True
2882,B1,ai_severe_prediction,0.7349891355025656,True
2882,C1,ai_severe_prediction,0.7349891355025656,True
2883,B1,ai_severe_prediction,0.7349891355025656,True
2883,C1,ai_severe_prediction,0.7349891355025656,True
2884,B1,ai_severe_prediction,0.7349891355025657,True
2884,C1,ai_severe_prediction,0.7349891355025656,True
2885,B1,ai_severe_prediction,0.7349891355025656,True
2885,C1,ai_severe_prediction,0.7349891355025656,True
2886,B1,ai_severe_prediction,0.7349891355025656,True
2886,C1,ai_severe_prediction,0.7349891355025656,True
2887,B1,ai_severe_prediction,0.7349891355025656,True
2887,C1,ai_severe_prediction,0.7349891355025656,True
2888,B1,ai_severe_prediction,0.7349891355025656,True
2888,C1,ai_severe_prediction,0.7349891355025656,True
2889,B1,ai_severe_prediction,0.7349891355025656,True
2889,C1,ai_severe_prediction,0.7349891355025656,True
2890,B1,ai_severe_prediction,0.7349891355025656,True
2890,C1,ai_severe_prediction,0.7349891355025655,True
2891,B1,ai_severe_prediction,0.7349891355025656,True
2891,C1,ai_severe_prediction,0.7349891355025656,True
2892,B1,ai_severe_prediction,0.7349891355025656,True
2892,C1,ai_severe_prediction,0.7349891355025656,True
2893,B1,ai_severe_prediction,0.7349891355025656,True
2893,C1,ai_severe_prediction,0.7349891355025656,True
2894,B1,ai_severe_prediction,0.7349891355025656,True
2894,C1,ai_severe_prediction,0.7349891355025656,True
2895,B1,ai_severe_prediction,0.7349891355025656,True
2895,C1,ai_severe_prediction,0.7349891355025656,True
2896,B1,ai_severe_prediction,0.7349891355025656,True
2896,C1,ai_severe_prediction,0.7349891355025656,True
2897,B1,ai_severe_prediction,0.7349891355025656,True
2897,C1,ai_severe_prediction,0.7349891355025656,True
2898,B1,ai_severe_prediction,0.7349891355025656,True
2898,C1,ai_severe_prediction,0.7349891355025656,True
2899,B1,ai_severe_prediction,0.7349891355025656,True
2899,C1,ai_severe_prediction,0.7349891355025656,True
2900,B1,ai_severe_prediction,0.7349891355025656,True
2900,C1,ai_severe_prediction,0.7349891355025656,True
2901,B1,ai_severe_prediction,0.7349891355025656,True
2901,C1,ai_severe_prediction,0.7349891355025656,True
2902,B1,ai_severe_prediction,0.7349891355025656,True
2902,C1,ai_severe_prediction,0.7349891355025656,True
2903,B1,ai_severe_prediction,0.7349891355025656,True
2903,C1,ai_severe_prediction,0.7349891355025656,True
2904,B1,ai_severe_prediction,0.7349891355025656,True
2904,C1,ai_severe_prediction,0.7349891355025656,True
2905,B1,ai_severe_prediction,0.7349891355025656,True
2905,C1,ai_severe_prediction,0.7349891355025656,True
2906,B1,ai_severe_prediction,0.7349891355025656,True
2906,C1,ai_severe_prediction,0.7349891355025656,True
2907,B1,ai_severe_prediction,0.7349891355025656,True
2907,C1,ai_severe_prediction,0.7349891355025656,True
2908,B1,ai_severe_prediction,0.7349891355025657,True
2908,C1,ai_severe_prediction,0.7349891355025656,True
2909,B1,ai_severe_prediction,0.7349891355025656,True
2909,C1,ai_severe_prediction,0.7349891355025656,True
2910,B1,ai_severe_prediction,0.7349891355025656,True
2910,C1,ai_severe_prediction,0.7349891355025656,True
2911,B1,ai_severe_prediction,0.7349891355025656,True
2911,C1,ai_severe_prediction,0.7349891355025656,True
2912,B1,ai_severe_prediction,0.7349891355025656,True
2912,C1,ai_severe_prediction,0.7349891355025656,True
2913,B1,ai_severe_prediction,0.7349891355025656,True
2913,C1,ai_severe_prediction,0.7349891355025656,True
2914,B1,ai_severe_prediction,0.7349891355025656,True
2914,C1,ai_severe_prediction,0.7349891355025656,True
2915,B1,ai_severe_prediction,0.7349891355025656,True
2915,C1,ai_severe_prediction,0.7349891355025656,True
2916,B1,ai_severe_prediction,0.7349891355025656,True
2916,C1,ai_severe_prediction,0.7349891355025656,True
2917,B1,ai_severe_prediction,0.7349891355025656,True
2917,C1,ai_severe_prediction,0.7349891355025656,True
2918,B1,ai_severe_prediction,0.7349891355025656,True
2918,C1,ai_severe_prediction,0.7349891355025656,True
2919,B1,ai_severe_prediction,0.7349891355025656,True
2919,C1,ai_severe_prediction,0.7349891355025656,True
2920,B1,ai_severe_prediction,0.7349891355025656,True
2920,C1,ai_severe_prediction,0.7349891355025656,True
2921,B1,ai_severe_prediction,0.7349891355025656,True
2921,C1,ai_severe_prediction,0.7349891355025656,True
2922,B1,ai_severe_prediction,0.7349891355025656,True
2922,C1,ai_severe_prediction,0.7349891355025656,True
2923,B1,ai_severe_prediction,0.7349891355025656,True
2923,C1,ai_severe_prediction,0.7349891355025656,True
2924,B1,ai_severe_prediction,0.7349891355025656,True
2924,C1,ai_severe_prediction,0.7349891355025656,True
2925,B1,ai_severe_prediction,0.7349891355025656,True
2925,C1,ai_severe_prediction,0.7349891355025656,True
2926,B1,ai_severe_prediction,0.7349891355025656,True
2926,C1,ai_severe_prediction,0.7349891355025656,True
2927,B1,ai_severe_prediction,0.7349891355025656,True
2927,C1,ai_severe_prediction,0.7349891355025656,True
2928,B1,ai_severe_prediction,0.7349891355025656,True
2928,C1,ai_severe_prediction,0.7349891355025656,True
2929,B1,ai_severe_prediction,0.7349891355025656,True
2929,C1,ai_severe_prediction,0.7349891355025656,True
2930,B1,ai_severe_prediction,0.7349891355025656,True
2930,C1,ai_severe_prediction,0.7349891355025656,True
2931,B1,ai_severe_prediction,0.7349891355025656,True
2931,C1,ai_severe_prediction,0.7349891355025656,True
2932,B1,ai_severe_prediction,0.7349891355025656,True
2932,C1,ai_severe_prediction,0.7349891355025656,True
2933,B1,ai_severe_prediction,0.7349891355025656,True
2933,C1,ai_severe_prediction,0.7349891355025656,True
2934,B1,ai_severe_prediction,0.7349891355025656,True
2934,C1,ai_severe_prediction,0.7349891355025656,True
2935,B1,ai_severe_prediction,0.7349891355025656,True
2935,C1,ai_severe_prediction,0.7349891355025656,True
2936,B1,ai_severe_prediction,0.7349891355025656,True
2936,C1,ai_severe_prediction,0.7349891355025656,True
2937,B1,ai_severe_prediction,0.7349891355025656,True
2937,C1,ai_severe_prediction,0.7349891355025656,True
2938,B1,ai_severe_prediction,0.7349891355025656,True
2938,C1,ai_severe_prediction,0.7349891355025656,True
2939,B1,ai_severe_prediction,0.7349891355025656,True
2939,C1,ai_severe_prediction,0.7349891355025656,True
2940,B1,ai_severe_prediction,0.7349891355025656,True
2940,C1,ai_severe_prediction,0.7349891355025656,True
2941,B1,ai_severe_prediction,0.7349891355025656,True
2941,C1,ai_severe_prediction,0.7349891355025656,True
2942,B1,ai_severe_prediction,0.7349891355025656,True
2942,C1,ai_severe_prediction,0.7349891355025656,True
2943,B1,ai_severe_prediction,0.7349891355025656,True
2943,C1,ai_severe_prediction,0.7349891355025656,True
2944,B1,ai_severe_prediction,0.7349891355025656,True
2944,C1,ai_severe_prediction,0.7349891355025656,True
2945,B1,ai_severe_prediction,0.7349891355025656,True
2945,C1,ai_severe_prediction,0.7349891355025656,True
2946,B1,ai_severe_prediction,0.7349891355025656,True
2946,C1,ai_severe_prediction,0.7349891355025656,True
2947,B1,ai_severe_prediction,0.7349891355025656,True
2947,C1,ai_severe_prediction,0.7349891355025656,True
2948,B1,ai_severe_prediction,0.7349891355025656,True
2948,C1,ai_severe_prediction,0.7349891355025656,True
2949,B1,ai_severe_prediction,0.7349891355025656,True
2949,C1,ai_severe_prediction,0.7349891355025656,True
2950,B1,ai_severe_prediction,0.7349891355025656,True
2950,C1,ai_severe_prediction,0.7349891355025656,True
2951,B1,ai_severe_prediction,0.7349891355025656,True
2951,C1,ai_severe_prediction,0.7349891355025656,True
2952,B1,ai_severe_prediction,0.7349891355025656,True
2952,C1,ai_severe_prediction,0.7349891355025656,True
2953,B1,ai_severe_prediction,0.7349891355025656,True
2953,C1,ai_severe_prediction,0.7349891355025656,True
2954,B1,ai_severe_prediction,0.7349891355025656,True
2954,C1,ai_severe_prediction,0.7349891355025656,True
2955,B1,ai_severe_prediction,0.7349891355025656,True
2955,C1,ai_severe_prediction,0.7349891355025655,True
2956,B1,ai_severe_prediction,0.7349891355025656,True
2956,C1,ai_severe_prediction,0.7349891355025656,True
2957,B1,ai_severe_prediction,0.7349891355025656,True
2957,C1,ai_severe_prediction,0.7349891355025656,True
2958,B1,ai_severe_prediction,0.7349891355025656,True
2958,C1,ai_severe_prediction,0.7349891355025656,True
2959,B1,ai_severe_prediction,0.7349891355025655,True
2959,C1,ai_severe_prediction,0.7349891355025656,True
2960,B1,ai_severe_prediction,0.7349891355025656,True
2960,C1,ai_severe_prediction,0.7349891355025656,True
2961,B1,ai_severe_prediction,0.7349891355025656,True
2961,C1,ai_severe_prediction,0.7349891355025656,True
2962,B1,ai_severe_prediction,0.7349891355025656,True
2962,C1,ai_severe_prediction,0.7349891355025656,True
2963,B1,ai_severe_prediction,0.7349891355025656,True
2963,C1,ai_severe_prediction,0.7349891355025656,True
2964,B1,ai_severe_prediction,0.7349891355025656,True
2964,C1,ai_severe_prediction,0.7349891355025656,True
2965,B1,ai_severe_prediction,0.7349891355025656,True
2965,C1,ai_severe_prediction,0.7349891355025656,True
2966,B1,ai_severe_prediction,0.7349891355025656,True
2966,C1,ai_severe_prediction,0.7349891355025656,True
2967,B1,ai_severe_prediction,0.7349891355025656,True
2967,C1,ai_severe_prediction,0.7349891355025656,True
2968,B1,ai_severe_prediction,0.7349891355025656,True
2968,C1,ai_severe_prediction,0.7349891355025656,True
2969,B1,ai_severe_prediction,0.7349891355025656,True
2969,C1,ai_severe_prediction,0.7349891355025656,True
2970,B1,ai_severe_prediction,0.7349891355025656,True
2970,C1,ai_severe_prediction,0.7349891355025656,True
2971,B1,ai_severe_prediction,0.7349891355025656,True
2971,C1,ai_severe_prediction,0.7349891355025656,True
2972,B1,ai_severe_prediction,0.7349891355025656,True
2972,C1,ai_severe_prediction,0.7349891355025656,True
2973,B1,ai_severe_prediction,0.7349891355025656,True
2973,C1,ai_severe_prediction,0.7349891355025656,True
2974,B1,ai_severe_prediction,0.7349891355025656,True
2974,C1,ai_severe_prediction,0.7349891355025656,True
2975,B1,ai_severe_prediction,0.7349891355025656,True
2975,C1,ai_severe_prediction,0.7349891355025656,True
2976,B1,ai_severe_prediction,0.7349891355025656,True
2976,C1,ai_severe_prediction,0.7349891355025656,True
2977,B1,ai_severe_prediction,0.7349891355025656,True
2977,C1,ai_severe_prediction,0.7349891355025656,True
2978,B1,ai_severe_prediction,0.7349891355025656,True
2978,C1,ai_severe_prediction,0.7349891355025656,True
2979,B1,ai_severe_prediction,0.7349891355025656,True
2979,C1,ai_severe_prediction,0.7349891355025656,True
2980,B1,ai_severe_prediction,0.7349891355025656,True
2980,C1,ai_severe_prediction,0.7349891355025656,True
2981,B1,ai_severe_prediction,0.7349891355025656,True
2981,C1,ai_severe_prediction,0.7349891355025656,True
2982,B1,ai_severe_prediction,0.7349891355025656,True
2982,C1,ai_severe_prediction,0.7349891355025656,True
2983,B1,ai_severe_prediction,0.7349891355025656,True
2983,C1,ai_severe_prediction,0.7349891355025656,True
2984,B1,ai_severe_prediction,0.7349891355025656,True
2984,C1,ai_severe_prediction,0.7349891355025656,True
2985,B1,ai_severe_prediction,0.7349891355025656,True
2985,C1,ai_severe_prediction,0.7349891355025656,True
2986,B1,ai_severe_prediction,0.7349891355025656,True
2986,C1,ai_severe_prediction,0.7349891355025656,True
2987,B1,ai_severe_prediction,0.7349891355025656,True
2987,C1,ai_severe_prediction,0.7349891355025655,True
2988,B1,ai_severe_prediction,0.7349891355025656,True
2988,C1,ai_severe_prediction,0.7349891355025657,True
2989,B1,ai_severe_prediction,0.7349891355025656,True
2989,C1,ai_severe_prediction,0.7349891355025656,True
2990,B1,ai_severe_prediction,0.7349891355025656,True
2990,C1,ai_severe_prediction,0.7349891355025656,True
2991,B1,ai_severe_prediction,0.7349891355025656,True
2991,C1,ai_severe_prediction,0.7349891355025656,True
2992,B1,ai_severe_prediction,0.7349891355025656,True
2992,C1,ai_severe_prediction,0.7349891355025656,True
2993,B1,ai_severe_prediction,0.7349891355025656,True
2993,C1,ai_severe_prediction,0.7349891355025656,True
2994,B1,ai_severe_prediction,0.7349891355025656,True
2994,C1,ai_severe_prediction,0.7349891355025656,True
2995,B1,ai_severe_prediction,0.7349891355025656,True
2995,C1,ai_severe_prediction,0.7349891355025656,True
2996,B1,ai_severe_prediction,0.7349891355025656,True
2996,C1,ai_severe_prediction,0.7349891355025656,True
2997,B1,ai_severe_prediction,0.7349891355025656,True
2997,C1,ai_severe_prediction,0.7349891355025656,True
2998,B1,ai_severe_prediction,0.7349891355025656,True
2998,C1,ai_severe_prediction,0.7349891355025656,True
2999,B1,ai_severe_prediction,0.7349891355025656,True
2999,C1,ai_severe_prediction,0.7349891355025656,True
3000,B1,ai_severe_prediction,0.7349891355025656,True
3000,C1,ai_severe_prediction,0.7349891355025656,True
3001,B1,ai_severe_prediction,0.7349891355025656,True
3001,C1,ai_severe_prediction,0.7349891355025656,True
3002,B1,ai_severe_prediction,0.7349891355025656,True
3002,C1,ai_severe_prediction,0.7349891355025656,True
3003,B1,ai_severe_prediction,0.7349891355025656,True
3003,C1,ai_severe_prediction,0.7349891355025656,True
3004,B1,ai_severe_prediction,0.7349891355025656,True
3004,C1,ai_severe_prediction,0.7349891355025656,True
3005,B1,ai_severe_prediction,0.7349891355025656,True
3005,C1,ai_severe_prediction,0.7349891355025656,True
3006,B1,ai_severe_prediction,0.7349891355025656,True
3006,C1,ai_severe_prediction,0.7349891355025656,True
3007,B1,ai_severe_prediction,0.7349891355025656,True
3007,C1,ai_severe_prediction,0.7349891355025656,True
3008,B1,ai_severe_prediction,0.7349891355025656,True
3008,C1,ai_severe_prediction,0.7349891355025656,True
3009,B1,ai_severe_prediction,0.7349891355025656,True
3009,C1,ai_severe_prediction,0.7349891355025656,True
3010,B1,ai_severe_prediction,0.7349891355025656,True
3010,C1,ai_severe_prediction,0.7349891355025656,True
3011,B1,ai_severe_prediction,0.7349891355025656,True
3011,C1,ai_severe_prediction,0.7349891355025656,True
3012,B1,ai_severe_prediction,0.7349891355025656,True
3012,C1,ai_severe_prediction,0.7349891355025656,True
3013,B1,ai_severe_prediction,0.7349891355025656,True
3013,C1,ai_severe_prediction,0.7349891355025656,True
3014,B1,ai_severe_prediction,0.7349891355025656,True
3014,C1,ai_severe_prediction,0.7349891355025656,True
3015,B1,ai_severe_prediction,0.7349891355025656,True
3015,C1,ai_severe_prediction,0.7349891355025656,True
3016,B1,ai_severe_prediction,0.7349891355025656,True
3016,C1,ai_severe_prediction,0.7349891355025656,True
3017,B1,ai_severe_prediction,0.7349891355025656,True
3017,C1,ai_severe_prediction,0.7349891355025656,True
3018,B1,ai_severe_prediction,0.7349891355025656,True
3018,C1,ai_severe_prediction,0.7349891355025656,True
3019,B1,ai_severe_prediction,0.7349891355025656,True
3019,C1,ai_severe_prediction,0.7349891355025657,True
3020,B1,ai_severe_prediction,0.7349891355025656,True
3020,C1,ai_severe_prediction,0.7349891355025657,True
3021,B1,ai_severe_prediction,0.7349891355025656,True
3021,C1,ai_severe_prediction,0.7349891355025656,True
3022,B1,ai_severe_prediction,0.7349891355025656,True
3022,C1,ai_severe_prediction,0.7349891355025656,True
3023,B1,ai_severe_prediction,0.7349891355025656,True
3023,C1,ai_severe_prediction,0.7349891355025656,True
3024,B1,ai_severe_prediction,0.7349891355025656,True
3024,C1,ai_severe_prediction,0.7349891355025655,True
3025,B1,ai_severe_prediction,0.7349891355025656,True
3025,C1,ai_severe_prediction,0.7349891355025656,True
3026,B1,ai_severe_prediction,0.7349891355025656,True
3026,C1,ai_severe_prediction,0.7349891355025656,True
3027,B1,ai_severe_prediction,0.7349891355025655,True
3027,C1,ai_severe_prediction,0.7349891355025656,True
3028,B1,ai_severe_prediction,0.7349891355025656,True
3028,C1,ai_severe_prediction,0.7349891355025656,True
3029,B1,ai_severe_prediction,0.7349891355025656,True
3029,C1,ai_severe_prediction,0.7349891355025657,True
3030,B1,ai_severe_prediction,0.7349891355025655,True
3030,C1,ai_severe_prediction,0.7349891355025656,True
3031,B1,ai_severe_prediction,0.7349891355025656,True
3031,C1,ai_severe_prediction,0.7349891355025655,True
3032,B1,ai_severe_prediction,0.7349891355025657,True
3032,C1,ai_severe_prediction,0.7349891355025656,True
3033,B1,ai_severe_prediction,0.7349891355025656,True
3033,C1,ai_severe_prediction,0.7349891355025656,True
3034,B1,ai_severe_prediction,0.7349891355025656,True
3034,C1,ai_severe_prediction,0.7349891355025656,True
3035,B1,ai_severe_prediction,0.7349891355025656,True
3035,C1,ai_severe_prediction,0.7349891355025656,True
3036,B1,ai_severe_prediction,0.7349891355025656,True
3036,C1,ai_severe_prediction,0.7349891355025655,True
3037,B1,ai_severe_prediction,0.7349891355025656,True
3037,C1,ai_severe_prediction,0.7349891355025656,True
3038,B1,ai_severe_prediction,0.7349891355025656,True
3038,C1,ai_severe_prediction,0.7349891355025656,True
3039,B1,ai_severe_prediction,0.7349891355025656,True
3039,C1,ai_severe_prediction,0.7349891355025656,True
3040,B1,ai_severe_prediction,0.7349891355025656,True
3040,C1,ai_severe_prediction,0.7349891355025656,True
3041,B1,ai_severe_prediction,0.7349891355025656,True
3041,C1,ai_severe_prediction,0.7349891355025657,True
3042,B1,ai_severe_prediction,0.7349891355025656,True
3042,C1,ai_severe_prediction,0.7349891355025656,True
3043,B1,ai_severe_prediction,0.7349891355025656,True
3043,C1,ai_severe_prediction,0.7349891355025656,True
3044,B1,ai_severe_prediction,0.7349891355025656,True
3044,C1,ai_severe_prediction,0.7349891355025656,True
3045,B1,ai_severe_prediction,0.7349891355025656,True
3045,C1,ai_severe_prediction,0.7349891355025656,True
3046,B1,ai_severe_prediction,0.7349891355025656,True
3046,C1,ai_severe_prediction,0.7349891355025656,True
3047,B1,ai_severe_prediction,0.7349891355025656,True
3047,C1,ai_severe_prediction,0.7349891355025656,True
3048,B1,ai_severe_prediction,0.7349891355025656,True
3048,C1,ai_severe_prediction,0.7349891355025656,True
3049,B1,ai_severe_prediction,0.7349891355025656,True
3049,C1,ai_severe_prediction,0.7349891355025656,True
3050,B1,ai_severe_prediction,0.7349891355025656,True
3050,C1,ai_severe_prediction,0.7349891355025657,True
3051,B1,ai_severe_prediction,0.7349891355025656,True
3051,C1,ai_severe_prediction,0.7349891355025656,True
3052,B1,ai_severe_prediction,0.7349891355025656,True
3052,C1,ai_severe_prediction,0.7349891355025657,True
3053,B1,ai_severe_prediction,0.7349891355025656,True
3053,C1,ai_severe_prediction,0.7349891355025656,True
3054,B1,ai_severe_prediction,0.7349891355025656,True
3054,C1,ai_severe_prediction,0.7349891355025656,True
3055,B1,ai_severe_prediction,0.7349891355025656,True
3055,C1,ai_severe_prediction,0.7349891355025656,True
3056,B1,ai_severe_prediction,0.7349891355025656,True
3056,C1,ai_severe_prediction,0.7349891355025656,True
3057,B1,ai_severe_prediction,0.7349891355025656,True
3057,C1,ai_severe_prediction,0.7349891355025656,True
3058,B1,ai_severe_prediction,0.7349891355025656,True
3058,C1,ai_severe_prediction,0.7349891355025656,True
3059,B1,ai_severe_prediction,0.7349891355025656,True
3059,C1,ai_severe_prediction,0.7349891355025656,True
3060,B1,ai_severe_prediction,0.7349891355025656,True
3060,C1,ai_severe_prediction,0.7349891355025656,True
3061,B1,ai_severe_prediction,0.7349891355025656,True
3061,C1,ai_severe_prediction,0.7349891355025656,True
3062,B1,ai_severe_prediction,0.7349891355025656,True
3062,C1,ai_severe_prediction,0.7349891355025656,True
3063,B1,ai_severe_prediction,0.7349891355025656,True
3063,C1,ai_severe_prediction,0.7349891355025656,True
3064,B1,ai_severe_prediction,0.7349891355025656,True
3064,C1,ai_severe_prediction,0.7349891355025656,True
3065,B1,ai_severe_prediction,0.7349891355025656,True
3065,C1,ai_severe_prediction,0.7349891355025656,True
3066,B1,ai_severe_prediction,0.7349891355025656,True
3066,C1,ai_severe_prediction,0.7349891355025656,True
3067,B1,ai_severe_prediction,0.7349891355025656,True
3067,C1,ai_severe_prediction,0.7349891355025656,True
3068,B1,ai_severe_prediction,0.7349891355025656,True
3068,C1,ai_severe_prediction,0.7349891355025656,True
3069,B1,ai_severe_prediction,0.7349891355025656,True
3069,C1,ai_severe_prediction,0.7349891355025656,True
3070,B1,ai_severe_prediction,0.7349891355025656,True
3070,C1,ai_severe_prediction,0.7349891355025656,True
3071,B1,ai_severe_prediction,0.7349891355025656,True
3071,C1,ai_severe_prediction,0.7349891355025656,True
3072,B1,ai_severe_prediction,0.7349891355025656,True
3072,C1,ai_severe_prediction,0.7349891355025656,True
3073,B1,ai_severe_prediction,0.7349891355025656,True
3073,C1,ai_severe_prediction,0.7349891355025656,True
3074,B1,ai_severe_prediction,0.7349891355025656,True
3074,C1,ai_severe_prediction,0.7349891355025656,True
3075,B1,ai_severe_prediction,0.7349891355025656,True
3075,C1,ai_severe_prediction,0.7349891355025656,True
3076,B1,ai_severe_prediction,0.7349891355025656,True
3076,C1,ai_severe_prediction,0.7349891355025656,True
3077,B1,ai_severe_prediction,0.7349891355025656,True
3077,C1,ai_severe_prediction,0.7349891355025656,True
3078,B1,ai_severe_prediction,0.7349891355025656,True
3078,C1,ai_severe_prediction,0.7349891355025656,True
3079,B1,ai_severe_prediction,0.7349891355025656,True
3079,C1,ai_severe_prediction,0.7349891355025656,True
3080,B1,ai_severe_prediction,0.7349891355025656,True
3080,C1,ai_severe_prediction,0.7349891355025656,True
3081,B1,ai_severe_prediction,0.7349891355025656,True
3081,C1,ai_severe_prediction,0.7349891355025656,True
3082,B1,ai_severe_prediction,0.7349891355025656,True
3082,C1,ai_severe_prediction,0.7349891355025656,True
3083,B1,ai_severe_prediction,0.7349891355025656,True
3083,C1,ai_severe_prediction,0.7349891355025656,True
3084,B1,ai_severe_prediction,0.7349891355025656,True
3084,C1,ai_severe_prediction,0.7349891355025656,True
3085,B1,ai_severe_prediction,0.7349891355025656,True
3085,C1,ai_severe_prediction,0.7349891355025656,True
3086,B1,ai_severe_prediction,0.7349891355025656,True
3086,C1,ai_severe_prediction,0.7349891355025656,True
3087,B1,ai_severe_prediction,0.7349891355025656,True
3087,C1,ai_severe_prediction,0.7349891355025656,True
3088,B1,ai_severe_prediction,0.7349891355025656,True
3088,C1,ai_severe_prediction,0.7349891355025656,True
3089,B1,ai_severe_prediction,0.7349891355025656,True
3089,C1,ai_severe_prediction,0.7349891355025656,True
3090,B1,ai_severe_prediction,0.7349891355025656,True
3090,C1,ai_severe_prediction,0.7349891355025656,True
3091,B1,ai_severe_prediction,0.7349891355025656,True
3091,C1,ai_severe_prediction,0.7349891355025656,True
3092,B1,ai_severe_prediction,0.7349891355025656,True
3092,C1,ai_severe_prediction,0.7349891355025656,True
3093,B1,ai_severe_prediction,0.7349891355025656,True
3093,C1,ai_severe_prediction,0.7349891355025656,True
3094,B1,ai_severe_prediction,0.7349891355025656,True
3094,C1,ai_severe_prediction,0.7349891355025656,True
3095,B1,ai_severe_prediction,0.7349891355025656,True
3095,C1,ai_severe_prediction,0.7349891355025655,True
3096,B1,ai_severe_prediction,0.7349891355025656,True
3096,C1,ai_severe_prediction,0.7349891355025656,True
3097,B1,ai_severe_prediction,0.7349891355025656,True
3097,C1,ai_severe_prediction,0.7349891355025656,True
3098,B1,ai_severe_prediction,0.7349891355025656,True
3098,C1,ai_severe_prediction,0.7349891355025656,True
3099,B1,ai_severe_prediction,0.7349891355025656,True
3099,C1,ai_severe_prediction,0.7349891355025656,True
3100,B1,ai_severe_prediction,0.7349891355025656,True
3100,C1,ai_severe_prediction,0.7349891355025656,True
3101,B1,ai_severe_prediction,0.7349891355025656,True
3101,C1,ai_severe_prediction,0.7349891355025656,True
3102,B1,ai_severe_prediction,0.7349891355025656,True
3102,C1,ai_severe_prediction,0.7349891355025656,True
3103,B1,ai_severe_prediction,0.7349891355025656,True
3103,C1,ai_severe_prediction,0.7349891355025656,True
3104,B1,ai_severe_prediction,0.7349891355025656,True
3104,C1,ai_severe_prediction,0.7349891355025656,True
3105,B1,ai_severe_prediction,0.7349891355025656,True
3105,C1,ai_severe_prediction,0.7349891355025656,True
3106,B1,ai_severe_prediction,0.7349891355025656,True
3106,C1,ai_severe_prediction,0.7349891355025656,True
3107,B1,ai_severe_prediction,0.7349891355025656,True
3107,C1,ai_severe_prediction,0.7349891355025656,True
3108,B1,ai_severe_prediction,0.7349891355025656,True
3108,C1,ai_severe_prediction,0.7349891355025656,True
3109,B1,ai_severe_prediction,0.7349891355025656,True
3109,C1,ai_severe_prediction,0.7349891355025656,True
3110,B1,ai_severe_prediction,0.7349891355025656,True
3110,C1,ai_severe_prediction,0.7349891355025656,True
3111,B1,ai_severe_prediction,0.7349891355025656,True
3111,C1,ai_severe_prediction,0.7349891355025656,True
3112,B1,ai_severe_prediction,0.7349891355025656,True
3112,C1,ai_severe_prediction,0.7349891355025656,True
3113,B1,ai_severe_prediction,0.7349891355025656,True
3113,C1,ai_severe_prediction,0.7349891355025656,True
3114,B1,ai_severe_prediction,0.7349891355025656,True
3114,C1,ai_severe_prediction,0.7349891355025656,True
3115,B1,ai_severe_prediction,0.7349891355025656,True
3115,C1,ai_severe_prediction,0.7349891355025656,True
3116,B1,ai_severe_prediction,0.7349891355025656,True
3116,C1,ai_severe_prediction,0.7349891355025656,True
3117,B1,ai_severe_prediction,0.7349891355025656,True
3117,C1,ai_severe_prediction,0.7349891355025656,True
3118,B1,ai_severe_prediction,0.7349891355025656,True
3118,C1,ai_severe_prediction,0.7349891355025656,True
3119,B1,ai_severe_prediction,0.7349891355025656,True
3119,C1,ai_severe_prediction,0.7349891355025656,True
3120,B1,ai_severe_prediction,0.7349891355025656,True
3120,C1,ai_severe_prediction,0.7349891355025656,True
3121,B1,ai_severe_prediction,0.7349891355025656,True
3121,C1,ai_severe_prediction,0.7349891355025656,True
3122,B1,ai_severe_prediction,0.7349891355025656,True
3122,C1,ai_severe_prediction,0.7349891355025656,True
3123,B1,ai_severe_prediction,0.7349891355025656,True
3123,C1,ai_severe_prediction,0.7349891355025656,True
3124,B1,ai_severe_prediction,0.7349891355025656,True
3124,C1,ai_severe_prediction,0.7349891355025656,True
3125,B1,ai_severe_prediction,0.7349891355025656,True
3125,C1,ai_severe_prediction,0.7349891355025656,True
3126,B1,ai_severe_prediction,0.7349891355025656,True
3126,C1,ai_severe_prediction,0.7349891355025656,True
3127,B1,ai_severe_prediction,0.7349891355025656,True
3127,C1,ai_severe_prediction,0.7349891355025656,True
3128,B1,ai_severe_prediction,0.7349891355025656,True
3128,C1,ai_severe_prediction,0.7349891355025656,True
3129,B1,ai_severe_prediction,0.7349891355025655,True
3129,C1,ai_severe_prediction,0.7349891355025656,True
3130,B1,ai_severe_prediction,0.7349891355025656,True
3130,C1,ai_severe_prediction,0.7349891355025656,True
3131,B1,ai_severe_prediction,0.7349891355025656,True
3131,C1,ai_severe_prediction,0.7349891355025656,True
3132,B1,ai_severe_prediction,0.7349891355025656,True
3132,C1,ai_severe_prediction,0.7349891355025656,True
3133,B1,ai_severe_prediction,0.7349891355025656,True
3133,C1,ai_severe_prediction,0.7349891355025656,True
3134,B1,ai_severe_prediction,0.7349891355025656,True
3134,C1,ai_severe_prediction,0.7349891355025656,True
3135,B1,ai_severe_prediction,0.7349891355025656,True
3135,C1,ai_severe_prediction,0.7349891355025656,True
3136,B1,ai_severe_prediction,0.7349891355025656,True
3136,C1,ai_severe_prediction,0.7349891355025656,True
3137,B1,ai_severe_prediction,0.7349891355025656,True
3137,C1,ai_severe_prediction,0.7349891355025656,True
3138,B1,ai_severe_prediction,0.7349891355025656,True
3138,C1,ai_severe_prediction,0.7349891355025655,True
3139,B1,ai_severe_prediction,0.7349891355025656,True
3139,C1,ai_severe_prediction,0.7349891355025656,True
3140,B1,ai_severe_prediction,0.7349891355025656,True
3140,C1,ai_severe_prediction,0.7349891355025656,True
3141,B1,ai_severe_prediction,0.7349891355025656,True
3141,C1,ai_severe_prediction,0.7349891355025656,True
3142,B1,ai_severe_prediction,0.7349891355025656,True
3142,C1,ai_severe_prediction,0.7349891355025656,True
3143,B1,ai_severe_prediction,0.7349891355025656,True
3143,C1,ai_severe_prediction,0.7349891355025656,True
3144,B1,ai_severe_prediction,0.7349891355025656,True
3144,C1,ai_severe_prediction,0.7349891355025656,True
3145,B1,ai_severe_prediction,0.7349891355025656,True
3145,C1,ai_severe_prediction,0.7349891355025656,True
3146,B1,ai_severe_prediction,0.7349891355025656,True
3146,C1,ai_severe_prediction,0.7349891355025656,True
3147,B1,ai_severe_prediction,0.7349891355025656,True
3147,C1,ai_severe_prediction,0.7349891355025656,True
3148,B1,ai_severe_prediction,0.7349891355025656,True
3148,C1,ai_severe_prediction,0.7349891355025656,True
3149,B1,ai_severe_prediction,0.7349891355025656,True
3149,C1,ai_severe_prediction,0.7349891355025656,True
3150,B1,ai_severe_prediction,0.7349891355025657,True
3150,C1,ai_severe_prediction,0.7349891355025655,True
3151,B1,ai_severe_prediction,0.7349891355025656,True
3151,C1,ai_severe_prediction,0.7349891355025656,True
3152,B1,ai_severe_prediction,0.7349891355025656,True
3152,C1,ai_severe_prediction,0.7349891355025656,True
3153,B1,ai_severe_prediction,0.7349891355025656,True
3153,C1,ai_severe_prediction,0.7349891355025656,True
3154,B1,ai_severe_prediction,0.7349891355025656,True
3154,C1,ai_severe_prediction,0.7349891355025656,True
3155,B1,ai_severe_prediction,0.7349891355025656,True
3155,C1,ai_severe_prediction,0.7349891355025656,True
3156,B1,ai_severe_prediction,0.7349891355025656,True
3156,C1,ai_severe_prediction,0.7349891355025656,True
3157,B1,ai_severe_prediction,0.7349891355025656,True
3157,C1,ai_severe_prediction,0.7349891355025656,True
3158,B1,ai_severe_prediction,0.7349891355025656,True
3158,C1,ai_severe_prediction,0.7349891355025656,True
3159,B1,ai_severe_prediction,0.7349891355025656,True
3159,C1,ai_severe_prediction,0.7349891355025656,True
3160,B1,ai_severe_prediction,0.7349891355025656,True
3160,C1,ai_severe_prediction,0.7349891355025656,True
3161,B1,ai_severe_prediction,0.7349891355025656,True
3161,C1,ai_severe_prediction,0.7349891355025656,True
3162,B1,ai_severe_prediction,0.7349891355025656,True
3162,C1,ai_severe_prediction,0.7349891355025656,True
3163,B1,ai_severe_prediction,0.7349891355025656,True
3163,C1,ai_severe_prediction,0.7349891355025656,True
3164,B1,ai_severe_prediction,0.7349891355025656,True
3164,C1,ai_severe_prediction,0.7349891355025656,True
3165,B1,ai_severe_prediction,0.7349891355025657,True
3165,C1,ai_severe_prediction,0.7349891355025656,True
3166,B1,ai_severe_prediction,0.7349891355025656,True
3166,C1,ai_severe_prediction,0.7349891355025656,True
3167,B1,ai_severe_prediction,0.7349891355025656,True
3167,C1,ai_severe_prediction,0.7349891355025656,True
3168,B1,ai_severe_prediction,0.7349891355025656,True
3168,C1,ai_severe_prediction,0.7349891355025656,True
3169,B1,ai_severe_prediction,0.7349891355025656,True
3169,C1,ai_severe_prediction,0.7349891355025656,True
3170,B1,ai_severe_prediction,0.7349891355025656,True
3170,C1,ai_severe_prediction,0.7349891355025656,True
3171,B1,ai_severe_prediction,0.7349891355025656,True
3171,C1,ai_severe_prediction,0.7349891355025656,True
3172,B1,ai_severe_prediction,0.7349891355025656,True
3172,C1,ai_severe_prediction,0.7349891355025656,True
3173,B1,ai_severe_prediction,0.7349891355025656,True
3173,C1,ai_severe_prediction,0.7349891355025656,True
3174,B1,ai_severe_prediction,0.7349891355025656,True
3174,C1,ai_severe_prediction,0.7349891355025656,True
3175,B1,ai_severe_prediction,0.7349891355025656,True
3175,C1,ai_severe_prediction,0.7349891355025656,True
3176,B1,ai_severe_prediction,0.7349891355025656,True
3176,C1,ai_severe_prediction,0.7349891355025656,True
3177,B1,ai_severe_prediction,0.7349891355025656,True
3177,C1,ai_severe_prediction,0.7349891355025656,True
3178,B1,ai_severe_prediction,0.7349891355025656,True
3178,C1,ai_severe_prediction,0.7349891355025656,True
3179,B1,ai_severe_prediction,0.7349891355025656,True
3179,C1,ai_severe_prediction,0.7349891355025656,True
3180,B1,ai_severe_prediction,0.7349891355025656,True
3180,C1,ai_severe_prediction,0.7349891355025656,True
3181,B1,ai_severe_prediction,0.7349891355025656,True
3181,C1,ai_severe_prediction,0.7349891355025656,True
3182,B1,ai_severe_prediction,0.7349891355025656,True
3182,C1,ai_severe_prediction,0.7349891355025656,True
3183,B1,ai_severe_prediction,0.7349891355025656,True
3183,C1,ai_severe_prediction,0.7349891355025656,True
3184,B1,ai_severe_prediction,0.7349891355025656,True
3184,C1,ai_severe_prediction,0.7349891355025656,True
3185,B1,ai_severe_prediction,0.7349891355025656,True
3185,C1,ai_severe_prediction,0.7349891355025656,True
3186,B1,ai_severe_prediction,0.7349891355025656,True
3186,C1,ai_severe_prediction,0.7349891355025656,True
3187,B1,ai_severe_prediction,0.7349891355025656,True
3187,C1,ai_severe_prediction,0.7349891355025656,True
3188,B1,ai_severe_prediction,0.7349891355025656,True
3188,C1,ai_severe_prediction,0.7349891355025656,True
3189,B1,ai_severe_prediction,0.7349891355025656,True
3189,C1,ai_severe_prediction,0.7349891355025656,True
3190,B1,ai_severe_prediction,0.7349891355025656,True
3190,C1,ai_severe_prediction,0.7349891355025656,True
3191,B1,ai_severe_prediction,0.7349891355025656,True
3191,C1,ai_severe_prediction,0.7349891355025656,True
3192,B1,ai_severe_prediction,0.7349891355025656,True
3192,C1,ai_severe_prediction,0.7349891355025656,True
3193,B1,ai_severe_prediction,0.7349891355025656,True
3193,C1,ai_severe_prediction,0.7349891355025656,True
3194,B1,ai_severe_prediction,0.7349891355025656,True
3194,C1,ai_severe_prediction,0.7349891355025656,True
3195,B1,ai_severe_prediction,0.7349891355025656,True
3195,C1,ai_severe_prediction,0.7349891355025656,True
3196,B1,ai_severe_prediction,0.7349891355025656,True
3196,C1,ai_severe_prediction,0.7349891355025656,True
3197,B1,ai_severe_prediction,0.7349891355025656,True
3197,C1,ai_severe_prediction,0.7349891355025656,True
3198,B1,ai_severe_prediction,0.7349891355025656,True
3198,C1,ai_severe_prediction,0.7349891355025656,True
3199,B1,ai_severe_prediction,0.7349891355025656,True
3199,C1,ai_severe_prediction,0.7349891355025656,True
3200,B1,ai_severe_prediction,0.7349891355025656,True
3200,C1,ai_severe_prediction,0.7349891355025656,True
3201,B1,ai_severe_prediction,0.7349891355025656,True
3201,C1,ai_severe_prediction,0.7349891355025656,True
3202,B1,ai_severe_prediction,0.7349891355025656,True
3202,C1,ai_severe_prediction,0.7349891355025656,True
3203,B1,ai_severe_prediction,0.7349891355025656,True
3203,C1,ai_severe_prediction,0.7349891355025656,True
3204,B1,ai_severe_prediction,0.7349891355025656,True
3204,C1,ai_severe_prediction,0.7349891355025656,True
3205,B1,ai_severe_prediction,0.7349891355025656,True
3205,C1,ai_severe_prediction,0.7349891355025656,True
3206,B1,ai_severe_prediction,0.7349891355025656,True
3206,C1,ai_severe_prediction,0.7349891355025656,True
3207,B1,ai_severe_prediction,0.7349891355025656,True
3207,C1,ai_severe_prediction,0.7349891355025656,True
3208,B1,ai_severe_prediction,0.7349891355025656,True
3208,C1,ai_severe_prediction,0.7349891355025656,True
3209,B1,ai_severe_prediction,0.7349891355025656,True
3209,C1,ai_severe_prediction,0.7349891355025656,True
3210,B1,ai_severe_prediction,0.7349891355025657,True
3210,C1,ai_severe_prediction,0.7349891355025656,True
3211,B1,ai_severe_prediction,0.7349891355025656,True
3211,C1,ai_severe_prediction,0.7349891355025656,True
3212,B1,ai_severe_prediction,0.7349891355025656,True
3212,C1,ai_severe_prediction,0.7349891355025656,True
3213,B1,ai_severe_prediction,0.7349891355025656,True
3213,C1,ai_severe_prediction,0.7349891355025656,True
3214,B1,ai_severe_prediction,0.7349891355025656,True
3214,C1,ai_severe_prediction,0.7349891355025656,True
3215,B1,ai_severe_prediction,0.7349891355025656,True
3215,C1,ai_severe_prediction,0.7349891355025655,True
3216,B1,ai_severe_prediction,0.7349891355025656,True
3216,C1,ai_severe_prediction,0.7349891355025656,True
3217,B1,ai_severe_prediction,0.7349891355025656,True
3217,C1,ai_severe_prediction,0.7349891355025656,True
3218,B1,ai_severe_prediction,0.7349891355025656,True
3218,C1,ai_severe_prediction,0.7349891355025657,True
3219,B1,ai_severe_prediction,0.7349891355025656,True
3219,C1,ai_severe_prediction,0.7349891355025657,True
3220,B1,ai_severe_prediction,0.7349891355025656,True
3220,C1,ai_severe_prediction,0.7349891355025656,True
3221,B1,ai_severe_prediction,0.7349891355025656,True
3221,C1,ai_severe_prediction,0.7349891355025656,True
3222,B1,ai_severe_prediction,0.7349891355025656,True
3222,C1,ai_severe_prediction,0.7349891355025656,True
3223,B1,ai_severe_prediction,0.7349891355025656,True
3223,C1,ai_severe_prediction,0.7349891355025656,True
3224,B1,ai_severe_prediction,0.7349891355025656,True
3224,C1,ai_severe_prediction,0.7349891355025656,True
3225,B1,ai_severe_prediction,0.7349891355025656,True
3225,C1,ai_severe_prediction,0.7349891355025656,True
3226,B1,ai_severe_prediction,0.7349891355025656,True
3226,C1,ai_severe_prediction,0.7349891355025656,True
3227,B1,ai_severe_prediction,0.7349891355025656,True
3227,C1,ai_severe_prediction,0.7349891355025656,True
3228,B1,ai_severe_prediction,0.7349891355025656,True
3228,C1,ai_severe_prediction,0.7349891355025656,True
3229,B1,ai_severe_prediction,0.7349891355025656,True
3229,C1,ai_severe_prediction,0.7349891355025656,True
3230,B1,ai_severe_prediction,0.7349891355025656,True
3230,C1,ai_severe_prediction,0.7349891355025656,True
3231,B1,ai_severe_prediction,0.7349891355025656,True
3231,C1,ai_severe_prediction,0.7349891355025656,True
3232,B1,ai_severe_prediction,0.7349891355025656,True
3232,C1,ai_severe_prediction,0.7349891355025656,True
3233,B1,ai_severe_prediction,0.7349891355025656,True
3233,C1,ai_severe_prediction,0.7349891355025656,True
3234,B1,ai_severe_prediction,0.7349891355025656,True
3234,C1,ai_severe_prediction,0.7349891355025656,True
3235,B1,ai_severe_prediction,0.7349891355025656,True
3235,C1,ai_severe_prediction,0.7349891355025656,True
3236,B1,ai_severe_prediction,0.7349891355025656,True
3236,C1,ai_severe_prediction,0.7349891355025656,True
3237,B1,ai_severe_prediction,0.7349891355025656,True
3237,C1,ai_severe_prediction,0.7349891355025656,True
3238,B1,ai_severe_prediction,0.7349891355025656,True
3238,C1,ai_severe_prediction,0.7349891355025656,True
3239,B1,ai_severe_prediction,0.7349891355025656,True
3239,C1,ai_severe_prediction,0.7349891355025656,True
3240,B1,ai_severe_prediction,0.7349891355025656,True
3240,C1,ai_severe_prediction,0.7349891355025656,True
3241,B1,ai_severe_prediction,0.7349891355025656,True
3241,C1,ai_severe_prediction,0.7349891355025656,True
3242,B1,ai_severe_prediction,0.7349891355025656,True
3242,C1,ai_severe_prediction,0.7349891355025656,True
3243,B1,ai_severe_prediction,0.7349891355025656,True
3243,C1,ai_severe_prediction,0.7349891355025656,True
3244,B1,ai_severe_prediction,0.7349891355025656,True
3244,C1,ai_severe_prediction,0.7349891355025656,True
3245,B1,ai_severe_prediction,0.7349891355025656,True
3245,C1,ai_severe_prediction,0.7349891355025656,True
3246,B1,ai_severe_prediction,0.7349891355025656,True
3246,C1,ai_severe_prediction,0.7349891355025656,True
3247,B1,ai_severe_prediction,0.7349891355025656,True
3247,C1,ai_severe_prediction,0.7349891355025656,True
3248,B1,ai_severe_prediction,0.7349891355025656,True
3248,C1,ai_severe_prediction,0.7349891355025656,True
3249,B1,ai_severe_prediction,0.7349891355025656,True
3249,C1,ai_severe_prediction,0.7349891355025656,True
3250,B1,ai_severe_prediction,0.7349891355025656,True
3250,C1,ai_severe_prediction,0.7349891355025656,True
3251,B1,ai_severe_prediction,0.7349891355025656,True
3251,C1,ai_severe_prediction,0.7349891355025656,True
3252,B1,ai_severe_prediction,0.7349891355025656,True
3252,C1,ai_severe_prediction,0.7349891355025656,True
3253,B1,ai_severe_prediction,0.7349891355025656,True
3253,C1,ai_severe_prediction,0.7349891355025656,True
3254,B1,ai_severe_prediction,0.7349891355025656,True
3254,C1,ai_severe_prediction,0.7349891355025656,True
3255,B1,ai_severe_prediction,0.7349891355025656,True
3255,C1,ai_severe_prediction,0.7349891355025657,True
3256,B1,ai_severe_prediction,0.7349891355025656,True
3256,C1,ai_severe_prediction,0.7349891355025656,True
3257,B1,ai_severe_prediction,0.7349891355025656,True
3257,C1,ai_severe_prediction,0.7349891355025656,True
3258,B1,ai_severe_prediction,0.7349891355025656,True
3258,C1,ai_severe_prediction,0.7349891355025656,True
3259,B1,ai_severe_prediction,0.7349891355025656,True
3259,C1,ai_severe_prediction,0.7349891355025656,True
3260,B1,ai_severe_prediction,0.7349891355025656,True
3260,C1,ai_severe_prediction,0.7349891355025656,True
3261,B1,ai_severe_prediction,0.7349891355025656,True
3261,C1,ai_severe_prediction,0.7349891355025656,True
3262,B1,ai_severe_prediction,0.7349891355025656,True
3262,C1,ai_severe_prediction,0.7349891355025656,True
3263,B1,ai_severe_prediction,0.7349891355025656,True
3263,C1,ai_severe_prediction,0.7349891355025656,True
3264,B1,ai_severe_prediction,0.7349891355025656,True
3264,C1,ai_severe_prediction,0.7349891355025656,True
3265,B1,ai_severe_prediction,0.7349891355025656,True
3265,C1,ai_severe_prediction,0.7349891355025656,False
3266,B1,ai_severe_prediction,0.7349891355025656,True
3266,C1,ai_severe_prediction,0.7349891355025656,False
3267,B1,ai_severe_prediction,0.7349891355025656,True
3267,C1,ai_severe_prediction,0.7349891355025656,False
3268,B1,ai_severe_prediction,0.7349891355025656,True
3268,C1,ai_severe_prediction,0.7349891355025656,False
3269,B1,ai_severe_prediction,0.7349891355025656,True
3269,C1,ai_severe_prediction,0.7349891355025656,False
3270,B1,ai_severe_prediction,0.7349891355025656,True
3270,C1,ai_severe_prediction,0.7349891355025656,False
3271,B1,ai_severe_prediction,0.7349891355025656,True
3271,C1,ai_severe_prediction,0.7349891355025656,False
3272,B1,ai_severe_prediction,0.7349891355025656,True
3272,C1,ai_severe_prediction,0.7349891355025656,False
3273,B1,ai_severe_prediction,0.7349891355025656,True
3273,C1,ai_severe_prediction,0.7349891355025656,False
3274,B1,ai_severe_prediction,0.7349891355025656,True
3274,C1,ai_severe_prediction,0.7349891355025657,False
3275,B1,ai_severe_prediction,0.7349891355025656,True
3275,C1,ai_severe_prediction,0.7349891355025656,False
3276,B1,ai_severe_prediction,0.7349891355025656,True
3276,C1,ai_severe_prediction,0.7349891355025656,False
3277,B1,ai_severe_prediction,0.7349891355025656,True
3277,C1,ai_severe_prediction,0.7349891355025656,False
3278,B1,ai_severe_prediction,0.7349891355025656,True
3278,C1,ai_severe_prediction,0.7349891355025656,False
3279,B1,ai_severe_prediction,0.7349891355025656,True
3279,C1,ai_severe_prediction,0.7349891355025656,False
3280,B1,ai_severe_prediction,0.7349891355025656,True
3280,C1,ai_severe_prediction,0.7349891355025656,False
3281,B1,ai_severe_prediction,0.7349891355025656,True
3281,C1,ai_severe_prediction,0.7349891355025656,False
3282,B1,ai_severe_prediction,0.7349891355025656,True
3282,C1,ai_severe_prediction,0.7349891355025656,False
3283,B1,ai_severe_prediction,0.7349891355025657,True
3283,C1,ai_severe_prediction,0.7349891355025656,False
3284,B1,ai_severe_prediction,0.7349891355025656,True
3284,C1,ai_severe_prediction,0.7349891355025656,False
3285,B1,ai_severe_prediction,0.7349891355025656,True
3285,C1,ai_severe_prediction,0.7349891355025656,False
3286,B1,ai_severe_prediction,0.7349891355025656,True
3286,C1,ai_severe_prediction,0.7349891355025656,False
3287,B1,ai_severe_prediction,0.7349891355025656,True
3287,C1,ai_severe_prediction,0.7349891355025656,False
3288,B1,ai_severe_prediction,0.7349891355025656,True
3288,C1,ai_severe_prediction,0.7349891355025656,False
3289,B1,ai_severe_prediction,0.7349891355025656,True
3289,C1,ai_severe_prediction,0.7349891355025656,False
3290,B1,ai_severe_prediction,0.7349891355025656,True
3290,C1,ai_severe_prediction,0.7349891355025656,False
3291,B1,ai_severe_prediction,0.7349891355025656,True
3291,C1,ai_severe_prediction,0.7349891355025656,False
3292,B1,ai_severe_prediction,0.7349891355025656,True
3292,C1,ai_severe_prediction,0.7349891355025656,False
3293,B1,ai_severe_prediction,0.7349891355025656,True
3293,C1,ai_severe_prediction,0.7349891355025656,False
3294,B1,ai_severe_prediction,0.7349891355025656,True
3294,C1,ai_severe_prediction,0.7349891355025656,False
3295,B1,ai_severe_prediction,0.7349891355025656,True
3295,C1,ai_severe_prediction,0.7349891355025656,False
3296,B1,ai_severe_prediction,0.7349891355025656,True
3296,C1,ai_severe_prediction,0.7349891355025656,False
3297,B1,ai_severe_prediction,0.7349891355025656,True
3297,C1,ai_severe_prediction,0.7349891355025656,False
3298,B1,ai_severe_prediction,0.7349891355025656,True
3298,C1,ai_severe_prediction,0.7349891355025656,False
3299,B1,ai_severe_prediction,0.7349891355025656,True
3299,C1,ai_severe_prediction,0.7349891355025656,False
3300,B1,ai_severe_prediction,0.7349891355025656,True
3300,C1,ai_severe_prediction,0.7349891355025656,False
3301,B1,ai_severe_prediction,0.7349891355025656,True
3301,C1,ai_severe_prediction,0.7349891355025656,False
3302,B1,ai_severe_prediction,0.7349891355025656,True
3302,C1,ai_severe_prediction,0.7349891355025656,False
3303,B1,ai_severe_prediction,0.7349891355025656,True
3303,C1,ai_severe_prediction,0.7349891355025656,False
3304,B1,ai_severe_prediction,0.7349891355025656,True
3304,C1,ai_severe_prediction,0.7349870734307761,False
3305,B1,ai_severe_prediction,0.7349891355025656,True
3305,C1,ai_severe_prediction,0.7319151354884929,False
3306,B1,ai_severe_prediction,0.7349891355025656,True
3306,C1,ai_severe_prediction,0.7444826499563044,False
3307,B1,ai_severe_prediction,0.7349891355025656,True
3307,C1,ai_severe_prediction,0.7501818056877636,False
3308,B1,ai_severe_prediction,0.7349891355025656,True
3308,C1,ai_severe_prediction,0.758831696326778,False
3309,B1,ai_severe_prediction,0.7349891355025656,True
3309,C1,ai_severe_prediction,0.7505075336928505,False
3310,B1,ai_severe_prediction,0.7349891355025656,True
3310,C1,ai_severe_prediction,0.7533166400543132,False
3311,B1,ai_severe_prediction,0.7349891355025655,True
3311,C1,ai_severe_prediction,0.7548623212723099,False
3312,B1,ai_severe_prediction,0.7349891355025656,True
3312,C1,ai_severe_prediction,0.7568190998616743,False
3313,B1,ai_severe_prediction,0.7349891355025656,True
3313,C1,ai_severe_prediction,0.7606925058059051,True
3314,B1,ai_severe_prediction,0.7349891355025656,True
3314,C1,ai_severe_prediction,0.7504697759569824,True
3315,B1,ai_severe_prediction,0.7349891355025656,True
3315,C1,ai_severe_prediction,0.7483478154497165,True
3316,B1,ai_severe_prediction,0.7349891355025655,True
3316,C1,ai_severe_prediction,0.7559633494368616,True
3317,B1,ai_severe_prediction,0.7349891355025656,True
3317,C1,ai_severe_prediction,0.7700113844511699,True
3318,B1,ai_severe_prediction,0.7349891355025656,True
3318,C1,ai_severe_prediction,0.7737376986744547,True
3319,B1,ai_severe_prediction,0.7349891355025656,True
3319,C1,ai_severe_prediction,0.7712201090204612,True
3320,B1,ai_severe_prediction,0.7349891355025655,True
3320,C1,accessible_vehicle,0.7611030696429478,True
3321,B1,ai_severe_prediction,0.7349891355025656,True
3321,C1,accessible_vehicle,0.7438996103942166,True
3322,B1,ai_severe_prediction,0.7349891355025656,True
3322,C1,accessible_vehicle,0.7328523452023035,True
3323,B1,ai_severe_prediction,0.7349891355025656,True
3323,C1,accessible_vehicle,0.7277957400278933,True
3324,B1,ai_severe_prediction,0.7349891355025656,True
3324,C1,accessible_vehicle,0.7278698206142713,True
3325,B1,ai_severe_prediction,0.7349891355025656,True
3325,C1,accessible_vehicle,0.7222099612408635,True
3326,B1,ai_severe_prediction,0.7349891355025657,True
3326,C1,accessible_vehicle,0.7377345373073132,True
3327,B1,ai_severe_prediction,0.7349891355025656,True
3327,C1,accessible_vehicle,0.7323587032067479,True
3328,B1,ai_severe_prediction,0.7349891355025656,True
3328,C1,accessible_vehicle,0.7433919091469496,True
3329,B1,ai_severe_prediction,0.7349891355025656,True
3329,C1,accessible_vehicle,0.7403654941840441,True
3330,B1,ai_severe_prediction,0.7349891355025656,True
3330,C1,accessible_vehicle,0.7398519494657798,True
3331,B1,ai_severe_prediction,0.7349891355025656,True
3331,C1,accessible_vehicle,0.734300840733812,True
3332,B1,ai_severe_prediction,0.7349891355025656,True
3332,C1,ai_severe_prediction,0.7320709282704361,True
3333,B1,ai_severe_prediction,0.7349891355025656,True
3333,C1,ai_severe_prediction,0.7322063202268762,True
3334,B1,ai_severe_prediction,0.7349891355025656,True
3334,C1,ai_severe_prediction,0.7305495151242047,True
3335,B1,ai_severe_prediction,0.7349891355025656,True
3335,C1,ai_severe_prediction,0.7309078228918002,True
3336,B1,ai_severe_prediction,0.7349891355025656,True
3336,C1,ai_severe_prediction,0.7323483076370054,True
3337,B1,ai_severe_prediction,0.7349891355025656,True
3337,C1,ai_severe_prediction,0.7306849070806446,True
3338,B1,ai_severe_prediction,0.7349891355025656,True
3338,C1,ai_severe_prediction,0.7314612477371368,False
3339,B1,ai_severe_prediction,0.7349891355025656,True
3339,C1,ai_severe_prediction,0.7323483076370054,False
3340,B1,ai_severe_prediction,0.7349891355025656,True
3340,C1,ai_severe_prediction,0.7322063202268759,False
3341,B1,ai_severe_prediction,0.7349891355025656,True
3341,C1,ai_severe_prediction,0.7322063202268762,False
3342,B1,ai_severe_prediction,0.7349891355025656,True
3342,C1,ai_severe_prediction,0.7322063202268759,False
3343,B1,ai_severe_prediction,0.7349891355025656,True
3343,C1,ai_severe_prediction,0.7360784206999972,False
3344,B1,ai_severe_prediction,0.7349891355025656,True
3344,C1,ai_severe_prediction,0.7360784206999971,False
3345,B1,ai_severe_prediction,0.7349891355025656,True
3345,C1,ai_severe_prediction,0.7398519494657798,False
3346,B1,ai_severe_prediction,0.7349891355025656,True
3346,C1,ai_severe_prediction,0.7398519494657798,False
3347,B1,ai_severe_prediction,0.7349891355025656,True
3347,C1,ai_severe_prediction,0.7398519494657798,False
3348,B1,ai_severe_prediction,0.7349891355025656,True
3348,C1,olympic_shuttle,0.7457216260863555,True
3349,B1,ai_severe_prediction,0.7349891355025656,True
3349,C1,olympic_shuttle,0.7457216260863555,True
3350,B1,ai_severe_prediction,0.7349891355025656,True
3350,C1,olympic_shuttle,0.7457216260863555,True
3351,B1,ai_severe_prediction,0.7349891355025656,True
3351,C1,olympic_shuttle,0.7457216260863556,True
3351,D1,accessible_vehicle,0.45891771670508086,True
3352,B1,ai_severe_prediction,0.7349891355025656,True
3352,C1,olympic_shuttle,0.7459314317904329,True
3352,D1,accessible_vehicle,0.4576139097855183,True
3353,B1,ai_severe_prediction,0.7349891355025656,True
3353,C1,olympic_shuttle,0.7459314317904329,True
3353,D1,accessible_vehicle,0.4536131487330122,True
3354,B1,ai_severe_prediction,0.7349891355025656,True
3354,C1,accessible_vehicle,0.7459314317904329,True
3354,D1,accessible_vehicle,0.4536131487330122,True
3355,B1,ai_severe_prediction,0.7349891355025656,True
3355,C1,accessible_vehicle,0.7331204278127922,True
3355,D1,accessible_vehicle,0.313238473211123,True
3356,B1,ai_severe_prediction,0.7349891355025656,True
3356,C1,accessible_vehicle,0.7314931461727933,True
3356,D1,accessible_vehicle,0.31958770088159266,True
3357,B1,ai_severe_prediction,0.7349891355025656,True
3357,C1,accessible_vehicle,0.7314931461727933,True
3357,D1,accessible_vehicle,0.31958770088159266,True
3358,B1,ai_severe_prediction,0.7349891355025656,True
3358,C1,accessible_vehicle,0.7314931461727933,True
3358,D1,accessible_vehicle,0.318947572088199,True
3359,B1,ai_severe_prediction,0.7349891355025656,True
3359,C1,accessible_vehicle,0.7326332286770532,True
3359,D1,accessible_vehicle,0.31991738832690564,True
3360,B1,ai_severe_prediction,0.7349891355025656,True
3360,C1,accessible_vehicle,0.7334987857110078,True
3360,D1,accessible_vehicle,0.32065401252064163,True
3361,B1,ai_severe_prediction,0.7349891355025656,True
3361,C1,accessible_vehicle,0.7334987857110078,True
3361,D1,accessible_vehicle,0.3214566118257619,True
3362,B1,ai_severe_prediction,0.7349891355025656,True
3362,C1,accessible_vehicle,0.7323155044012621,True
3363,B1,ai_severe_prediction,0.7349891355025656,True
3363,C1,accessible_vehicle,0.7301190415756588,True
3364,B1,ai_severe_prediction,0.7349891355025656,True
3364,C1,accessible_vehicle,0.7311265519904596,True
3365,B1,ai_severe_prediction,0.7349891355025656,True
3365,C1,accessible_vehicle,0.7221493009112744,True
3366,B1,ai_severe_prediction,0.7349891355025656,True
3366,C1,accessible_vehicle,0.7261239350892628,True
3367,B1,ai_severe_prediction,0.7349891355025656,True
3367,C1,accessible_vehicle,0.7261806506421605,True
3368,B1,ai_severe_prediction,0.7349891355025656,True
3368,C1,accessible_vehicle,0.7271730541131484,True
3369,B1,ai_severe_prediction,0.7349891355025655,True
3369,C1,accessible_vehicle,0.7283832528724298,True
3370,B1,ai_severe_prediction,0.7349891355025656,True
3370,C1,accessible_vehicle,0.7278698206142713,True
3371,B1,ai_severe_prediction,0.7349891355025656,True
3371,C1,accessible_vehicle,0.7291775776635536,True
3372,B1,ai_severe_prediction,0.7349891355025656,True
3372,C1,accessible_vehicle,0.7308789974779208,True
3373,B1,ai_severe_prediction,0.7349891355025656,True
3373,C1,accessible_vehicle,0.7304829226324702,True
3374,B1,ai_severe_prediction,0.7349891355025656,True
3374,C1,accessible_vehicle,0.7343011079895391,True
3375,B1,ai_severe_prediction,0.7349891355025656,True
3375,C1,accessible_vehicle,0.7530756705341787,True
3376,B1,ai_severe_prediction,0.7349891355025656,True
3376,C1,accessible_vehicle,0.7735454216628815,True
3377,B1,ai_severe_prediction,0.7349891355025656,True
3377,C1,accessible_vehicle,0.7729040556342812,True
3378,B1,ai_severe_prediction,0.7349891355025657,True
3378,C1,accessible_vehicle,0.7676761914204677,True
3379,B1,ai_severe_prediction,0.7349891355025656,True
3379,C1,accessible_vehicle,0.7740695775246244,True
3380,B1,ai_severe_prediction,0.7349891355025656,True
3380,C1,accessible_vehicle,0.7755380814309231,True
3381,B1,ai_severe_prediction,0.7349891355025655,True
3381,C1,accessible_vehicle,0.7753742828853194,True
3382,B1,ai_severe_prediction,0.7349891355025656,True
3382,C1,accessible_vehicle,0.764331499065777,True
3383,B1,ai_severe_prediction,0.7349891355025656,True
3383,C1,accessible_vehicle,0.7656388663061885,True
3384,B1,ai_severe_prediction,0.7349891355025656,True
3384,C1,accessible_vehicle,0.7640610694481849,True
3385,B1,ai_severe_prediction,0.7349891355025656,True
3385,C1,accessible_vehicle,0.7554233442800456,True
3386,B1,ai_severe_prediction,0.7349891355025656,True
3386,C1,accessible_vehicle,0.7474766510042659,True
3387,B1,ai_severe_prediction,0.7349891355025656,True
3387,C1,accessible_vehicle,0.7511745537362228,True
3388,B1,ai_severe_prediction,0.7349891355025656,True
3388,C1,accessible_vehicle,0.754048094032553,True
3389,B1,ai_severe_prediction,0.7349891355025656,True
3389,C1,accessible_vehicle,0.7545307808593965,True
3390,B1,ai_severe_prediction,0.7349891355025657,True
3390,C1,accessible_vehicle,0.752897969892644,True
3391,B1,ai_severe_prediction,0.7349891355025656,True
3391,C1,accessible_vehicle,0.7515795996242545,True
3392,B1,ai_severe_prediction,0.7349891355025656,True
3392,C1,accessible_vehicle,0.754232491420237,True
3393,B1,ai_severe_prediction,0.7349891355025656,True
3393,C1,accessible_vehicle,0.7567300349648698,True
3394,B1,ai_severe_prediction,0.7349891355025656,True
3394,C1,accessible_vehicle,0.7551466610270755,True
3395,B1,ai_severe_prediction,0.7349891355025656,True
3395,C1,accessible_vehicle,0.768098242301048,True
3396,B1,ai_severe_prediction,0.7349891355025656,True
3396,C1,accessible_vehicle,0.7660759111389717,True
3397,B1,ai_severe_prediction,0.7349891355025656,True
3397,C1,accessible_vehicle,0.7740381480248921,True
3398,B1,ai_severe_prediction,0.7349891355025656,True
3398,C1,accessible_vehicle,0.7730045955072261,True
3399,B1,ai_severe_prediction,0.7349891355025656,True
3399,C1,accessible_vehicle,0.7610690962577507,True
3400,B1,ai_severe_prediction,0.7349891355025656,True
3400,C1,accessible_vehicle,0.7483248112829353,True
3401,B1,ai_severe_prediction,0.7349891355025656,True
3401,C1,accessible_vehicle,0.7471395309939708,True
3402,B1,ai_severe_prediction,0.7349891355025656,True
3402,C1,accessible_vehicle,0.7444826499563042,True
3403,B1,ai_severe_prediction,0.7349891355025656,True
3403,C1,accessible_vehicle,0.7444826499563045,True
3404,B1,ai_severe_prediction,0.7349891355025656,True
3404,C1,accessible_vehicle,0.7437958109340395,True
3405,B1,ai_severe_prediction,0.7349891355025656,True
3405,C1,accessible_vehicle,0.7327302396772248,True
3406,B1,ai_severe_prediction,0.7349891355025656,True
3406,C1,accessible_vehicle,0.7327302396772248,True
3407,B1,ai_severe_prediction,0.7349891355025656,True
3407,C1,accessible_vehicle,0.731915135488493,True
3408,B1,ai_severe_prediction,0.7349891355025656,True
3408,C1,accessible_vehicle,0.734987073430776,True
3409,B1,ai_severe_prediction,0.7349891355025655,True
3409,C1,accessible_vehicle,0.7349870734307761,True
3410,B1,ai_severe_prediction,0.7349891355025656,True
3410,C1,accessible_vehicle,0.7349870734307761,True
3411,B1,ai_severe_prediction,0.7349891355025656,True
3411,C1,accessible_vehicle,0.7349870734307761,True
3412,B1,ai_severe_prediction,0.7349891355025656,True
3412,C1,accessible_vehicle,0.7349891355025656,True
3413,B1,ai_severe_prediction,0.7349891355025656,True
3413,C1,accessible_vehicle,0.7349891355025656,True
3414,B1,ai_severe_prediction,0.7349891355025656,True
3414,C1,accessible_vehicle,0.7349891355025656,True
3415,B1,ai_severe_prediction,0.7349891355025657,True
3415,C1,accessible_vehicle,0.7349891355025656,True
3416,B1,ai_severe_prediction,0.7349891355025655,True
3416,C1,accessible_vehicle,0.7349891355025656,True
3417,B1,ai_severe_prediction,0.7349891355025656,True
3417,C1,accessible_vehicle,0.7349891355025656,True
3418,B1,ai_severe_prediction,0.7349891355025656,True
3418,C1,accessible_vehicle,0.7349891355025656,True
3419,B1,ai_severe_prediction,0.7349891355025657,True
3419,C1,accessible_vehicle,0.7349891355025656,True
3420,B1,ai_severe_prediction,0.7349891355025656,True
3420,C1,accessible_vehicle,0.7349891355025656,True
3421,B1,ai_severe_prediction,0.7349891355025656,True
3421,C1,accessible_vehicle,0.7349891355025656,True
3422,B1,ai_severe_prediction,0.7349891355025656,True
3422,C1,accessible_vehicle,0.7349891355025656,True
3423,B1,ai_severe_prediction,0.7349891355025657,True
3423,C1,accessible_vehicle,0.7349891355025656,True
3424,B1,ai_severe_prediction,0.7349891355025656,True
3424,C1,accessible_vehicle,0.7349891355025656,True
3425,B1,ai_severe_prediction,0.7349891355025657,True
3425,C1,accessible_vehicle,0.7349891355025656,True
3426,B1,ai_severe_prediction,0.7349891355025656,True
3426,C1,accessible_vehicle,0.7349891355025656,True
3427,B1,ai_severe_prediction,0.7349891355025656,True
3427,C1,accessible_vehicle,0.7349891355025656,True
3428,B1,ai_severe_prediction,0.7349891355025656,True
3428,C1,accessible_vehicle,0.7349891355025656,True
3429,B1,ai_severe_prediction,0.7349891355025656,True
3429,C1,accessible_vehicle,0.7349891355025656,True
3430,B1,ai_severe_prediction,0.7349891355025656,True
3430,C1,accessible_vehicle,0.7349891355025656,True
3431,B1,ai_severe_prediction,0.7349891355025656,True
3431,C1,accessible_vehicle,0.7349891355025656,True
3432,B1,ai_severe_prediction,0.7349891355025656,True
3432,C1,accessible_vehicle,0.7349891355025656,True
3433,B1,ai_severe_prediction,0.7349891355025656,True
3433,C1,accessible_vehicle,0.7349891355025656,True
3434,B1,ai_severe_prediction,0.7349891355025656,True
3434,C1,accessible_vehicle,0.7349891355025656,True
3435,B1,ai_severe_prediction,0.7349891355025656,True
3435,C1,accessible_vehicle,0.7349891355025656,True
3436,B1,ai_severe_prediction,0.7349891355025656,True
3436,C1,accessible_vehicle,0.7349891355025656,True
3437,B1,ai_severe_prediction,0.7349891355025656,True
3437,C1,accessible_vehicle,0.7349891355025656,True
3438,B1,ai_severe_prediction,0.7349891355025656,True
3438,C1,accessible_vehicle,0.7349891355025656,True
3439,B1,ai_severe_prediction,0.7349891355025656,True
3439,C1,accessible_vehicle,0.7349891355025656,True
3440,B1,ai_severe_prediction,0.7349891355025656,True
3440,C1,accessible_vehicle,0.7349891355025655,True
3441,B1,ai_severe_prediction,0.7349891355025656,True
3441,C1,accessible_vehicle,0.7349891355025656,True
3442,B1,ai_severe_prediction,0.7349891355025656,True
3442,C1,accessible_vehicle,0.7349891355025656,True
3443,B1,ai_severe_prediction,0.7349891355025656,True
3443,C1,accessible_vehicle,0.7349891355025656,True
3444,B1,ai_severe_prediction,0.7349891355025657,True
3444,C1,accessible_vehicle,0.7349891355025656,True
3445,B1,ai_severe_prediction,0.7349891355025656,True
3445,C1,accessible_vehicle,0.7349891355025656,True
3446,B1,ai_severe_prediction,0.7349891355025656,True
3446,C1,accessible_vehicle,0.7349891355025656,True
3447,B1,ai_severe_prediction,0.7349891355025657,True
3447,C1,accessible_vehicle,0.7349891355025656,True
3448,B1,ai_severe_prediction,0.7349891355025656,True
3448,C1,accessible_vehicle,0.7349891355025656,True
3449,B1,ai_severe_prediction,0.7349891355025656,True
3449,C1,accessible_vehicle,0.7349891355025656,True
3450,B1,ai_severe_prediction,0.7349891355025656,True
3450,C1,accessible_vehicle,0.7349891355025656,True
3451,B1,ai_severe_prediction,0.7349891355025656,True
3451,C1,accessible_vehicle,0.7349891355025656,True
3452,B1,ai_severe_prediction,0.7349891355025656,True
3452,C1,accessible_vehicle,0.7349891355025656,True
3453,B1,ai_severe_prediction,0.7349891355025656,True
3453,C1,accessible_vehicle,0.7349891355025656,True
3454,B1,ai_severe_prediction,0.7349891355025656,True
3454,C1,accessible_vehicle,0.7349891355025656,True
3455,B1,ai_severe_prediction,0.7349891355025656,True
3455,C1,accessible_vehicle,0.7349891355025656,True
3456,B1,ai_severe_prediction,0.7349891355025656,True
3456,C1,accessible_vehicle,0.7349891355025656,True
3457,B1,ai_severe_prediction,0.7349891355025655,True
3457,C1,accessible_vehicle,0.7349891355025656,True
3458,B1,ai_severe_prediction,0.7349891355025656,True
3458,C1,accessible_vehicle,0.7349891355025656,True
3459,B1,ai_severe_prediction,0.7349891355025656,True
3459,C1,accessible_vehicle,0.7349891355025656,True
3460,B1,ai_severe_prediction,0.7349891355025656,True
3460,C1,accessible_vehicle,0.7349891355025656,True
3461,B1,ai_severe_prediction,0.7349891355025656,True
3461,C1,accessible_vehicle,0.7349891355025656,True
3462,B1,ai_severe_prediction,0.7349891355025656,True
3462,C1,accessible_vehicle,0.7349891355025656,True
3463,B1,ai_severe_prediction,0.7349891355025656,True
3463,C1,accessible_vehicle,0.7349891355025657,True
3464,B1,ai_severe_prediction,0.7349891355025656,True
3464,C1,accessible_vehicle,0.7349891355025656,True
3465,B1,ai_severe_prediction,0.7349891355025656,True
3465,C1,accessible_vehicle,0.7349891355025656,True
3466,B1,ai_severe_prediction,0.7349891355025656,True
3466,C1,accessible_vehicle,0.7349891355025656,True
3467,B1,ai_severe_prediction,0.7349891355025657,True
3467,C1,accessible_vehicle,0.7349891355025656,True
3468,B1,ai_severe_prediction,0.7349891355025656,True
3468,C1,accessible_vehicle,0.7349891355025656,True
3469,B1,ai_severe_prediction,0.7349891355025655,True
3469,C1,accessible_vehicle,0.7349891355025656,True
3470,B1,ai_severe_prediction,0.7349891355025656,True
3470,C1,accessible_vehicle,0.7349891355025656,True
3471,B1,ai_severe_prediction,0.7349891355025656,True
3471,C1,accessible_vehicle,0.7349891355025656,True
3472,B1,ai_severe_prediction,0.7349891355025656,True
3472,C1,accessible_vehicle,0.7349891355025656,True
3473,B1,ai_severe_prediction,0.7349891355025656,True
3473,C1,accessible_vehicle,0.7349891355025656,True
3474,B1,ai_severe_prediction,0.7349891355025656,True
3474,C1,accessible_vehicle,0.7349891355025656,True
3475,B1,ai_severe_prediction,0.7349891355025656,True
3475,C1,accessible_vehicle,0.7349891355025656,True
3476,B1,ai_severe_prediction,0.7349891355025656,True
3476,C1,accessible_vehicle,0.7349891355025656,True
3477,B1,ai_severe_prediction,0.7349891355025656,True
3477,C1,accessible_vehicle,0.7349891355025656,True
3478,B1,ai_severe_prediction,0.7349891355025656,True
3478,C1,accessible_vehicle,0.7349891355025656,True
3479,B1,ai_severe_prediction,0.7349891355025656,True
3479,C1,accessible_vehicle,0.7349891355025656,True
3480,B1,ai_severe_prediction,0.7349891355025656,True
3480,C1,accessible_vehicle,0.7349891355025656,True
3481,B1,ai_severe_prediction,0.7349891355025656,True
3481,C1,accessible_vehicle,0.7349891355025656,True
3482,B1,ai_severe_prediction,0.7349891355025656,True
3482,C1,accessible_vehicle,0.7349891355025656,True
3483,B1,ai_severe_prediction,0.7349891355025656,True
3483,C1,accessible_vehicle,0.7349891355025656,True
3484,B1,ai_severe_prediction,0.7349891355025656,True
3484,C1,accessible_vehicle,0.7349891355025656,True
3485,B1,ai_severe_prediction,0.7349891355025656,True
3485,C1,accessible_vehicle,0.7349891355025656,True
3486,B1,ai_severe_prediction,0.7349891355025656,True
3486,C1,accessible_vehicle,0.7349891355025656,True
3487,B1,ai_severe_prediction,0.7349891355025656,True
3487,C1,accessible_vehicle,0.7349891355025656,True
3488,B1,ai_severe_prediction,0.7349891355025656,True
3488,C1,accessible_vehicle,0.7349891355025656,True
3489,B1,ai_severe_prediction,0.7349891355025656,True
3489,C1,accessible_vehicle,0.7349891355025656,True
3490,B1,ai_severe_prediction,0.7349891355025655,True
3490,C1,accessible_vehicle,0.7349891355025656,True
3491,B1,ai_severe_prediction,0.7349891355025656,True
3491,C1,accessible_vehicle,0.7349891355025656,True
3492,B1,ai_severe_prediction,0.7349891355025656,True
3492,C1,accessible_vehicle,0.7349891355025656,True
3493,B1,ai_severe_prediction,0.7349891355025656,True
3493,C1,accessible_vehicle,0.7349891355025656,True
3494,B1,ai_severe_prediction,0.7349891355025656,True
3494,C1,accessible_vehicle,0.7349891355025656,True
3495,B1,ai_severe_prediction,0.7349891355025656,True
3495,C1,accessible_vehicle,0.7349891355025656,True
3496,B1,ai_severe_prediction,0.7349891355025656,True
3496,C1,accessible_vehicle,0.7349891355025656,True
3497,B1,ai_severe_prediction,0.7349891355025656,True
3497,C1,accessible_vehicle,0.7349891355025656,True
3498,B1,ai_severe_prediction,0.7349891355025656,True
3498,C1,accessible_vehicle,0.7349891355025656,True
3499,B1,ai_severe_prediction,0.7349891355025656,True
3499,C1,accessible_vehicle,0.7349891355025656,True
3500,B1,ai_severe_prediction,0.7349891355025656,True
3500,C1,accessible_vehicle,0.7349891355025656,True
3501,B1,ai_severe_prediction,0.7349891355025656,True
3501,C1,accessible_vehicle,0.7349891355025656,True
3502,B1,ai_severe_prediction,0.7349891355025656,True
3502,C1,accessible_vehicle,0.7349891355025657,True
3503,B1,ai_severe_prediction,0.7349891355025656,True
3503,C1,accessible_vehicle,0.7349891355025656,True
3504,B1,ai_severe_prediction,0.7349891355025656,True
3504,C1,accessible_vehicle,0.7349891355025656,True
3505,B1,ai_severe_prediction,0.7349891355025656,True
3505,C1,accessible_vehicle,0.7349891355025656,True
3506,B1,ai_severe_prediction,0.7349891355025656,True
3506,C1,accessible_vehicle,0.7349891355025655,True
3507,B1,ai_severe_prediction,0.7349891355025656,True
3507,C1,accessible_vehicle,0.7349891355025656,True
3508,B1,ai_severe_prediction,0.7349891355025655,True
3508,C1,accessible_vehicle,0.7349891355025656,True
3509,B1,ai_severe_prediction,0.7349891355025656,True
3509,C1,accessible_vehicle,0.7349891355025656,True
3510,B1,ai_severe_prediction,0.7349891355025656,True
3510,C1,accessible_vehicle,0.7349891355025656,True
3511,B1,ai_severe_prediction,0.7349891355025657,True
3511,C1,accessible_vehicle,0.7349891355025656,True
3512,B1,ai_severe_prediction,0.7349891355025656,True
3512,C1,accessible_vehicle,0.7349891355025656,True
3513,B1,ai_severe_prediction,0.7349891355025656,True
3513,C1,accessible_vehicle,0.7349891355025656,True
3514,B1,ai_severe_prediction,0.7349891355025657,True
3514,C1,accessible_vehicle,0.7349891355025656,True
3515,B1,ai_severe_prediction,0.7349891355025657,True
3515,C1,accessible_vehicle,0.7349891355025656,True
3516,B1,ai_severe_prediction,0.7349891355025656,True
3516,C1,accessible_vehicle,0.7349891355025656,True
3517,B1,ai_severe_prediction,0.7349891355025656,True
3517,C1,accessible_vehicle,0.7349891355025656,True
3518,B1,ai_severe_prediction,0.7349891355025656,True
3518,C1,accessible_vehicle,0.7349891355025656,True
3519,B1,ai_severe_prediction,0.7349891355025656,True
3519,C1,accessible_vehicle,0.7349891355025656,True
3520,B1,ai_severe_prediction,0.7349891355025656,True
3520,C1,accessible_vehicle,0.7349891355025656,True
3521,B1,ai_severe_prediction,0.7349891355025656,True
3521,C1,accessible_vehicle,0.7349891355025656,True
3522,B1,ai_severe_prediction,0.7349891355025656,True
3522,C1,accessible_vehicle,0.7349891355025656,True
3523,B1,ai_severe_prediction,0.7349891355025656,True
3523,C1,accessible_vehicle,0.7349891355025656,True
3524,B1,ai_severe_prediction,0.7349891355025656,True
3524,C1,accessible_vehicle,0.7349891355025656,True
3525,B1,ai_severe_prediction,0.7349891355025656,True
3525,C1,accessible_vehicle,0.7349891355025656,True
3526,B1,ai_severe_prediction,0.7349891355025657,True
3526,C1,accessible_vehicle,0.7349891355025656,True
3527,B1,ai_severe_prediction,0.7349891355025656,True
3527,C1,accessible_vehicle,0.7349891355025656,True
3528,B1,ai_severe_prediction,0.7349891355025656,True
3528,C1,accessible_vehicle,0.7349891355025656,True
3529,B1,ai_severe_prediction,0.7349891355025656,True
3529,C1,accessible_vehicle,0.7349891355025656,True
3530,B1,ai_severe_prediction,0.7349891355025656,True
3530,C1,accessible_vehicle,0.7349891355025656,True
3531,B1,ai_severe_prediction,0.7349891355025656,True
3531,C1,accessible_vehicle,0.7349891355025656,True
3532,B1,ai_severe_prediction,0.7349891355025656,True
3532,C1,accessible_vehicle,0.7349891355025656,True
3533,B1,ai_severe_prediction,0.7349891355025656,True
3533,C1,accessible_vehicle,0.7349891355025656,True
3534,B1,ai_severe_prediction,0.7349891355025656,True
3534,C1,accessible_vehicle,0.7349891355025657,True
3535,B1,ai_severe_prediction,0.7349891355025656,True
3535,C1,accessible_vehicle,0.7349891355025656,True
3536,B1,ai_severe_prediction,0.7349891355025656,True
3536,C1,accessible_vehicle,0.7349891355025656,True
3537,B1,ai_severe_prediction,0.7349891355025656,True
3537,C1,accessible_vehicle,0.7349891355025656,True
3538,B1,ai_severe_prediction,0.7349891355025656,True
3538,C1,accessible_vehicle,0.7349891355025656,True
3539,B1,ai_severe_prediction,0.7349891355025656,True
3539,C1,accessible_vehicle,0.7349891355025656,True
3540,B1,ai_severe_prediction,0.7349891355025657,True
3540,C1,accessible_vehicle,0.7349891355025656,True
3541,B1,ai_severe_prediction,0.7349891355025655,True
3541,C1,accessible_vehicle,0.7349891355025657,True
3542,B1,ai_severe_prediction,0.7349891355025656,True
3542,C1,accessible_vehicle,0.7349891355025656,True
3543,B1,ai_severe_prediction,0.7349891355025656,True
3543,C1,accessible_vehicle,0.7349891355025656,True
3544,B1,ai_severe_prediction,0.7349891355025656,True
3544,C1,accessible_vehicle,0.7349891355025656,True
3545,B1,ai_severe_prediction,0.7349891355025656,True
3545,C1,accessible_vehicle,0.7349891355025656,True
3546,B1,ai_severe_prediction,0.7349891355025656,True
3546,C1,accessible_vehicle,0.7349891355025656,True
3547,B1,ai_severe_prediction,0.7349891355025656,True
3547,C1,accessible_vehicle,0.7349891355025656,True
3548,B1,ai_severe_prediction,0.7349891355025656,True
3548,C1,accessible_vehicle,0.7349891355025656,True
3549,B1,ai_severe_prediction,0.7349891355025656,True
3549,C1,accessible_vehicle,0.7349891355025656,True
3550,B1,ai_severe_prediction,0.7349891355025656,True
3550,C1,accessible_vehicle,0.7349891355025656,True
3551,B1,ai_severe_prediction,0.7349891355025656,True
3551,C1,accessible_vehicle,0.7349891355025656,True
3552,B1,ai_severe_prediction,0.7349891355025656,True
3552,C1,accessible_vehicle,0.7349891355025656,True
3553,B1,ai_severe_prediction,0.7349891355025656,True
3553,C1,accessible_vehicle,0.7349891355025657,True
3554,B1,ai_severe_prediction,0.7349891355025656,True
3554,C1,accessible_vehicle,0.7349891355025656,True
3555,B1,ai_severe_prediction,0.7349891355025656,True
3555,C1,accessible_vehicle,0.7349891355025656,True
3556,B1,ai_severe_prediction,0.7349891355025656,True
3556,C1,accessible_vehicle,0.7349891355025657,True
3557,B1,ai_severe_prediction,0.7349891355025656,True
3557,C1,accessible_vehicle,0.7349891355025656,True
3558,B1,ai_severe_prediction,0.7349891355025656,True
3558,C1,accessible_vehicle,0.7349891355025656,True
3559,B1,ai_severe_prediction,0.7349891355025656,True
3559,C1,accessible_vehicle,0.7349891355025656,True
3560,B1,ai_severe_prediction,0.7349891355025656,True
3560,C1,accessible_vehicle,0.7349891355025656,True
3561,B1,ai_severe_prediction,0.7349891355025656,True
3561,C1,accessible_vehicle,0.7349891355025656,True
3562,B1,ai_severe_prediction,0.7349891355025656,True
3562,C1,accessible_vehicle,0.7349891355025656,True
3563,B1,ai_severe_prediction,0.7349891355025656,True
3563,C1,accessible_vehicle,0.7349891355025656,True
3564,B1,ai_severe_prediction,0.7349891355025656,True
3564,C1,accessible_vehicle,0.7349891355025656,True
3565,B1,ai_severe_prediction,0.7349891355025656,True
3565,C1,accessible_vehicle,0.7349891355025656,True
3566,B1,ai_severe_prediction,0.7349891355025656,True
3566,C1,accessible_vehicle,0.7349891355025656,True
3567,B1,ai_severe_prediction,0.7349891355025656,True
3567,C1,accessible_vehicle,0.7349891355025656,True
3568,B1,ai_severe_prediction,0.7349891355025656,True
3568,C1,accessible_vehicle,0.7349891355025656,True
3569,B1,ai_severe_prediction,0.7349891355025656,True
3569,C1,accessible_vehicle,0.7349891355025656,True
3570,B1,ai_severe_prediction,0.7349891355025656,True
3570,C1,accessible_vehicle,0.7349891355025656,True
3571,B1,ai_severe_prediction,0.7349891355025656,True
3571,C1,accessible_vehicle,0.7349891355025656,True
3572,B1,ai_severe_prediction,0.7349891355025656,True
3572,C1,accessible_vehicle,0.7349891355025656,True
3573,B1,ai_severe_prediction,0.7349891355025656,True
3573,C1,accessible_vehicle,0.7349891355025656,True
3574,B1,ai_severe_prediction,0.7349891355025656,True
3574,C1,accessible_vehicle,0.7349891355025656,True
3575,B1,ai_severe_prediction,0.7349891355025656,True
3575,C1,accessible_vehicle,0.7349891355025656,True
3576,B1,ai_severe_prediction,0.7349891355025656,True
3576,C1,accessible_vehicle,0.7349891355025656,True
3577,B1,ai_severe_prediction,0.7349891355025656,True
3577,C1,accessible_vehicle,0.7349891355025656,True
3578,B1,ai_severe_prediction,0.7349891355025656,True
3578,C1,accessible_vehicle,0.7349891355025656,True
3579,B1,ai_severe_prediction,0.7349891355025656,True
3579,C1,accessible_vehicle,0.7349891355025656,True
3580,B1,ai_severe_prediction,0.7349891355025656,True
3580,C1,accessible_vehicle,0.7349891355025656,True
3581,B1,ai_severe_prediction,0.7349891355025656,True
3581,C1,accessible_vehicle,0.7349891355025656,True
3582,B1,ai_severe_prediction,0.7349891355025656,True
3582,C1,accessible_vehicle,0.7349891355025656,True
3583,B1,ai_severe_prediction,0.7349891355025656,True
3583,C1,accessible_vehicle,0.7349891355025656,True
3584,B1,ai_severe_prediction,0.7349891355025656,True
3584,C1,accessible_vehicle,0.7349891355025656,True
3585,B1,ai_severe_prediction,0.7349891355025656,True
3585,C1,accessible_vehicle,0.7349891355025656,True
3586,B1,ai_severe_prediction,0.7349891355025656,True
3586,C1,accessible_vehicle,0.7349891355025656,True
3587,B1,ai_severe_prediction,0.7349891355025656,True
3587,C1,accessible_vehicle,0.7349891355025656,True
3588,B1,ai_severe_prediction,0.7349891355025656,True
3588,C1,accessible_vehicle,0.7349891355025656,True
3589,B1,ai_severe_prediction,0.7349891355025656,True
3589,C1,accessible_vehicle,0.7349891355025656,True
3590,B1,ai_severe_prediction,0.7349891355025656,True
3590,C1,accessible_vehicle,0.7349891355025656,True
3591,B1,ai_severe_prediction,0.7349891355025656,True
3591,C1,accessible_vehicle,0.7349891355025656,True
3592,B1,ai_severe_prediction,0.7349891355025657,True
3592,C1,accessible_vehicle,0.7349891355025656,True
3593,B1,ai_severe_prediction,0.7349891355025656,True
3593,C1,accessible_vehicle,0.7349891355025656,True
3594,B1,ai_severe_prediction,0.7349891355025657,True
3594,C1,accessible_vehicle,0.7349891355025656,True
3595,B1,ai_severe_prediction,0.7349891355025656,True
3595,C1,accessible_vehicle,0.7349891355025656,True
3596,B1,ai_severe_prediction,0.7349891355025656,True
3596,C1,accessible_vehicle,0.7349891355025656,True
3597,B1,ai_severe_prediction,0.7349891355025656,True
3597,C1,accessible_vehicle,0.7349891355025656,True
3598,B1,ai_severe_prediction,0.7349891355025656,True
3598,C1,accessible_vehicle,0.7349891355025656,True
3599,B1,ai_severe_prediction,0.7349891355025656,True
3599,C1,accessible_vehicle,0.7349891355025656,True
3600,B1,ai_severe_prediction,0.7695613449386756,True
3600,C1,accessible_vehicle,0.7695613449386756,True
3601,B1,ai_severe_prediction,0.7695613449386756,True
3601,C1,accessible_vehicle,0.7695613449386756,True
3602,B1,ai_severe_prediction,0.7695613449386756,True
3602,C1,accessible_vehicle,0.7695613449386756,True
3603,B1,ai_severe_prediction,0.7695613449386756,True
3603,C1,accessible_vehicle,0.7695613449386753,True
3604,B1,ai_severe_prediction,0.7695613449386756,True
3604,C1,accessible_vehicle,0.7695613449386756,True
3605,B1,ai_severe_prediction,0.7695613449386756,True
3605,C1,accessible_vehicle,0.7695613449386756,True
3606,B1,ai_severe_prediction,0.7695613449386756,True
3606,C1,accessible_vehicle,0.7695613449386756,True
3607,B1,ai_severe_prediction,0.7695613449386756,True
3607,C1,accessible_vehicle,0.7695613449386756,True
3608,B1,ai_severe_prediction,0.7695613449386756,True
3608,C1,accessible_vehicle,0.7695613449386756,True
3609,B1,ai_severe_prediction,0.7695613449386756,True
3609,C1,accessible_vehicle,0.7695613449386756,True
3610,B1,ai_severe_prediction,0.7695613449386756,True
3610,C1,accessible_vehicle,0.7695613449386756,True
3611,B1,ai_severe_prediction,0.7695613449386756,True
3611,C1,accessible_vehicle,0.7695613449386756,True
3612,B1,ai_severe_prediction,0.7695613449386756,True
3612,C1,accessible_vehicle,0.7695613449386756,True
3613,B1,ai_severe_prediction,0.7695613449386756,True
3613,C1,accessible_vehicle,0.7695613449386756,True
3614,B1,ai_severe_prediction,0.7695613449386756,True
3614,C1,accessible_vehicle,0.7695613449386756,True
3615,B1,ai_severe_prediction,0.7695613449386756,True
3615,C1,accessible_vehicle,0.7695613449386756,True
3616,B1,ai_severe_prediction,0.7695613449386756,True
3616,C1,accessible_vehicle,0.7695613449386756,True
3617,B1,ai_severe_prediction,0.7695613449386756,True
3617,C1,accessible_vehicle,0.7695613449386756,True
3618,B1,ai_severe_prediction,0.7695613449386756,True
3618,C1,accessible_vehicle,0.7695613449386756,True
3619,B1,ai_severe_prediction,0.7695613449386756,True
3619,C1,accessible_vehicle,0.7695613449386756,True
3620,B1,ai_severe_prediction,0.7695613449386756,True
3620,C1,accessible_vehicle,0.7695613449386756,True
3621,B1,ai_severe_prediction,0.7695613449386756,True
3621,C1,accessible_vehicle,0.7695613449386756,True
3622,B1,ai_severe_prediction,0.7695613449386756,True
3622,C1,accessible_vehicle,0.7695613449386756,True
3623,B1,ai_severe_prediction,0.7695613449386756,True
3623,C1,accessible_vehicle,0.7695613449386756,True
3624,B1,ai_severe_prediction,0.7695613449386756,True
3624,C1,accessible_vehicle,0.7695613449386756,True
3625,B1,ai_severe_prediction,0.7695613449386756,True
3625,C1,accessible_vehicle,0.7695613449386756,True
3626,B1,ai_severe_prediction,0.7695613449386756,True
3626,C1,accessible_vehicle,0.7695613449386756,True
3627,B1,ai_severe_prediction,0.7695613449386756,True
3627,C1,accessible_vehicle,0.7695613449386756,True
3628,B1,ai_severe_prediction,0.7695613449386756,True
3628,C1,accessible_vehicle,0.7695613449386756,True
3629,B1,ai_severe_prediction,0.7695613449386756,True
3629,C1,accessible_vehicle,0.7695613449386756,True
3630,B1,ai_severe_prediction,0.7695613449386756,True
3630,C1,accessible_vehicle,0.7695613449386756,True
3631,B1,ai_severe_prediction,0.7695613449386756,True
3631,C1,accessible_vehicle,0.7695613449386756,True
3632,B1,ai_severe_prediction,0.7695613449386756,True
3632,C1,accessible_vehicle,0.7695613449386756,True
3633,B1,ai_severe_prediction,0.7695613449386756,True
3633,C1,accessible_vehicle,0.7695613449386756,True
3634,B1,ai_severe_prediction,0.7695613449386756,True
3634,C1,accessible_vehicle,0.7695613449386756,True
3635,B1,ai_severe_prediction,0.7695613449386756,True
3635,C1,accessible_vehicle,0.7695613449386756,True
3636,B1,ai_severe_prediction,0.7695613449386756,True
3636,C1,accessible_vehicle,0.7695613449386756,True
3637,B1,ai_severe_prediction,0.7695613449386756,True
3637,C1,accessible_vehicle,0.7695613449386756,True
3638,B1,ai_severe_prediction,0.7695613449386756,True
3638,C1,accessible_vehicle,0.7695613449386756,True
3639,B1,ai_severe_prediction,0.7695613449386756,True
3639,C1,accessible_vehicle,0.7695613449386756,True
3640,B1,ai_severe_prediction,0.7695613449386756,True
3640,C1,accessible_vehicle,0.7695613449386756,True
3641,B1,ai_severe_prediction,0.7695613449386756,True
3641,C1,accessible_vehicle,0.7695613449386756,True
3642,B1,ai_severe_prediction,0.7695613449386756,True
3642,C1,accessible_vehicle,0.7695613449386756,True
3643,B1,ai_severe_prediction,0.7695613449386756,True
3643,C1,accessible_vehicle,0.7695613449386756,True
3644,B1,ai_severe_prediction,0.7695613449386756,True
3644,C1,accessible_vehicle,0.7695613449386756,True
3645,B1,ai_severe_prediction,0.7695613449386757,True
3645,C1,accessible_vehicle,0.7695613449386757,True
3646,B1,ai_severe_prediction,0.7695613449386756,True
3646,C1,accessible_vehicle,0.7695613449386756,True
3647,B1,ai_severe_prediction,0.7695613449386756,True
3647,C1,accessible_vehicle,0.7695613449386756,True
3648,B1,ai_severe_prediction,0.7695613449386756,True
3648,C1,accessible_vehicle,0.7695613449386756,True
3649,B1,ai_severe_prediction,0.7695613449386757,True
3649,C1,accessible_vehicle,0.7695613449386756,True
3650,B1,ai_severe_prediction,0.7695613449386756,True
3650,C1,accessible_vehicle,0.7695613449386753,True
3651,B1,ai_severe_prediction,0.7695613449386756,True
3651,C1,accessible_vehicle,0.7695613449386756,True
3652,B1,ai_severe_prediction,0.7695613449386756,True
3652,C1,accessible_vehicle,0.7695613449386756,True
3653,B1,ai_severe_prediction,0.7695613449386756,True
3653,C1,accessible_vehicle,0.7695613449386756,True
3654,B1,ai_severe_prediction,0.7695613449386756,True
3654,C1,accessible_vehicle,0.7695613449386756,True
3655,B1,ai_severe_prediction,0.7695613449386756,True
3655,C1,accessible_vehicle,0.7695613449386756,True
3656,B1,ai_severe_prediction,0.7695613449386756,True
3656,C1,accessible_vehicle,0.7695613449386756,True
3657,B1,ai_severe_prediction,0.7695613449386756,True
3657,C1,accessible_vehicle,0.7695613449386756,True
3658,B1,ai_severe_prediction,0.7695613449386756,True
3658,C1,accessible_vehicle,0.7695613449386756,True
3659,B1,ai_severe_prediction,0.7695613449386756,True
3659,C1,accessible_vehicle,0.7695613449386756,True
3660,B1,ai_severe_prediction,0.7695613449386756,True
3660,C1,accessible_vehicle,0.7695613449386756,True
3661,B1,ai_severe_prediction,0.7695613449386756,True
3661,C1,accessible_vehicle,0.7695613449386756,True
3662,B1,ai_severe_prediction,0.7695613449386756,True
3662,C1,accessible_vehicle,0.7695613449386756,True
3663,B1,ai_severe_prediction,0.7695613449386756,True
3663,C1,accessible_vehicle,0.7695613449386756,True
3664,B1,ai_severe_prediction,0.7695613449386756,True
3664,C1,accessible_vehicle,0.7695613449386756,True
3665,B1,ai_severe_prediction,0.7695613449386756,True
3665,C1,accessible_vehicle,0.7695613449386756,True
3666,B1,ai_severe_prediction,0.7695613449386756,True
3666,C1,accessible_vehicle,0.7695613449386756,True
3667,B1,ai_severe_prediction,0.7695613449386757,True
3667,C1,accessible_vehicle,0.7695613449386756,True
3668,B1,ai_severe_prediction,0.7695613449386756,True
3668,C1,accessible_vehicle,0.7695613449386756,True
3669,B1,ai_severe_prediction,0.7695613449386756,True
3669,C1,accessible_vehicle,0.7695613449386756,True
3670,B1,ai_severe_prediction,0.7695613449386756,True
3670,C1,accessible_vehicle,0.7695613449386756,True
3671,B1,ai_severe_prediction,0.7695613449386756,True
3671,C1,accessible_vehicle,0.7695613449386756,True
3672,B1,ai_severe_prediction,0.7695613449386756,True
3672,C1,accessible_vehicle,0.7695613449386756,True
3673,B1,ai_severe_prediction,0.7695613449386756,True
3673,C1,accessible_vehicle,0.7695613449386756,True
3674,B1,ai_severe_prediction,0.7695613449386756,True
3674,C1,accessible_vehicle,0.7695613449386756,True
3675,B1,ai_severe_prediction,0.7695613449386756,True
3675,C1,accessible_vehicle,0.7695613449386756,True
3676,B1,ai_severe_prediction,0.7695613449386756,True
3676,C1,accessible_vehicle,0.7695613449386756,True
3677,B1,ai_severe_prediction,0.7695613449386756,True
3677,C1,accessible_vehicle,0.7695613449386756,True
3678,B1,ai_severe_prediction,0.7695613449386756,True
3678,C1,accessible_vehicle,0.7695613449386756,True
3679,B1,ai_severe_prediction,0.7695613449386756,True
3679,C1,accessible_vehicle,0.7695613449386756,True
3680,B1,ai_severe_prediction,0.7695613449386756,True
3680,C1,accessible_vehicle,0.7695613449386756,True
3681,B1,ai_severe_prediction,0.7695613449386756,True
3681,C1,accessible_vehicle,0.7695613449386756,True
3682,B1,ai_severe_prediction,0.7695613449386756,True
3682,C1,accessible_vehicle,0.7695613449386756,True
3683,B1,ai_severe_prediction,0.7695613449386756,True
3683,C1,accessible_vehicle,0.7695613449386756,True
3684,B1,ai_severe_prediction,0.7695613449386756,True
3684,C1,accessible_vehicle,0.7695613449386756,True
3685,B1,ai_severe_prediction,0.7695613449386756,True
3685,C1,accessible_vehicle,0.7695613449386756,True
3686,B1,ai_severe_prediction,0.7695613449386756,True
3686,C1,accessible_vehicle,0.7695613449386756,True
3687,B1,ai_severe_prediction,0.7695613449386756,True
3687,C1,accessible_vehicle,0.7695613449386756,True
3688,B1,ai_severe_prediction,0.7695613449386756,True
3688,C1,accessible_vehicle,0.7695613449386756,True
3689,B1,ai_severe_prediction,0.7695613449386756,True
3689,C1,accessible_vehicle,0.7695613449386756,True
3690,B1,ai_severe_prediction,0.7695613449386756,True
3690,C1,accessible_vehicle,0.7695613449386756,True
3691,B1,ai_severe_prediction,0.7695613449386756,True
3691,C1,accessible_vehicle,0.7695613449386756,True
3692,B1,ai_severe_prediction,0.7695613449386756,True
3692,C1,accessible_vehicle,0.7695613449386757,True
3693,B1,ai_severe_prediction,0.7695613449386756,True
3693,C1,accessible_vehicle,0.7695613449386756,True
3694,B1,ai_severe_prediction,0.7695613449386756,True
3694,C1,accessible_vehicle,0.7695613449386756,True
3695,B1,ai_severe_prediction,0.7695613449386756,True
3695,C1,accessible_vehicle,0.7695613449386756,True
3696,B1,ai_severe_prediction,0.7695613449386756,True
3696,C1,accessible_vehicle,0.7695613449386756,True
3697,B1,ai_severe_prediction,0.7695613449386756,True
3697,C1,accessible_vehicle,0.7695613449386756,True
3698,B1,ai_severe_prediction,0.7695613449386756,True
3698,C1,accessible_vehicle,0.7695613449386756,True
3699,B1,ai_severe_prediction,0.7695613449386756,True
3699,C1,accessible_vehicle,0.7695613449386756,True
3700,B1,ai_severe_prediction,0.7695613449386756,True
3700,C1,accessible_vehicle,0.7695613449386756,True
3701,B1,ai_severe_prediction,0.7695613449386756,True
3701,C1,accessible_vehicle,0.7695613449386756,True
3702,B1,ai_severe_prediction,0.7695613449386756,True
3702,C1,accessible_vehicle,0.7695613449386756,True
3703,B1,ai_severe_prediction,0.7695613449386756,True
3703,C1,accessible_vehicle,0.7695613449386756,True
3704,B1,ai_severe_prediction,0.7695613449386756,True
3704,C1,accessible_vehicle,0.7695613449386756,True
3705,B1,ai_severe_prediction,0.7695613449386756,True
3705,C1,accessible_vehicle,0.7695613449386756,True
3706,B1,ai_severe_prediction,0.7695613449386756,True
3706,C1,accessible_vehicle,0.7695613449386756,True
3707,B1,ai_severe_prediction,0.7695613449386756,True
3707,C1,accessible_vehicle,0.7695613449386756,True
3708,B1,ai_severe_prediction,0.7695613449386756,True
3708,C1,accessible_vehicle,0.7695613449386756,True
3709,B1,ai_severe_prediction,0.7695613449386756,True
3709,C1,accessible_vehicle,0.7695613449386756,True
3710,B1,ai_severe_prediction,0.7695613449386756,True
3710,C1,accessible_vehicle,0.7695613449386756,True
3711,B1,ai_severe_prediction,0.7695613449386756,True
3711,C1,accessible_vehicle,0.7695613449386756,True
3712,B1,ai_severe_prediction,0.7695613449386756,True
3712,C1,accessible_vehicle,0.7695613449386756,True
3713,B1,ai_severe_prediction,0.7695613449386756,True
3713,C1,accessible_vehicle,0.7695613449386756,True
3714,B1,ai_severe_prediction,0.7695613449386756,True
3714,C1,accessible_vehicle,0.7695613449386756,True
3715,B1,ai_severe_prediction,0.7695613449386756,True
3715,C1,accessible_vehicle,0.7695613449386756,True
3716,B1,ai_severe_prediction,0.7695613449386756,True
3716,C1,accessible_vehicle,0.7695613449386756,True
3717,B1,ai_severe_prediction,0.7695613449386756,True
3717,C1,accessible_vehicle,0.7695613449386756,True
3718,B1,ai_severe_prediction,0.7695613449386756,True
3718,C1,accessible_vehicle,0.7695613449386756,True
3719,B1,ai_severe_prediction,0.7695613449386756,True
3719,C1,accessible_vehicle,0.7695613449386756,True
3720,B1,ai_severe_prediction,0.7695613449386756,True
3720,C1,accessible_vehicle,0.7695613449386756,True
3721,B1,ai_severe_prediction,0.7695613449386756,True
3721,C1,accessible_vehicle,0.7695613449386756,True
3722,B1,ai_severe_prediction,0.7695613449386756,True
3722,C1,accessible_vehicle,0.7695613449386756,True
3723,B1,ai_severe_prediction,0.7695613449386756,True
3723,C1,accessible_vehicle,0.7695613449386756,True
3724,B1,ai_severe_prediction,0.7695613449386756,True
3724,C1,accessible_vehicle,0.7695613449386756,True
3725,B1,ai_severe_prediction,0.7695613449386756,True
3725,C1,accessible_vehicle,0.7695613449386756,True
3726,B1,ai_severe_prediction,0.7695613449386756,True
3726,C1,accessible_vehicle,0.7695613449386756,True
3727,B1,ai_severe_prediction,0.7695613449386756,True
3727,C1,accessible_vehicle,0.7695613449386756,True
3728,B1,ai_severe_prediction,0.7695613449386756,True
3728,C1,accessible_vehicle,0.7695613449386756,True
3729,B1,ai_severe_prediction,0.7695613449386756,True
3729,C1,accessible_vehicle,0.7695613449386756,True
3730,B1,ai_severe_prediction,0.7695613449386756,True
3730,C1,accessible_vehicle,0.7695613449386756,True
3731,B1,ai_severe_prediction,0.7695613449386756,True
3731,C1,accessible_vehicle,0.7695613449386756,True
3732,B1,ai_severe_prediction,0.7695613449386756,True
3732,C1,accessible_vehicle,0.7695613449386756,True
3733,B1,ai_severe_prediction,0.7695613449386756,True
3733,C1,accessible_vehicle,0.7695613449386756,True
3734,B1,ai_severe_prediction,0.7695613449386756,True
3734,C1,accessible_vehicle,0.7695613449386756,True
3735,B1,ai_severe_prediction,0.7695613449386756,True
3735,C1,accessible_vehicle,0.7695613449386756,True
3736,B1,ai_severe_prediction,0.7695613449386756,True
3736,C1,accessible_vehicle,0.7695613449386756,True
3737,B1,ai_severe_prediction,0.7695613449386756,True
3737,C1,accessible_vehicle,0.7695613449386756,True
3738,B1,ai_severe_prediction,0.7695613449386756,True
3738,C1,accessible_vehicle,0.7695613449386756,True
3739,B1,ai_severe_prediction,0.7695613449386756,True
3739,C1,accessible_vehicle,0.7695613449386756,True
3740,B1,ai_severe_prediction,0.7695613449386756,True
3740,C1,accessible_vehicle,0.7695613449386756,True
3741,B1,ai_severe_prediction,0.7695613449386756,True
3741,C1,accessible_vehicle,0.7695613449386756,True
3742,B1,ai_severe_prediction,0.7695613449386756,True
3742,C1,accessible_vehicle,0.7695613449386756,True
3743,B1,ai_severe_prediction,0.7695613449386756,True
3743,C1,accessible_vehicle,0.7695613449386756,True
3744,B1,ai_severe_prediction,0.7695613449386756,True
3744,C1,accessible_vehicle,0.7695613449386756,True
3745,B1,ai_severe_prediction,0.7695613449386756,True
3745,C1,accessible_vehicle,0.7695613449386756,True
3746,B1,ai_severe_prediction,0.7695613449386756,True
3746,C1,accessible_vehicle,0.7695613449386756,True
3747,B1,ai_severe_prediction,0.7695613449386756,True
3747,C1,accessible_vehicle,0.7695613449386756,True
3748,B1,ai_severe_prediction,0.7695613449386756,True
3748,C1,accessible_vehicle,0.7695613449386756,True
3749,B1,ai_severe_prediction,0.7695613449386756,True
3749,C1,accessible_vehicle,0.7695613449386756,True
3750,B1,ai_severe_prediction,0.7695613449386756,True
3750,C1,accessible_vehicle,0.7695613449386756,True
3751,B1,ai_severe_prediction,0.7695613449386756,True
3751,C1,accessible_vehicle,0.7695613449386756,True
3752,B1,ai_severe_prediction,0.7695613449386756,True
3752,C1,accessible_vehicle,0.7695613449386756,True
3753,B1,ai_severe_prediction,0.7695613449386756,True
3753,C1,accessible_vehicle,0.7695613449386756,True
3754,B1,ai_severe_prediction,0.7695613449386756,True
3754,C1,accessible_vehicle,0.7695613449386756,True
3755,B1,ai_severe_prediction,0.7695613449386756,True
3755,C1,accessible_vehicle,0.7695613449386756,True
3756,B1,ai_severe_prediction,0.7695613449386756,True
3756,C1,accessible_vehicle,0.7695613449386756,True
3757,B1,ai_severe_prediction,0.7695613449386756,True
3757,C1,accessible_vehicle,0.7695613449386756,True
3758,B1,ai_severe_prediction,0.7695613449386756,True
3758,C1,accessible_vehicle,0.7695613449386756,True
3759,B1,ai_severe_prediction,0.7695613449386756,True
3759,C1,accessible_vehicle,0.7695613449386756,True
3760,B1,ai_severe_prediction,0.7695613449386756,True
3760,C1,accessible_vehicle,0.7695613449386756,True
3761,B1,ai_severe_prediction,0.7695613449386756,True
3761,C1,accessible_vehicle,0.7695613449386756,True
3762,B1,ai_severe_prediction,0.7695613449386756,True
3762,C1,accessible_vehicle,0.7695613449386756,True
3763,B1,ai_severe_prediction,0.7695613449386756,True
3763,C1,accessible_vehicle,0.7695613449386756,True
3764,B1,ai_severe_prediction,0.7695613449386756,True
3764,C1,accessible_vehicle,0.7695613449386756,True
3765,B1,ai_severe_prediction,0.7695613449386756,True
3765,C1,accessible_vehicle,0.7695613449386756,True
3766,B1,ai_severe_prediction,0.7695613449386756,True
3766,C1,accessible_vehicle,0.7695613449386756,True
3767,B1,ai_severe_prediction,0.7695613449386756,True
3767,C1,accessible_vehicle,0.7695613449386756,True
3768,B1,ai_severe_prediction,0.7695613449386756,True
3768,C1,accessible_vehicle,0.7695613449386756,True
3769,B1,ai_severe_prediction,0.7695613449386756,True
3769,C1,accessible_vehicle,0.7695613449386756,True
3770,B1,ai_severe_prediction,0.7695613449386756,True
3770,C1,accessible_vehicle,0.7695613449386756,True
3771,B1,ai_severe_prediction,0.7695613449386756,True
3771,C1,accessible_vehicle,0.7695613449386756,True
3772,B1,ai_severe_prediction,0.7695613449386756,True
3772,C1,accessible_vehicle,0.7695613449386756,True
3773,B1,ai_severe_prediction,0.7695613449386756,True
3773,C1,accessible_vehicle,0.7695613449386756,True
3774,B1,ai_severe_prediction,0.7695613449386756,True
3774,C1,accessible_vehicle,0.7695613449386756,True
3775,B1,ai_severe_prediction,0.7695613449386756,True
3775,C1,accessible_vehicle,0.7695613449386756,True
3776,B1,ai_severe_prediction,0.7695613449386756,True
3776,C1,accessible_vehicle,0.7695613449386756,True
3777,B1,ai_severe_prediction,0.7695613449386756,True
3777,C1,accessible_vehicle,0.7695613449386756,True
3778,B1,ai_severe_prediction,0.7695613449386756,True
3778,C1,accessible_vehicle,0.7695613449386756,True
3779,B1,ai_severe_prediction,0.7695613449386756,True
3779,C1,accessible_vehicle,0.7695613449386756,True
3780,B1,ai_severe_prediction,0.7655245267712631,True
3780,C1,accessible_vehicle,0.7655245267712631,True
3781,B1,ai_severe_prediction,0.7655245267712631,True
3781,C1,accessible_vehicle,0.7655245267712631,True
3782,B1,ai_severe_prediction,0.7655245267712631,True
3782,C1,accessible_vehicle,0.7655245267712631,True
3783,B1,ai_severe_prediction,0.7655245267712631,True
3783,C1,accessible_vehicle,0.7655245267712631,True
3784,B1,ai_severe_prediction,0.7655245267712631,True
3784,C1,accessible_vehicle,0.7655245267712631,True
3785,B1,ai_severe_prediction,0.7655245267712631,True
3785,C1,accessible_vehicle,0.7655245267712631,True
3786,B1,ai_severe_prediction,0.7655245267712631,True
3786,C1,accessible_vehicle,0.7655245267712631,True
3787,B1,ai_severe_prediction,0.7655245267712631,True
3787,C1,accessible_vehicle,0.7655245267712631,True
3788,B1,ai_severe_prediction,0.7655245267712631,True
3788,C1,accessible_vehicle,0.7655245267712631,True
3789,B1,ai_severe_prediction,0.7655245267712631,True
3789,C1,accessible_vehicle,0.7655245267712631,True
3790,B1,ai_severe_prediction,0.7655245267712631,True
3790,C1,accessible_vehicle,0.7655245267712631,True
3791,B1,ai_severe_prediction,0.7655245267712631,True
3791,C1,accessible_vehicle,0.7655245267712631,True
3792,B1,ai_severe_prediction,0.7655245267712631,True
3792,C1,accessible_vehicle,0.7655245267712631,True
3793,B1,ai_severe_prediction,0.7655245267712633,True
3793,C1,accessible_vehicle,0.7655245267712631,True
3794,B1,ai_severe_prediction,0.7655245267712631,True
3794,C1,accessible_vehicle,0.7655245267712631,True
3795,B1,ai_severe_prediction,0.7655245267712631,True
3795,C1,accessible_vehicle,0.7655245267712631,True
3796,B1,ai_severe_prediction,0.7655245267712631,True
3796,C1,accessible_vehicle,0.7655245267712631,True
3797,B1,ai_severe_prediction,0.7655245267712631,True
3797,C1,accessible_vehicle,0.7655245267712631,True
3798,B1,ai_severe_prediction,0.7655245267712631,True
3798,C1,accessible_vehicle,0.7655245267712631,True
3799,B1,ai_severe_prediction,0.7655245267712631,True
3799,C1,accessible_vehicle,0.7655245267712631,True
3800,B1,ai_severe_prediction,0.7655245267712631,True
3800,C1,accessible_vehicle,0.7655245267712631,True
3801,B1,ai_severe_prediction,0.7655245267712631,True
3801,C1,accessible_vehicle,0.7655245267712631,True
3802,B1,ai_severe_prediction,0.7655245267712631,True
3802,C1,accessible_vehicle,0.7655245267712631,True
3803,B1,ai_severe_prediction,0.7655245267712631,True
3803,C1,accessible_vehicle,0.7655245267712631,True
3804,B1,ai_severe_prediction,0.7655245267712631,True
3804,C1,accessible_vehicle,0.7655245267712631,True
3805,B1,ai_severe_prediction,0.7655245267712631,True
3805,C1,accessible_vehicle,0.7655245267712631,True
3806,B1,ai_severe_prediction,0.7655245267712631,True
3806,C1,accessible_vehicle,0.7655245267712631,True
3807,B1,ai_severe_prediction,0.7655245267712631,True
3807,C1,accessible_vehicle,0.7655245267712631,True
3808,B1,ai_severe_prediction,0.7655245267712631,True
3808,C1,accessible_vehicle,0.7655245267712631,True
3809,B1,ai_severe_prediction,0.7655245267712631,True
3809,C1,accessible_vehicle,0.7655245267712631,True
3810,B1,ai_severe_prediction,0.7655245267712631,True
3810,C1,accessible_vehicle,0.7655245267712631,True
3811,B1,ai_severe_prediction,0.7655245267712631,True
3811,C1,accessible_vehicle,0.7655245267712631,True
3812,B1,ai_severe_prediction,0.7655245267712631,True
3812,C1,accessible_vehicle,0.7655245267712631,True
3813,B1,ai_severe_prediction,0.7655245267712631,True
3813,C1,accessible_vehicle,0.7655245267712631,True
3814,B1,ai_severe_prediction,0.7655245267712629,True
3814,C1,accessible_vehicle,0.7655245267712631,True
3815,B1,ai_severe_prediction,0.7655245267712631,True
3815,C1,accessible_vehicle,0.7655245267712631,True
3816,B1,ai_severe_prediction,0.7655245267712631,True
3816,C1,accessible_vehicle,0.7655245267712631,True
3817,B1,ai_severe_prediction,0.7655245267712629,True
3817,C1,accessible_vehicle,0.7655245267712631,True
3818,B1,ai_severe_prediction,0.7655245267712631,True
3818,C1,accessible_vehicle,0.7655245267712631,True
3819,B1,ai_severe_prediction,0.7655245267712631,True
3819,C1,accessible_vehicle,0.7655245267712631,True
3820,B1,ai_severe_prediction,0.7655245267712631,True
3820,C1,accessible_vehicle,0.7655245267712631,True
3821,B1,ai_severe_prediction,0.7655245267712631,True
3821,C1,accessible_vehicle,0.7655245267712631,True
3822,B1,ai_severe_prediction,0.7655245267712631,True
3822,C1,accessible_vehicle,0.7655245267712631,True
3823,B1,ai_severe_prediction,0.7655245267712631,True
3823,C1,accessible_vehicle,0.7655245267712631,True
3824,B1,ai_severe_prediction,0.7655245267712631,True
3824,C1,accessible_vehicle,0.7655245267712631,True
3825,B1,ai_severe_prediction,0.7655245267712631,True
3825,C1,accessible_vehicle,0.7655245267712631,True
3826,B1,ai_severe_prediction,0.7655245267712629,True
3826,C1,accessible_vehicle,0.7655245267712631,True
3827,B1,ai_severe_prediction,0.7655245267712631,True
3827,C1,accessible_vehicle,0.7655245267712631,True
3828,B1,ai_severe_prediction,0.7655245267712631,True
3828,C1,accessible_vehicle,0.7655245267712631,True
3829,B1,ai_severe_prediction,0.7655245267712631,True
3829,C1,accessible_vehicle,0.7655245267712631,True
3830,B1,ai_severe_prediction,0.7655245267712629,True
3830,C1,accessible_vehicle,0.7655245267712631,True
3831,B1,ai_severe_prediction,0.7655245267712631,True
3831,C1,accessible_vehicle,0.7655245267712631,True
3832,B1,ai_severe_prediction,0.7655245267712631,True
3832,C1,accessible_vehicle,0.7655245267712631,True
3833,B1,ai_severe_prediction,0.7655245267712631,True
3833,C1,accessible_vehicle,0.7655245267712631,True
3834,B1,ai_severe_prediction,0.7655245267712631,True
3834,C1,accessible_vehicle,0.7655245267712631,True
3835,B1,ai_severe_prediction,0.7655245267712631,True
3835,C1,accessible_vehicle,0.7655245267712631,True
3836,B1,ai_severe_prediction,0.7655245267712631,True
3836,C1,accessible_vehicle,0.7655245267712631,True
3837,B1,ai_severe_prediction,0.7655245267712631,True
3837,C1,accessible_vehicle,0.7655245267712631,True
3838,B1,ai_severe_prediction,0.7655245267712631,True
3838,C1,accessible_vehicle,0.7655245267712631,True
3839,B1,ai_severe_prediction,0.7655245267712631,True
3839,C1,accessible_vehicle,0.7655245267712631,True
3840,B1,ai_severe_prediction,0.7655245267712631,True
3840,C1,accessible_vehicle,0.7655245267712631,True
3841,B1,ai_severe_prediction,0.7655245267712631,True
3841,C1,accessible_vehicle,0.7655245267712631,True
3842,B1,ai_severe_prediction,0.7655245267712631,True
3842,C1,accessible_vehicle,0.7655245267712631,True
3843,B1,ai_severe_prediction,0.7655245267712631,True
3843,C1,accessible_vehicle,0.7655245267712631,True
3844,B1,ai_severe_prediction,0.7655245267712631,True
3844,C1,accessible_vehicle,0.7655245267712631,True
3845,B1,ai_severe_prediction,0.7655245267712631,True
3845,C1,accessible_vehicle,0.7655245267712631,True
3846,B1,ai_severe_prediction,0.7655245267712631,True
3846,C1,accessible_vehicle,0.7655245267712631,True
3847,B1,ai_severe_prediction,0.7655245267712631,True
3847,C1,accessible_vehicle,0.7655245267712631,True
3848,B1,ai_severe_prediction,0.7655245267712631,True
3848,C1,accessible_vehicle,0.7655245267712631,True
3849,B1,ai_severe_prediction,0.7655245267712631,True
3849,C1,accessible_vehicle,0.7655245267712631,True
3850,B1,ai_severe_prediction,0.7655245267712631,True
3850,C1,accessible_vehicle,0.7655245267712631,True
3851,B1,ai_severe_prediction,0.7655245267712631,True
3851,C1,accessible_vehicle,0.7655245267712631,True
3852,B1,ai_severe_prediction,0.7655245267712629,True
3852,C1,accessible_vehicle,0.7655245267712631,True
3853,B1,ai_severe_prediction,0.7655245267712631,True
3853,C1,accessible_vehicle,0.7655245267712631,True
3854,B1,ai_severe_prediction,0.7655245267712631,True
3854,C1,accessible_vehicle,0.7655245267712631,True
3855,B1,ai_severe_prediction,0.7655245267712631,True
3855,C1,accessible_vehicle,0.7655245267712631,True
3856,B1,ai_severe_prediction,0.7655245267712631,True
3856,C1,accessible_vehicle,0.7655245267712631,True
3857,B1,ai_severe_prediction,0.7655245267712631,True
3857,C1,accessible_vehicle,0.7655245267712631,True
3858,B1,ai_severe_prediction,0.7655245267712631,True
3858,C1,accessible_vehicle,0.7655245267712631,True
3859,B1,ai_severe_prediction,0.7655245267712631,True
3859,C1,accessible_vehicle,0.7655245267712631,True
3860,B1,ai_severe_prediction,0.7655245267712631,True
3860,C1,accessible_vehicle,0.7655245267712631,True
3861,B1,ai_severe_prediction,0.7655245267712629,True
3861,C1,accessible_vehicle,0.7655245267712631,True
3862,B1,ai_severe_prediction,0.7655245267712631,True
3862,C1,accessible_vehicle,0.7655245267712631,True
3863,B1,ai_severe_prediction,0.7655245267712631,True
3863,C1,accessible_vehicle,0.7655245267712631,True
3864,B1,ai_severe_prediction,0.7655245267712631,True
3864,C1,accessible_vehicle,0.7655245267712631,True
3865,B1,ai_severe_prediction,0.7655245267712629,True
3865,C1,accessible_vehicle,0.7655245267712631,True
3866,B1,ai_severe_prediction,0.7655245267712631,True
3866,C1,accessible_vehicle,0.7655245267712631,True
3867,B1,ai_severe_prediction,0.7655245267712631,True
3867,C1,accessible_vehicle,0.7655245267712631,True
3868,B1,ai_severe_prediction,0.7655245267712631,True
3868,C1,accessible_vehicle,0.7655245267712629,True
3869,B1,ai_severe_prediction,0.7655245267712631,True
3869,C1,accessible_vehicle,0.7655245267712631,True
3870,B1,ai_severe_prediction,0.7655245267712631,True
3870,C1,accessible_vehicle,0.7655245267712631,True
3871,B1,ai_severe_prediction,0.7655245267712631,True
3871,C1,accessible_vehicle,0.7655245267712631,True
3872,B1,ai_severe_prediction,0.7655245267712631,True
3872,C1,accessible_vehicle,0.7655245267712631,True
3873,B1,ai_severe_prediction,0.7655245267712631,True
3873,C1,accessible_vehicle,0.7655245267712631,True
3874,B1,ai_severe_prediction,0.7655245267712631,True
3874,C1,accessible_vehicle,0.7655245267712631,True
3875,B1,ai_severe_prediction,0.7655245267712629,True
3875,C1,accessible_vehicle,0.7655245267712631,True
3876,B1,ai_severe_prediction,0.7655245267712629,True
3876,C1,accessible_vehicle,0.7655245267712631,True
3877,B1,ai_severe_prediction,0.7655245267712631,True
3877,C1,accessible_vehicle,0.7655245267712631,True
3878,B1,ai_severe_prediction,0.7655245267712631,True
3878,C1,accessible_vehicle,0.7655245267712631,True
3879,B1,ai_severe_prediction,0.7655245267712631,True
3879,C1,accessible_vehicle,0.7655245267712631,True
3880,B1,ai_severe_prediction,0.7655245267712631,True
3880,C1,accessible_vehicle,0.7655245267712631,True
3881,B1,ai_severe_prediction,0.7655245267712631,True
3881,C1,accessible_vehicle,0.7655245267712631,True
3882,B1,ai_severe_prediction,0.7655245267712631,True
3882,C1,accessible_vehicle,0.7655245267712631,True
3883,B1,ai_severe_prediction,0.7655245267712631,True
3883,C1,accessible_vehicle,0.7655245267712631,True
3884,B1,ai_severe_prediction,0.7655245267712631,True
3884,C1,accessible_vehicle,0.7655245267712631,True
3885,B1,ai_severe_prediction,0.7655245267712631,True
3885,C1,accessible_vehicle,0.7655245267712631,True
3886,B1,ai_severe_prediction,0.7655245267712631,True
3886,C1,accessible_vehicle,0.7655245267712631,True
3887,B1,ai_severe_prediction,0.7655245267712631,True
3887,C1,accessible_vehicle,0.7655245267712631,True
3888,B1,ai_severe_prediction,0.7655245267712631,True
3888,C1,accessible_vehicle,0.7655245267712631,True
3889,B1,ai_severe_prediction,0.7655245267712631,True
3889,C1,accessible_vehicle,0.7655245267712631,True
3890,B1,ai_severe_prediction,0.7655245267712633,True
3890,C1,accessible_vehicle,0.7655245267712631,True
3891,B1,ai_severe_prediction,0.7655245267712629,True
3891,C1,accessible_vehicle,0.7655245267712631,True
3892,B1,ai_severe_prediction,0.7655245267712631,True
3892,C1,accessible_vehicle,0.7655245267712629,True
3893,B1,ai_severe_prediction,0.7655245267712631,True
3893,C1,accessible_vehicle,0.7655245267712631,True
3894,B1,ai_severe_prediction,0.7655245267712631,True
3894,C1,accessible_vehicle,0.7655245267712629,True
3895,B1,ai_severe_prediction,0.7655245267712633,True
3895,C1,accessible_vehicle,0.7655245267712631,True
3896,B1,ai_severe_prediction,0.7655245267712631,True
3896,C1,accessible_vehicle,0.7655245267712631,True
3897,B1,ai_severe_prediction,0.7655245267712631,True
3897,C1,accessible_vehicle,0.7655245267712631,True
3898,B1,ai_severe_prediction,0.7655245267712631,True
3898,C1,accessible_vehicle,0.7655245267712631,True
3899,B1,ai_severe_prediction,0.7655245267712631,True
3899,C1,accessible_vehicle,0.7655245267712631,True
3900,B1,ai_severe_prediction,0.7655245267712631,True
3900,C1,accessible_vehicle,0.7655245267712631,True
3901,B1,ai_severe_prediction,0.7655245267712631,True
3901,C1,accessible_vehicle,0.7655245267712631,True
3902,B1,ai_severe_prediction,0.7655245267712631,True
3902,C1,accessible_vehicle,0.7655245267712631,True
3903,B1,ai_severe_prediction,0.7655245267712631,True
3903,C1,accessible_vehicle,0.7655245267712631,True
3904,B1,ai_severe_prediction,0.7655245267712631,True
3904,C1,accessible_vehicle,0.7655245267712631,True
3905,B1,ai_severe_prediction,0.7655245267712631,True
3905,C1,accessible_vehicle,0.7655245267712631,True
3906,B1,ai_severe_prediction,0.7655245267712631,True
3906,C1,accessible_vehicle,0.7655245267712631,True
3907,B1,ai_severe_prediction,0.7655245267712631,True
3907,C1,accessible_vehicle,0.7655245267712631,True
3908,B1,ai_severe_prediction,0.7655245267712631,True
3908,C1,accessible_vehicle,0.7655245267712631,True
3909,B1,ai_severe_prediction,0.7655245267712631,True
3909,C1,accessible_vehicle,0.7655245267712631,True
3910,B1,ai_severe_prediction,0.7655245267712631,True
3910,C1,accessible_vehicle,0.7655245267712631,True
3911,B1,ai_severe_prediction,0.7655245267712631,True
3911,C1,accessible_vehicle,0.7655245267712631,True
3912,B1,ai_severe_prediction,0.7655245267712631,True
3912,C1,accessible_vehicle,0.7655245267712631,True
3913,B1,ai_severe_prediction,0.7655245267712631,True
3913,C1,accessible_vehicle,0.7655245267712631,True
3914,B1,ai_severe_prediction,0.7655245267712631,True
3914,C1,accessible_vehicle,0.7655245267712631,True
3915,B1,ai_severe_prediction,0.7655245267712631,True
3915,C1,accessible_vehicle,0.7655245267712631,True
3916,B1,ai_severe_prediction,0.7655245267712631,True
3916,C1,accessible_vehicle,0.7655245267712631,True
3917,B1,ai_severe_prediction,0.7655245267712631,True
3917,C1,accessible_vehicle,0.7655245267712631,True
3918,B1,ai_severe_prediction,0.7655245267712631,True
3918,C1,accessible_vehicle,0.7655245267712631,True
3919,B1,ai_severe_prediction,0.7655245267712631,True
3919,C1,accessible_vehicle,0.7655245267712631,True
3920,B1,ai_severe_prediction,0.7655245267712631,True
3920,C1,accessible_vehicle,0.7655245267712631,True
3921,B1,ai_severe_prediction,0.7655245267712631,True
3921,C1,accessible_vehicle,0.7655245267712631,True
3922,B1,ai_severe_prediction,0.7655245267712631,True
3922,C1,accessible_vehicle,0.7655245267712631,True
3923,B1,ai_severe_prediction,0.7655245267712631,True
3923,C1,accessible_vehicle,0.7655245267712631,True
3924,B1,ai_severe_prediction,0.7655245267712631,True
3924,C1,accessible_vehicle,0.7655245267712631,True
3925,B1,ai_severe_prediction,0.7655245267712631,True
3925,C1,accessible_vehicle,0.7655245267712631,True
3926,B1,ai_severe_prediction,0.7655245267712631,True
3926,C1,accessible_vehicle,0.7655245267712631,True
3927,B1,ai_severe_prediction,0.7655245267712631,True
3927,C1,accessible_vehicle,0.7655245267712631,True
3928,B1,ai_severe_prediction,0.7655245267712631,True
3928,C1,accessible_vehicle,0.7655245267712631,True
3929,B1,ai_severe_prediction,0.7655245267712631,True
3929,C1,accessible_vehicle,0.7655245267712631,True
3930,B1,ai_severe_prediction,0.7655245267712631,True
3930,C1,accessible_vehicle,0.7655245267712631,True
3931,B1,ai_severe_prediction,0.7655245267712631,True
3931,C1,accessible_vehicle,0.7655245267712631,True
3932,B1,ai_severe_prediction,0.7655245267712631,True
3932,C1,accessible_vehicle,0.7655245267712631,True
3933,B1,ai_severe_prediction,0.7655245267712631,True
3933,C1,accessible_vehicle,0.7655245267712631,True
3934,B1,ai_severe_prediction,0.7655245267712631,True
3934,C1,accessible_vehicle,0.7655245267712631,True
3935,B1,ai_severe_prediction,0.7655245267712631,True
3935,C1,accessible_vehicle,0.7655245267712631,True
3936,B1,ai_severe_prediction,0.7655245267712631,True
3936,C1,accessible_vehicle,0.7655245267712631,True
3937,B1,ai_severe_prediction,0.7655245267712631,True
3937,C1,accessible_vehicle,0.7655245267712631,True
3938,B1,ai_severe_prediction,0.7655245267712631,True
3938,C1,accessible_vehicle,0.7655245267712631,True
3939,B1,ai_severe_prediction,0.7655245267712631,True
3939,C1,accessible_vehicle,0.7655245267712631,True
3940,B1,ai_severe_prediction,0.7655245267712631,True
3940,C1,accessible_vehicle,0.7655245267712631,True
3941,B1,ai_severe_prediction,0.7655245267712631,True
3941,C1,accessible_vehicle,0.7655245267712631,True
3942,B1,ai_severe_prediction,0.7655245267712631,True
3942,C1,accessible_vehicle,0.7655245267712631,True
3943,B1,ai_severe_prediction,0.7655245267712631,True
3943,C1,accessible_vehicle,0.7655245267712631,True
3944,B1,ai_severe_prediction,0.7655245267712631,True
3944,C1,accessible_vehicle,0.7655245267712631,True
3945,B1,ai_severe_prediction,0.7655245267712631,True
3945,C1,accessible_vehicle,0.7655245267712631,True
3946,B1,ai_severe_prediction,0.7655245267712631,True
3946,C1,accessible_vehicle,0.7655245267712631,True
3947,B1,ai_severe_prediction,0.7655245267712631,True
3947,C1,accessible_vehicle,0.7655245267712631,True
3948,B1,ai_severe_prediction,0.7655245267712631,True
3948,C1,accessible_vehicle,0.7655245267712631,True
3949,B1,ai_severe_prediction,0.7655245267712631,True
3949,C1,accessible_vehicle,0.7655245267712631,True
3950,B1,ai_severe_prediction,0.7655245267712631,True
3950,C1,accessible_vehicle,0.7655245267712631,True
3951,B1,ai_severe_prediction,0.7655245267712631,True
3951,C1,accessible_vehicle,0.7655245267712631,True
3952,B1,ai_severe_prediction,0.7655245267712631,True
3952,C1,accessible_vehicle,0.7655245267712631,True
3953,B1,ai_severe_prediction,0.7655245267712631,True
3953,C1,accessible_vehicle,0.7655245267712631,True
3954,B1,ai_severe_prediction,0.7655245267712631,True
3954,C1,accessible_vehicle,0.7655245267712631,True
3955,B1,ai_severe_prediction,0.7655245267712631,True
3955,C1,accessible_vehicle,0.7655245267712631,True
3956,B1,ai_severe_prediction,0.7655245267712631,True
3956,C1,accessible_vehicle,0.7655245267712631,True
3957,B1,ai_severe_prediction,0.7655245267712631,True
3957,C1,accessible_vehicle,0.7655245267712629,True
3958,B1,ai_severe_prediction,0.7655245267712631,True
3958,C1,accessible_vehicle,0.7655245267712631,True
3959,B1,ai_severe_prediction,0.7655245267712631,True
3959,C1,accessible_vehicle,0.7655245267712631,True
3960,B1,ai_severe_prediction,0.7643846255950497,True
3960,C1,accessible_vehicle,0.7643846255950497,True
3961,B1,ai_severe_prediction,0.7643846255950497,True
3961,C1,accessible_vehicle,0.7643846255950497,True
3962,B1,ai_severe_prediction,0.7643846255950497,True
3962,C1,accessible_vehicle,0.7643846255950497,True
3963,B1,ai_severe_prediction,0.7643846255950497,True
3963,C1,accessible_vehicle,0.7643846255950497,True
3964,B1,ai_severe_prediction,0.7643846255950497,True
3964,C1,accessible_vehicle,0.7643846255950497,True
3965,B1,ai_severe_prediction,0.7643846255950497,True
3965,C1,accessible_vehicle,0.7643846255950497,True
3966,B1,ai_severe_prediction,0.7643846255950497,True
3966,C1,accessible_vehicle,0.7643846255950497,True
3967,B1,ai_severe_prediction,0.7643846255950497,True
3967,C1,accessible_vehicle,0.7643846255950497,True
3968,B1,ai_severe_prediction,0.7643846255950497,True
3968,C1,accessible_vehicle,0.7643846255950497,True
3969,B1,ai_severe_prediction,0.7643846255950497,True
3969,C1,accessible_vehicle,0.7643846255950497,True
3970,B1,ai_severe_prediction,0.7643846255950497,True
3970,C1,accessible_vehicle,0.7643846255950497,True
3971,B1,ai_severe_prediction,0.7643846255950497,True
3971,C1,accessible_vehicle,0.7643846255950497,True
3972,B1,ai_severe_prediction,0.7643846255950497,True
3972,C1,accessible_vehicle,0.7643846255950497,True
3973,B1,ai_severe_prediction,0.7643846255950497,True
3973,C1,accessible_vehicle,0.7643846255950497,True
3974,B1,ai_severe_prediction,0.7643846255950497,True
3974,C1,accessible_vehicle,0.7643846255950497,True
3975,B1,ai_severe_prediction,0.7643846255950497,True
3975,C1,accessible_vehicle,0.7643846255950497,True
3976,B1,ai_severe_prediction,0.7643846255950497,True
3976,C1,accessible_vehicle,0.7643846255950497,True
3977,B1,ai_severe_prediction,0.7643846255950497,True
3977,C1,accessible_vehicle,0.7643846255950497,True
3978,B1,ai_severe_prediction,0.7643846255950497,True
3978,C1,accessible_vehicle,0.7643846255950497,True
3979,B1,ai_severe_prediction,0.7643846255950497,True
3979,C1,accessible_vehicle,0.7643846255950497,True
3980,B1,ai_severe_prediction,0.7643846255950497,True
3980,C1,accessible_vehicle,0.7643846255950497,True
3981,B1,ai_severe_prediction,0.7643846255950497,True
3981,C1,accessible_vehicle,0.7643846255950497,True
3982,B1,ai_severe_prediction,0.7643846255950497,True
3982,C1,accessible_vehicle,0.7643846255950497,True
3983,B1,ai_severe_prediction,0.7643846255950497,True
3983,C1,accessible_vehicle,0.7643846255950497,True
3984,B1,ai_severe_prediction,0.7643846255950497,True
3984,C1,accessible_vehicle,0.7643846255950497,True
3985,B1,ai_severe_prediction,0.7643846255950497,True
3985,C1,accessible_vehicle,0.7643846255950497,True
3986,B1,ai_severe_prediction,0.7643846255950497,True
3986,C1,accessible_vehicle,0.7643846255950497,True
3987,B1,ai_severe_prediction,0.7643846255950498,True
3987,C1,accessible_vehicle,0.7643846255950497,True
3988,B1,ai_severe_prediction,0.7643846255950497,True
3988,C1,accessible_vehicle,0.7643846255950497,True
3989,B1,ai_severe_prediction,0.7643846255950497,True
3989,C1,accessible_vehicle,0.7643846255950497,True
3990,B1,ai_severe_prediction,0.7643846255950497,True
3990,C1,accessible_vehicle,0.7643846255950497,True
3991,B1,ai_severe_prediction,0.7643846255950497,True
3991,C1,accessible_vehicle,0.7643846255950497,True
3992,B1,ai_severe_prediction,0.7643846255950497,True
3992,C1,accessible_vehicle,0.7643846255950497,True
3993,B1,ai_severe_prediction,0.7643846255950497,True
3993,C1,accessible_vehicle,0.7643846255950497,True
3994,B1,ai_severe_prediction,0.7643846255950497,True
3994,C1,accessible_vehicle,0.7643846255950497,True
3995,B1,ai_severe_prediction,0.7643846255950497,True
3995,C1,accessible_vehicle,0.7643846255950497,True
3996,B1,ai_severe_prediction,0.7643846255950497,True
3996,C1,accessible_vehicle,0.7643846255950497,True
3997,B1,ai_severe_prediction,0.7643846255950497,True
3997,C1,accessible_vehicle,0.7643846255950497,True
3998,B1,ai_severe_prediction,0.7643846255950497,True
3998,C1,accessible_vehicle,0.7643846255950497,True
3999,B1,ai_severe_prediction,0.7643846255950497,True
3999,C1,accessible_vehicle,0.7643846255950497,True
4000,B1,ai_severe_prediction,0.7643846255950497,True
4000,C1,accessible_vehicle,0.7643846255950497,True
4001,B1,ai_severe_prediction,0.7643846255950497,True
4001,C1,accessible_vehicle,0.7643846255950497,True
4002,B1,ai_severe_prediction,0.7643846255950497,True
4002,C1,accessible_vehicle,0.7643846255950497,True
4003,B1,ai_severe_prediction,0.7643846255950497,True
4003,C1,accessible_vehicle,0.7643846255950497,True
4004,B1,ai_severe_prediction,0.7643846255950497,True
4004,C1,accessible_vehicle,0.7643846255950497,True
4005,B1,ai_severe_prediction,0.7643846255950497,True
4005,C1,accessible_vehicle,0.7643846255950497,True
4006,B1,ai_severe_prediction,0.7643846255950498,True
4006,C1,accessible_vehicle,0.7643846255950497,True
4007,B1,ai_severe_prediction,0.7643846255950497,True
4007,C1,accessible_vehicle,0.7643846255950497,True
4008,B1,ai_severe_prediction,0.7643846255950497,True
4008,C1,accessible_vehicle,0.7643846255950497,True
4009,B1,ai_severe_prediction,0.7643846255950497,True
4009,C1,accessible_vehicle,0.7643846255950497,True
4010,B1,ai_severe_prediction,0.7643846255950497,True
4010,C1,accessible_vehicle,0.7643846255950497,True
4011,B1,ai_severe_prediction,0.7643846255950497,True
4011,C1,accessible_vehicle,0.7643846255950497,True
4012,B1,ai_severe_prediction,0.7643846255950497,True
4012,C1,accessible_vehicle,0.7643846255950497,True
4013,B1,ai_severe_prediction,0.7643846255950497,True
4013,C1,accessible_vehicle,0.7643846255950497,True
4014,B1,ai_severe_prediction,0.7643846255950497,True
4014,C1,accessible_vehicle,0.7643846255950497,True
4015,B1,ai_severe_prediction,0.7643846255950497,True
4015,C1,accessible_vehicle,0.7643846255950497,True
4016,B1,ai_severe_prediction,0.7643846255950497,True
4016,C1,accessible_vehicle,0.7643846255950497,True
4017,B1,ai_severe_prediction,0.7643846255950497,True
4017,C1,accessible_vehicle,0.7643846255950497,True
4018,B1,ai_severe_prediction,0.7643846255950497,True
4018,C1,accessible_vehicle,0.7643846255950497,True
4019,B1,ai_severe_prediction,0.7643846255950497,True
4019,C1,accessible_vehicle,0.7643846255950497,True
4020,B1,ai_severe_prediction,0.7643846255950497,True
4020,C1,accessible_vehicle,0.7643846255950497,True
4021,B1,ai_severe_prediction,0.7643846255950497,True
4021,C1,accessible_vehicle,0.7643846255950497,True
4022,B1,ai_severe_prediction,0.7643846255950497,True
4022,C1,accessible_vehicle,0.7643846255950497,True
4023,B1,ai_severe_prediction,0.7643846255950497,True
4023,C1,accessible_vehicle,0.7643846255950497,True
4024,B1,ai_severe_prediction,0.7643846255950497,True
4024,C1,accessible_vehicle,0.7643846255950497,True
4025,B1,ai_severe_prediction,0.7643846255950497,True
4025,C1,accessible_vehicle,0.7643846255950497,True
4026,B1,ai_severe_prediction,0.7643846255950497,True
4026,C1,accessible_vehicle,0.7643846255950497,True
4027,B1,ai_severe_prediction,0.7643846255950497,True
4027,C1,accessible_vehicle,0.7643846255950497,True
4028,B1,ai_severe_prediction,0.7643846255950497,True
4028,C1,accessible_vehicle,0.7643846255950497,True
4029,B1,ai_severe_prediction,0.7643846255950497,True
4029,C1,accessible_vehicle,0.7643846255950497,True
4030,B1,ai_severe_prediction,0.7643846255950497,True
4030,C1,accessible_vehicle,0.7643846255950497,True
4031,B1,ai_severe_prediction,0.7643846255950497,True
4031,C1,accessible_vehicle,0.7643846255950497,True
4032,B1,ai_severe_prediction,0.7643846255950497,True
4032,C1,accessible_vehicle,0.7643846255950497,True
4033,B1,ai_severe_prediction,0.7643846255950497,True
4033,C1,accessible_vehicle,0.7643846255950497,True
4034,B1,ai_severe_prediction,0.7643846255950497,True
4034,C1,accessible_vehicle,0.7643846255950497,True
4035,B1,ai_severe_prediction,0.7643846255950497,True
4035,C1,accessible_vehicle,0.7643846255950497,True
4036,B1,ai_severe_prediction,0.7643846255950497,True
4036,C1,accessible_vehicle,0.7643846255950497,True
4037,B1,ai_severe_prediction,0.7643846255950497,True
4037,C1,accessible_vehicle,0.7643846255950497,True
4038,B1,ai_severe_prediction,0.7643846255950497,True
4038,C1,accessible_vehicle,0.7643846255950497,True
4039,B1,ai_severe_prediction,0.7643846255950497,True
4039,C1,accessible_vehicle,0.7643846255950497,True
4040,B1,ai_severe_prediction,0.7643846255950497,True
4040,C1,accessible_vehicle,0.7643846255950497,True
4041,B1,ai_severe_prediction,0.7643846255950497,True
4041,C1,accessible_vehicle,0.7643846255950497,True
4042,B1,ai_severe_prediction,0.7643846255950497,True
4042,C1,accessible_vehicle,0.7643846255950497,True
4043,B1,ai_severe_prediction,0.7643846255950497,True
4043,C1,accessible_vehicle,0.7643846255950497,True
4044,B1,ai_severe_prediction,0.7643846255950497,True
4044,C1,accessible_vehicle,0.7643846255950497,True
4045,B1,ai_severe_prediction,0.7643846255950497,True
4045,C1,accessible_vehicle,0.7643846255950497,True
4046,B1,ai_severe_prediction,0.7643846255950497,True
4046,C1,accessible_vehicle,0.7643846255950497,True
4047,B1,ai_severe_prediction,0.7643846255950497,True
4047,C1,accessible_vehicle,0.7643846255950497,True
4048,B1,ai_severe_prediction,0.7643846255950497,True
4048,C1,accessible_vehicle,0.7643846255950497,True
4049,B1,ai_severe_prediction,0.7643846255950497,True
4049,C1,accessible_vehicle,0.7643846255950497,True
4050,B1,ai_severe_prediction,0.7643846255950497,True
4050,C1,accessible_vehicle,0.7643846255950497,True
4051,B1,ai_severe_prediction,0.7643846255950497,True
4051,C1,accessible_vehicle,0.7643846255950497,True
4052,B1,ai_severe_prediction,0.7643846255950497,True
4052,C1,accessible_vehicle,0.7643846255950497,True
4053,B1,ai_severe_prediction,0.7643846255950497,True
4053,C1,accessible_vehicle,0.7643846255950497,True
4054,B1,ai_severe_prediction,0.7643846255950497,True
4054,C1,accessible_vehicle,0.7643846255950497,True
4055,B1,ai_severe_prediction,0.7643846255950498,True
4055,C1,accessible_vehicle,0.7643846255950497,True
4056,B1,ai_severe_prediction,0.7643846255950497,True
4056,C1,accessible_vehicle,0.7643846255950497,True
4057,B1,ai_severe_prediction,0.7643846255950497,True
4057,C1,accessible_vehicle,0.7643846255950497,True
4058,B1,ai_severe_prediction,0.7643846255950497,True
4058,C1,accessible_vehicle,0.7643846255950498,True
4059,B1,ai_severe_prediction,0.7643846255950497,True
4059,C1,accessible_vehicle,0.7643846255950497,True
4060,B1,ai_severe_prediction,0.7643846255950497,True
4060,C1,accessible_vehicle,0.7643846255950497,True
4061,B1,ai_severe_prediction,0.7643846255950497,True
4061,C1,accessible_vehicle,0.7643846255950497,True
4062,B1,ai_severe_prediction,0.7643846255950497,True
4062,C1,accessible_vehicle,0.7643846255950497,True
4063,B1,ai_severe_prediction,0.7643846255950497,True
4063,C1,accessible_vehicle,0.7643846255950497,True
4064,B1,ai_severe_prediction,0.7643846255950497,True
4064,C1,accessible_vehicle,0.7643846255950497,True
4065,B1,ai_severe_prediction,0.7643846255950497,True
4065,C1,accessible_vehicle,0.7643846255950497,True
4066,B1,ai_severe_prediction,0.7643846255950498,True
4066,C1,accessible_vehicle,0.7643846255950497,True
4067,B1,ai_severe_prediction,0.7643846255950498,True
4067,C1,accessible_vehicle,0.7643846255950497,True
4068,B1,ai_severe_prediction,0.7643846255950497,True
4068,C1,accessible_vehicle,0.7643846255950497,True
4069,B1,ai_severe_prediction,0.7643846255950497,True
4069,C1,accessible_vehicle,0.7643846255950498,True
4070,B1,ai_severe_prediction,0.7643846255950497,True
4070,C1,accessible_vehicle,0.7643846255950497,True
4071,B1,ai_severe_prediction,0.7643846255950497,True
4071,C1,accessible_vehicle,0.7643846255950497,True
4072,B1,ai_severe_prediction,0.7643846255950497,True
4072,C1,accessible_vehicle,0.7643846255950498,True
4073,B1,ai_severe_prediction,0.7643846255950497,True
4073,C1,accessible_vehicle,0.7643846255950498,True
4074,B1,ai_severe_prediction,0.7643846255950498,True
4074,C1,accessible_vehicle,0.7643846255950497,True
4075,B1,ai_severe_prediction,0.7643846255950497,True
4075,C1,accessible_vehicle,0.7643846255950498,True
4076,B1,ai_severe_prediction,0.7643846255950497,True
4076,C1,accessible_vehicle,0.7643846255950497,True
4077,B1,ai_severe_prediction,0.7643846255950497,True
4077,C1,accessible_vehicle,0.7643846255950497,True
4078,B1,ai_severe_prediction,0.7643846255950497,True
4078,C1,accessible_vehicle,0.7643846255950497,True
4079,B1,ai_severe_prediction,0.7643846255950497,True
4079,C1,accessible_vehicle,0.7643846255950497,True
4080,B1,ai_severe_prediction,0.76422320512813,True
4080,C1,accessible_vehicle,0.76422320512813,True
4081,B1,ai_severe_prediction,0.76422320512813,True
4081,C1,accessible_vehicle,0.76422320512813,True
4082,B1,ai_severe_prediction,0.76422320512813,True
4082,C1,accessible_vehicle,0.76422320512813,True
4083,B1,ai_severe_prediction,0.76422320512813,True
4083,C1,accessible_vehicle,0.76422320512813,True
4084,B1,ai_severe_prediction,0.76422320512813,True
4084,C1,accessible_vehicle,0.7642232051281301,True
4085,B1,ai_severe_prediction,0.7642232051281301,True
4085,C1,accessible_vehicle,0.76422320512813,True
4086,B1,ai_severe_prediction,0.76422320512813,True
4086,C1,accessible_vehicle,0.76422320512813,True
4087,B1,ai_severe_prediction,0.76422320512813,True
4087,C1,accessible_vehicle,0.76422320512813,True
4088,B1,ai_severe_prediction,0.76422320512813,True
4088,C1,accessible_vehicle,0.7642232051281301,True
4089,B1,ai_severe_prediction,0.76422320512813,True
4089,C1,accessible_vehicle,0.76422320512813,True
4090,B1,ai_severe_prediction,0.76422320512813,True
4090,C1,accessible_vehicle,0.76422320512813,True
4091,B1,ai_severe_prediction,0.76422320512813,True
4091,C1,accessible_vehicle,0.7642232051281301,True
4092,B1,ai_severe_prediction,0.76422320512813,True
4092,C1,accessible_vehicle,0.76422320512813,True
4093,B1,ai_severe_prediction,0.76422320512813,True
4093,C1,accessible_vehicle,0.76422320512813,True
4094,B1,ai_severe_prediction,0.76422320512813,True
4094,C1,accessible_vehicle,0.76422320512813,True
4095,B1,ai_severe_prediction,0.76422320512813,True
4095,C1,accessible_vehicle,0.76422320512813,True
4096,B1,ai_severe_prediction,0.7642232051281301,True
4096,C1,accessible_vehicle,0.7642232051281301,True
4097,B1,ai_severe_prediction,0.7642232051281301,True
4097,C1,accessible_vehicle,0.76422320512813,True
4098,B1,ai_severe_prediction,0.76422320512813,True
4098,C1,accessible_vehicle,0.76422320512813,True
4099,B1,ai_severe_prediction,0.76422320512813,True
4099,C1,accessible_vehicle,0.76422320512813,True
4100,B1,ai_severe_prediction,0.76422320512813,True
4100,C1,accessible_vehicle,0.76422320512813,True
4101,B1,ai_severe_prediction,0.76422320512813,True
4101,C1,accessible_vehicle,0.76422320512813,True
4102,B1,ai_severe_prediction,0.76422320512813,True
4102,C1,accessible_vehicle,0.76422320512813,True
4103,B1,ai_severe_prediction,0.76422320512813,True
4103,C1,accessible_vehicle,0.76422320512813,True
4104,B1,ai_severe_prediction,0.76422320512813,True
4104,C1,accessible_vehicle,0.76422320512813,True
4105,B1,ai_severe_prediction,0.76422320512813,True
4105,C1,accessible_vehicle,0.76422320512813,True
4106,B1,ai_severe_prediction,0.76422320512813,True
4106,C1,accessible_vehicle,0.76422320512813,True
4107,B1,ai_severe_prediction,0.76422320512813,True
4107,C1,accessible_vehicle,0.76422320512813,True
4108,B1,ai_severe_prediction,0.76422320512813,True
4108,C1,accessible_vehicle,0.76422320512813,True
4109,B1,ai_severe_prediction,0.76422320512813,True
4109,C1,accessible_vehicle,0.76422320512813,True
4110,B1,ai_severe_prediction,0.76422320512813,True
4110,C1,accessible_vehicle,0.76422320512813,True
4111,B1,ai_severe_prediction,0.76422320512813,True
4111,C1,accessible_vehicle,0.76422320512813,True
4112,B1,ai_severe_prediction,0.76422320512813,True
4112,C1,accessible_vehicle,0.76422320512813,True
4113,B1,ai_severe_prediction,0.76422320512813,True
4113,C1,accessible_vehicle,0.76422320512813,True
4114,B1,ai_severe_prediction,0.7642232051281304,True
4114,C1,accessible_vehicle,0.76422320512813,True
4115,B1,ai_severe_prediction,0.76422320512813,True
4115,C1,accessible_vehicle,0.7642232051281301,True
4116,B1,ai_severe_prediction,0.7642232051281301,True
4116,C1,accessible_vehicle,0.76422320512813,True
4117,B1,ai_severe_prediction,0.76422320512813,True
4117,C1,accessible_vehicle,0.76422320512813,True
4118,B1,ai_severe_prediction,0.76422320512813,True
4118,C1,accessible_vehicle,0.76422320512813,True
4119,B1,ai_severe_prediction,0.76422320512813,True
4119,C1,accessible_vehicle,0.76422320512813,True
4120,B1,ai_severe_prediction,0.76422320512813,True
4120,C1,accessible_vehicle,0.76422320512813,True
4121,B1,ai_severe_prediction,0.76422320512813,True
4121,C1,accessible_vehicle,0.76422320512813,True
4122,B1,ai_severe_prediction,0.76422320512813,True
4122,C1,accessible_vehicle,0.76422320512813,True
4123,B1,ai_severe_prediction,0.76422320512813,True
4123,C1,accessible_vehicle,0.76422320512813,True
4124,B1,ai_severe_prediction,0.76422320512813,True
4124,C1,accessible_vehicle,0.76422320512813,True
4125,B1,ai_severe_prediction,0.76422320512813,True
4125,C1,accessible_vehicle,0.76422320512813,True
4126,B1,ai_severe_prediction,0.76422320512813,True
4126,C1,accessible_vehicle,0.76422320512813,True
4127,B1,ai_severe_prediction,0.76422320512813,True
4127,C1,accessible_vehicle,0.76422320512813,True
4128,B1,ai_severe_prediction,0.76422320512813,True
4128,C1,accessible_vehicle,0.76422320512813,True
4129,B1,ai_severe_prediction,0.76422320512813,True
4129,C1,accessible_vehicle,0.76422320512813,True
4130,B1,ai_severe_prediction,0.7642232051281301,True
4130,C1,accessible_vehicle,0.76422320512813,True
4131,B1,ai_severe_prediction,0.76422320512813,True
4131,C1,accessible_vehicle,0.76422320512813,True
4132,B1,ai_severe_prediction,0.7642232051281301,True
4132,C1,accessible_vehicle,0.76422320512813,True
4133,B1,ai_severe_prediction,0.76422320512813,True
4133,C1,accessible_vehicle,0.76422320512813,True
4134,B1,ai_severe_prediction,0.76422320512813,True
4134,C1,accessible_vehicle,0.76422320512813,True
4135,B1,ai_severe_prediction,0.76422320512813,True
4135,C1,accessible_vehicle,0.76422320512813,True
4136,B1,ai_severe_prediction,0.76422320512813,True
4136,C1,accessible_vehicle,0.76422320512813,True
4137,B1,ai_severe_prediction,0.76422320512813,True
4137,C1,accessible_vehicle,0.76422320512813,True
4138,B1,ai_severe_prediction,0.76422320512813,True
4138,C1,accessible_vehicle,0.7642232051281301,True
4139,B1,ai_severe_prediction,0.7642232051281301,True
4139,C1,accessible_vehicle,0.76422320512813,True
4140,B1,ai_severe_prediction,0.76422320512813,True
4140,C1,accessible_vehicle,0.76422320512813,True
4141,B1,ai_severe_prediction,0.76422320512813,True
4141,C1,accessible_vehicle,0.76422320512813,True
4142,B1,ai_severe_prediction,0.76422320512813,True
4142,C1,accessible_vehicle,0.76422320512813,True
4143,B1,ai_severe_prediction,0.76422320512813,True
4143,C1,accessible_vehicle,0.76422320512813,True
4144,B1,ai_severe_prediction,0.76422320512813,True
4144,C1,accessible_vehicle,0.76422320512813,True
4145,B1,ai_severe_prediction,0.76422320512813,True
4145,C1,accessible_vehicle,0.76422320512813,True
4146,B1,ai_severe_prediction,0.76422320512813,True
4146,C1,accessible_vehicle,0.76422320512813,True
4147,B1,ai_severe_prediction,0.76422320512813,True
4147,C1,accessible_vehicle,0.76422320512813,True
4148,B1,ai_severe_prediction,0.76422320512813,True
4148,C1,accessible_vehicle,0.76422320512813,True
4149,B1,ai_severe_prediction,0.76422320512813,True
4149,C1,accessible_vehicle,0.76422320512813,True
4150,B1,ai_severe_prediction,0.76422320512813,True
4150,C1,accessible_vehicle,0.76422320512813,True
4151,B1,ai_severe_prediction,0.76422320512813,True
4151,C1,accessible_vehicle,0.76422320512813,True
4152,B1,ai_severe_prediction,0.76422320512813,True
4152,C1,accessible_vehicle,0.76422320512813,True
4153,B1,ai_severe_prediction,0.76422320512813,True
4153,C1,accessible_vehicle,0.76422320512813,True
4154,B1,ai_severe_prediction,0.76422320512813,True
4154,C1,accessible_vehicle,0.76422320512813,True
4155,B1,ai_severe_prediction,0.76422320512813,True
4155,C1,accessible_vehicle,0.76422320512813,True
4156,B1,ai_severe_prediction,0.76422320512813,True
4156,C1,accessible_vehicle,0.76422320512813,True
4157,B1,ai_severe_prediction,0.76422320512813,True
4157,C1,accessible_vehicle,0.76422320512813,True
4158,B1,ai_severe_prediction,0.76422320512813,True
4158,C1,accessible_vehicle,0.76422320512813,True
4159,B1,ai_severe_prediction,0.76422320512813,True
4159,C1,accessible_vehicle,0.76422320512813,True
4160,B1,ai_severe_prediction,0.76422320512813,True
4160,C1,accessible_vehicle,0.76422320512813,True
4161,B1,ai_severe_prediction,0.76422320512813,True
4161,C1,accessible_vehicle,0.76422320512813,True
4162,B1,ai_severe_prediction,0.76422320512813,True
4162,C1,accessible_vehicle,0.76422320512813,True
4163,B1,ai_severe_prediction,0.76422320512813,True
4163,C1,accessible_vehicle,0.76422320512813,True
4164,B1,ai_severe_prediction,0.7642232051281301,True
4164,C1,accessible_vehicle,0.76422320512813,True
4165,B1,ai_severe_prediction,0.76422320512813,True
4165,C1,accessible_vehicle,0.76422320512813,True
4166,B1,ai_severe_prediction,0.76422320512813,True
4166,C1,accessible_vehicle,0.76422320512813,True
4167,B1,ai_severe_prediction,0.7642232051281301,True
4167,C1,accessible_vehicle,0.76422320512813,True
4168,B1,ai_severe_prediction,0.7642232051281301,True
4168,C1,accessible_vehicle,0.7642232051281301,True
4169,B1,ai_severe_prediction,0.7642232051281301,True
4169,C1,accessible_vehicle,0.76422320512813,True
4170,B1,ai_severe_prediction,0.76422320512813,True
4170,C1,accessible_vehicle,0.76422320512813,True
4171,B1,ai_severe_prediction,0.76422320512813,True
4171,C1,accessible_vehicle,0.76422320512813,True
4172,B1,ai_severe_prediction,0.76422320512813,True
4172,C1,accessible_vehicle,0.76422320512813,True
4173,B1,ai_severe_prediction,0.76422320512813,True
4173,C1,accessible_vehicle,0.76422320512813,True
4174,B1,ai_severe_prediction,0.76422320512813,True
4174,C1,accessible_vehicle,0.76422320512813,True
4175,B1,ai_severe_prediction,0.76422320512813,True
4175,C1,accessible_vehicle,0.76422320512813,True
4176,B1,ai_severe_prediction,0.7642232051281301,True
4176,C1,accessible_vehicle,0.76422320512813,True
4177,B1,ai_severe_prediction,0.76422320512813,True
4177,C1,accessible_vehicle,0.76422320512813,True
4178,B1,ai_severe_prediction,0.76422320512813,True
4178,C1,accessible_vehicle,0.76422320512813,True
4179,B1,ai_severe_prediction,0.76422320512813,True
4179,C1,accessible_vehicle,0.76422320512813,True
4180,B1,ai_severe_prediction,0.76422320512813,True
4180,C1,accessible_vehicle,0.76422320512813,True
4181,B1,ai_severe_prediction,0.76422320512813,True
4181,C1,accessible_vehicle,0.76422320512813,True
4182,B1,ai_severe_prediction,0.7642232051281301,True
4182,C1,accessible_vehicle,0.76422320512813,True
4183,B1,ai_severe_prediction,0.76422320512813,True
4183,C1,accessible_vehicle,0.76422320512813,True
4184,B1,ai_severe_prediction,0.76422320512813,True
4184,C1,accessible_vehicle,0.76422320512813,True
4185,B1,ai_severe_prediction,0.76422320512813,True
4185,C1,accessible_vehicle,0.7642232051281301,True
4186,B1,ai_severe_prediction,0.76422320512813,True
4186,C1,accessible_vehicle,0.76422320512813,True
4187,B1,ai_severe_prediction,0.76422320512813,True
4187,C1,accessible_vehicle,0.76422320512813,True
4188,B1,ai_severe_prediction,0.76422320512813,True
4188,C1,accessible_vehicle,0.76422320512813,True
4189,B1,ai_severe_prediction,0.76422320512813,True
4189,C1,accessible_vehicle,0.76422320512813,True
4190,B1,ai_severe_prediction,0.76422320512813,True
4190,C1,accessible_vehicle,0.76422320512813,True
4191,B1,ai_severe_prediction,0.76422320512813,True
4191,C1,accessible_vehicle,0.76422320512813,True
4192,B1,ai_severe_prediction,0.76422320512813,True
4192,C1,accessible_vehicle,0.76422320512813,True
4193,B1,ai_severe_prediction,0.76422320512813,True
4193,C1,accessible_vehicle,0.7642232051281301,True
4194,B1,ai_severe_prediction,0.76422320512813,True
4194,C1,accessible_vehicle,0.76422320512813,True
4195,B1,ai_severe_prediction,0.76422320512813,True
4195,C1,accessible_vehicle,0.7642232051281301,True
4196,B1,ai_severe_prediction,0.76422320512813,True
4196,C1,accessible_vehicle,0.76422320512813,True
4197,B1,ai_severe_prediction,0.76422320512813,True
4197,C1,accessible_vehicle,0.76422320512813,True
4198,B1,ai_severe_prediction,0.76422320512813,True
4198,C1,accessible_vehicle,0.76422320512813,True
4199,B1,ai_severe_prediction,0.76422320512813,True
4199,C1,accessible_vehicle,0.76422320512813,True
4200,B1,ai_severe_prediction,0.76422320512813,True
4200,C1,accessible_vehicle,0.76422320512813,True
4201,B1,ai_severe_prediction,0.76422320512813,True
4201,C1,accessible_vehicle,0.76422320512813,True
4202,B1,ai_severe_prediction,0.76422320512813,True
4202,C1,accessible_vehicle,0.76422320512813,True
4203,B1,ai_severe_prediction,0.76422320512813,True
4203,C1,accessible_vehicle,0.76422320512813,True
4204,B1,ai_severe_prediction,0.76422320512813,True
4204,C1,accessible_vehicle,0.76422320512813,True
4205,B1,ai_severe_prediction,0.76422320512813,True
4205,C1,accessible_vehicle,0.76422320512813,True
4206,B1,ai_severe_prediction,0.76422320512813,True
4206,C1,accessible_vehicle,0.76422320512813,True
4207,B1,ai_severe_prediction,0.76422320512813,True
4207,C1,accessible_vehicle,0.76422320512813,True
4208,B1,ai_severe_prediction,0.76422320512813,True
4208,C1,accessible_vehicle,0.76422320512813,True
4209,B1,ai_severe_prediction,0.76422320512813,True
4209,C1,accessible_vehicle,0.76422320512813,True
4210,B1,ai_severe_prediction,0.76422320512813,True
4210,C1,accessible_vehicle,0.76422320512813,True
4211,B1,ai_severe_prediction,0.76422320512813,True
4211,C1,accessible_vehicle,0.76422320512813,True
4212,B1,ai_severe_prediction,0.76422320512813,True
4212,C1,accessible_vehicle,0.76422320512813,True
4213,B1,ai_severe_prediction,0.76422320512813,True
4213,C1,accessible_vehicle,0.76422320512813,True
4214,B1,ai_severe_prediction,0.76422320512813,True
4214,C1,accessible_vehicle,0.76422320512813,True
4215,B1,ai_severe_prediction,0.76422320512813,True
4215,C1,accessible_vehicle,0.7642232051281301,True
4216,B1,ai_severe_prediction,0.76422320512813,True
4216,C1,accessible_vehicle,0.7642232051281304,True
4217,B1,ai_severe_prediction,0.76422320512813,True
4217,C1,accessible_vehicle,0.76422320512813,True
4218,B1,ai_severe_prediction,0.76422320512813,True
4218,C1,accessible_vehicle,0.76422320512813,True
4219,B1,ai_severe_prediction,0.76422320512813,True
4219,C1,accessible_vehicle,0.76422320512813,True
4220,B1,ai_severe_prediction,0.76422320512813,True
4220,C1,accessible_vehicle,0.76422320512813,True
4221,B1,ai_severe_prediction,0.76422320512813,True
4221,C1,accessible_vehicle,0.76422320512813,True
4222,B1,ai_severe_prediction,0.76422320512813,True
4222,C1,accessible_vehicle,0.76422320512813,True
4223,B1,ai_severe_prediction,0.76422320512813,True
4223,C1,accessible_vehicle,0.76422320512813,True
4224,B1,ai_severe_prediction,0.76422320512813,True
4224,C1,accessible_vehicle,0.76422320512813,True
4225,B1,ai_severe_prediction,0.7642232051281301,True
4225,C1,accessible_vehicle,0.76422320512813,True
4226,B1,ai_severe_prediction,0.76422320512813,True
4226,C1,accessible_vehicle,0.76422320512813,True
4227,B1,ai_severe_prediction,0.76422320512813,True
4227,C1,accessible_vehicle,0.76422320512813,True
4228,B1,ai_severe_prediction,0.76422320512813,True
4228,C1,accessible_vehicle,0.76422320512813,True
4229,B1,ai_severe_prediction,0.76422320512813,True
4229,C1,accessible_vehicle,0.7642232051281301,True
4230,B1,ai_severe_prediction,0.7642232051281301,True
4230,C1,accessible_vehicle,0.76422320512813,True
4231,B1,ai_severe_prediction,0.76422320512813,True
4231,C1,accessible_vehicle,0.76422320512813,True
4232,B1,ai_severe_prediction,0.76422320512813,True
4232,C1,accessible_vehicle,0.76422320512813,True
4233,B1,ai_severe_prediction,0.76422320512813,True
4233,C1,accessible_vehicle,0.76422320512813,True
4234,B1,ai_severe_prediction,0.76422320512813,True
4234,C1,accessible_vehicle,0.76422320512813,True
4235,B1,ai_severe_prediction,0.76422320512813,True
4235,C1,accessible_vehicle,0.76422320512813,True
4236,B1,ai_severe_prediction,0.76422320512813,True
4236,C1,accessible_vehicle,0.76422320512813,True
4237,B1,ai_severe_prediction,0.76422320512813,True
4237,C1,accessible_vehicle,0.76422320512813,True
4238,B1,ai_severe_prediction,0.76422320512813,True
4238,C1,accessible_vehicle,0.76422320512813,True
4239,B1,ai_severe_prediction,0.76422320512813,True
4239,C1,accessible_vehicle,0.76422320512813,True
4240,B1,ai_severe_prediction,0.76422320512813,True
4240,C1,accessible_vehicle,0.76422320512813,True
4241,B1,ai_severe_prediction,0.76422320512813,True
4241,C1,accessible_vehicle,0.76422320512813,True
4242,B1,ai_severe_prediction,0.76422320512813,True
4242,C1,accessible_vehicle,0.76422320512813,True
4243,B1,ai_severe_prediction,0.76422320512813,True
4243,C1,accessible_vehicle,0.76422320512813,True
4244,B1,ai_severe_prediction,0.76422320512813,True
4244,C1,accessible_vehicle,0.76422320512813,True
4245,B1,ai_severe_prediction,0.76422320512813,True
4245,C1,accessible_vehicle,0.76422320512813,True
4246,B1,ai_severe_prediction,0.7642232051281304,True
4246,C1,accessible_vehicle,0.76422320512813,True
4247,B1,ai_severe_prediction,0.76422320512813,True
4247,C1,accessible_vehicle,0.76422320512813,True
4248,B1,ai_severe_prediction,0.76422320512813,True
4248,C1,accessible_vehicle,0.76422320512813,True
4249,B1,ai_severe_prediction,0.76422320512813,True
4249,C1,accessible_vehicle,0.76422320512813,True
4250,B1,ai_severe_prediction,0.76422320512813,True
4250,C1,accessible_vehicle,0.76422320512813,True
4251,B1,ai_severe_prediction,0.76422320512813,True
4251,C1,accessible_vehicle,0.76422320512813,True
4252,B1,ai_severe_prediction,0.76422320512813,True
4252,C1,accessible_vehicle,0.76422320512813,True
4253,B1,ai_severe_prediction,0.76422320512813,True
4253,C1,accessible_vehicle,0.76422320512813,True
4254,B1,ai_severe_prediction,0.76422320512813,True
4254,C1,accessible_vehicle,0.76422320512813,True
4255,B1,ai_severe_prediction,0.76422320512813,True
4255,C1,accessible_vehicle,0.76422320512813,True
4256,B1,ai_severe_prediction,0.76422320512813,True
4256,C1,accessible_vehicle,0.76422320512813,True
4257,B1,ai_severe_prediction,0.76422320512813,True
4257,C1,accessible_vehicle,0.76422320512813,True
4258,B1,ai_severe_prediction,0.76422320512813,True
4258,C1,accessible_vehicle,0.76422320512813,True
4259,B1,ai_severe_prediction,0.76422320512813,True
4259,C1,accessible_vehicle,0.76422320512813,True
4260,B1,ai_severe_prediction,0.7637405056552926,True
4260,C1,accessible_vehicle,0.7637405056552926,True
4261,B1,ai_severe_prediction,0.7637405056552926,True
4261,C1,accessible_vehicle,0.7637405056552926,True
4262,B1,ai_severe_prediction,0.7637405056552926,True
4262,C1,accessible_vehicle,0.7637405056552926,True
4263,B1,ai_severe_prediction,0.7637405056552926,True
4263,C1,accessible_vehicle,0.7637405056552926,True
4264,B1,ai_severe_prediction,0.7637405056552926,True
4264,C1,accessible_vehicle,0.7637405056552926,True
4265,B1,ai_severe_prediction,0.7637405056552926,True
4265,C1,accessible_vehicle,0.7637405056552926,True
4266,B1,ai_severe_prediction,0.7637405056552926,True
4266,C1,accessible_vehicle,0.7637405056552926,True
4267,B1,ai_severe_prediction,0.7637405056552926,True
4267,C1,accessible_vehicle,0.7637405056552926,True
4268,B1,ai_severe_prediction,0.7637405056552926,True
4268,C1,accessible_vehicle,0.7637405056552926,True
4269,B1,ai_severe_prediction,0.7637405056552926,True
4269,C1,accessible_vehicle,0.7637405056552926,True
4270,B1,ai_severe_prediction,0.7637405056552926,True
4270,C1,accessible_vehicle,0.7637405056552926,True
4271,B1,ai_severe_prediction,0.7637405056552926,True
4271,C1,accessible_vehicle,0.7637405056552926,True
4272,B1,ai_severe_prediction,0.7637405056552926,True
4272,C1,accessible_vehicle,0.7637405056552926,True
4273,B1,ai_severe_prediction,0.7637405056552926,True
4273,C1,accessible_vehicle,0.7637405056552926,True
4274,B1,ai_severe_prediction,0.7637405056552926,True
4274,C1,accessible_vehicle,0.7637405056552927,True
4275,B1,ai_severe_prediction,0.7637405056552926,True
4275,C1,accessible_vehicle,0.7637405056552926,True
4276,B1,ai_severe_prediction,0.7637405056552926,True
4276,C1,accessible_vehicle,0.7637405056552926,True
4277,B1,ai_severe_prediction,0.7637405056552927,True
4277,C1,accessible_vehicle,0.7637405056552926,True
4278,B1,ai_severe_prediction,0.7637405056552926,True
4278,C1,accessible_vehicle,0.7637405056552926,True
4279,B1,ai_severe_prediction,0.7637405056552926,True
4279,C1,accessible_vehicle,0.7637405056552926,True
4280,B1,ai_severe_prediction,0.7637405056552926,True
4280,C1,accessible_vehicle,0.7637405056552926,True
4281,B1,ai_severe_prediction,0.7637405056552926,True
4281,C1,accessible_vehicle,0.7637405056552926,True
4282,B1,ai_severe_prediction,0.7637405056552927,True
4282,C1,accessible_vehicle,0.7637405056552926,True
4283,B1,ai_severe_prediction,0.7637405056552926,True
4283,C1,accessible_vehicle,0.7637405056552926,True
4284,B1,ai_severe_prediction,0.7637405056552926,True
4284,C1,accessible_vehicle,0.7637405056552926,True
4285,B1,ai_severe_prediction,0.7637405056552926,True
4285,C1,accessible_vehicle,0.7637405056552926,True
4286,B1,ai_severe_prediction,0.7637405056552926,True
4286,C1,accessible_vehicle,0.7637405056552926,True
4287,B1,ai_severe_prediction,0.7637405056552926,True
4287,C1,accessible_vehicle,0.7637405056552926,True
4288,B1,ai_severe_prediction,0.7637405056552927,True
4288,C1,accessible_vehicle,0.7637405056552926,True
4289,B1,ai_severe_prediction,0.7637405056552926,True
4289,C1,accessible_vehicle,0.7637405056552926,True
4290,B1,ai_severe_prediction,0.7637405056552926,True
4290,C1,accessible_vehicle,0.7637405056552926,True
4291,B1,ai_severe_prediction,0.7637405056552926,True
4291,C1,accessible_vehicle,0.7637405056552926,True
4292,B1,ai_severe_prediction,0.7637405056552926,True
4292,C1,accessible_vehicle,0.7637405056552926,True
4293,B1,ai_severe_prediction,0.7637405056552927,True
4293,C1,accessible_vehicle,0.7637405056552926,True
4294,B1,ai_severe_prediction,0.7637405056552926,True
4294,C1,accessible_vehicle,0.7637405056552926,True
4295,B1,ai_severe_prediction,0.7637405056552926,True
4295,C1,accessible_vehicle,0.7637405056552926,True
4296,B1,ai_severe_prediction,0.7637405056552926,True
4296,C1,accessible_vehicle,0.7637405056552926,True
4297,B1,ai_severe_prediction,0.7637405056552926,True
4297,C1,accessible_vehicle,0.7637405056552926,True
4298,B1,ai_severe_prediction,0.7637405056552926,True
4298,C1,accessible_vehicle,0.7637405056552926,True
4299,B1,ai_severe_prediction,0.7637405056552926,True
4299,C1,accessible_vehicle,0.7637405056552926,True
4300,B1,ai_severe_prediction,0.7637405056552926,True
4300,C1,accessible_vehicle,0.7637405056552926,True
4301,B1,ai_severe_prediction,0.7637405056552926,True
4301,C1,accessible_vehicle,0.7637405056552926,True
4302,B1,ai_severe_prediction,0.7637405056552926,True
4302,C1,accessible_vehicle,0.7637405056552926,True
4303,B1,ai_severe_prediction,0.7637405056552926,True
4303,C1,accessible_vehicle,0.7637405056552926,True
4304,B1,ai_severe_prediction,0.7637405056552926,True
4304,C1,accessible_vehicle,0.7637405056552926,True
4305,B1,ai_severe_prediction,0.7637405056552926,True
4305,C1,accessible_vehicle,0.7637405056552926,True
4306,B1,ai_severe_prediction,0.7637405056552926,True
4306,C1,accessible_vehicle,0.7637405056552926,True
4307,B1,ai_severe_prediction,0.7637405056552926,True
4307,C1,accessible_vehicle,0.7637405056552926,True
4308,B1,ai_severe_prediction,0.7637405056552926,True
4308,C1,accessible_vehicle,0.7637405056552926,True
4309,B1,ai_severe_prediction,0.7637405056552926,True
4309,C1,accessible_vehicle,0.7637405056552926,True
4310,B1,ai_severe_prediction,0.7637405056552926,True
4310,C1,accessible_vehicle,0.7637405056552926,True
4311,B1,ai_severe_prediction,0.7637405056552926,True
4311,C1,accessible_vehicle,0.7637405056552926,True
4312,B1,ai_severe_prediction,0.7637405056552926,True
4312,C1,accessible_vehicle,0.7637405056552926,True
4313,B1,ai_severe_prediction,0.7637405056552926,True
4313,C1,accessible_vehicle,0.7637405056552926,True
4314,B1,ai_severe_prediction,0.7637405056552927,True
4314,C1,accessible_vehicle,0.7637405056552926,True
4315,B1,ai_severe_prediction,0.7637405056552926,True
4315,C1,accessible_vehicle,0.7637405056552926,True
4316,B1,ai_severe_prediction,0.7637405056552926,True
4316,C1,accessible_vehicle,0.7637405056552926,True
4317,B1,ai_severe_prediction,0.7637405056552926,True
4317,C1,accessible_vehicle,0.7637405056552926,True
4318,B1,ai_severe_prediction,0.7637405056552926,True
4318,C1,accessible_vehicle,0.7637405056552926,True
4319,B1,ai_severe_prediction,0.7637405056552926,True
4319,C1,accessible_vehicle,0.7637405056552926,True
4320,B1,ai_severe_prediction,0.7637405056552926,True
4320,C1,accessible_vehicle,0.7637405056552926,True
4321,B1,ai_severe_prediction,0.7637405056552926,True
4321,C1,accessible_vehicle,0.7637405056552926,True
4322,B1,ai_severe_prediction,0.7637405056552926,True
4322,C1,accessible_vehicle,0.7637405056552926,True
4323,B1,ai_severe_prediction,0.7637405056552926,True
4323,C1,accessible_vehicle,0.7637405056552926,True
4324,B1,ai_severe_prediction,0.7637405056552926,True
4324,C1,accessible_vehicle,0.7637405056552926,True
4325,B1,ai_severe_prediction,0.7637405056552926,True
4325,C1,accessible_vehicle,0.7637405056552926,True
4326,B1,ai_severe_prediction,0.7637405056552926,True
4326,C1,accessible_vehicle,0.7637405056552926,True
4327,B1,ai_severe_prediction,0.7637405056552926,True
4327,C1,accessible_vehicle,0.7637405056552926,True
4328,B1,ai_severe_prediction,0.7637405056552926,True
4328,C1,accessible_vehicle,0.7637405056552926,True
4329,B1,ai_severe_prediction,0.7637405056552926,True
4329,C1,accessible_vehicle,0.7637405056552926,True
4330,B1,ai_severe_prediction,0.7637405056552926,True
4330,C1,accessible_vehicle,0.7637405056552926,True
4331,B1,ai_severe_prediction,0.7637405056552926,True
4331,C1,accessible_vehicle,0.7637405056552926,True
4332,B1,ai_severe_prediction,0.7637405056552926,True
4332,C1,accessible_vehicle,0.7637405056552926,True
4333,B1,ai_severe_prediction,0.7637405056552926,True
4333,C1,accessible_vehicle,0.7637405056552926,True
4334,B1,ai_severe_prediction,0.7637405056552926,True
4334,C1,accessible_vehicle,0.7637405056552926,True
4335,B1,ai_severe_prediction,0.7637405056552926,True
4335,C1,accessible_vehicle,0.7637405056552926,True
4336,B1,ai_severe_prediction,0.7637405056552926,True
4336,C1,accessible_vehicle,0.7637405056552926,True
4337,B1,ai_severe_prediction,0.7637405056552926,True
4337,C1,accessible_vehicle,0.7637405056552926,True
4338,B1,ai_severe_prediction,0.7637405056552926,True
4338,C1,accessible_vehicle,0.7637405056552926,True
4339,B1,ai_severe_prediction,0.7637405056552926,True
4339,C1,accessible_vehicle,0.7637405056552925,True
4340,B1,ai_severe_prediction,0.7637405056552926,True
4340,C1,accessible_vehicle,0.7637405056552926,True
4341,B1,ai_severe_prediction,0.7637405056552926,True
4341,C1,accessible_vehicle,0.7637405056552926,True
4342,B1,ai_severe_prediction,0.7637405056552926,True
4342,C1,accessible_vehicle,0.7637405056552926,True
4343,B1,ai_severe_prediction,0.7637405056552926,True
4343,C1,accessible_vehicle,0.7637405056552926,True
4344,B1,ai_severe_prediction,0.7637405056552926,True
4344,C1,accessible_vehicle,0.7637405056552926,True
4345,B1,ai_severe_prediction,0.7637405056552926,True
4345,C1,accessible_vehicle,0.7637405056552926,True
4346,B1,ai_severe_prediction,0.7637405056552926,True
4346,C1,accessible_vehicle,0.7637405056552926,True
4347,B1,ai_severe_prediction,0.7637405056552926,True
4347,C1,accessible_vehicle,0.7637405056552926,True
4348,B1,ai_severe_prediction,0.7637405056552926,True
4348,C1,accessible_vehicle,0.7637405056552926,True
4349,B1,ai_severe_prediction,0.7637405056552926,True
4349,C1,accessible_vehicle,0.7637405056552926,True
4350,B1,ai_severe_prediction,0.7637405056552926,True
4350,C1,accessible_vehicle,0.7637405056552926,True
4351,B1,ai_severe_prediction,0.7637405056552926,True
4351,C1,accessible_vehicle,0.7637405056552927,True
4352,B1,ai_severe_prediction,0.7637405056552927,True
4352,C1,accessible_vehicle,0.7637405056552926,True
4353,B1,ai_severe_prediction,0.7637405056552927,True
4353,C1,accessible_vehicle,0.7637405056552926,True
4354,B1,ai_severe_prediction,0.7637405056552926,True
4354,C1,accessible_vehicle,0.7637405056552926,True
4355,B1,ai_severe_prediction,0.7637405056552926,True
4355,C1,accessible_vehicle,0.7637405056552926,True
4356,B1,ai_severe_prediction,0.7637405056552926,True
4356,C1,accessible_vehicle,0.7637405056552926,True
4357,B1,ai_severe_prediction,0.7637405056552926,True
4357,C1,accessible_vehicle,0.7637405056552926,True
4358,B1,ai_severe_prediction,0.7637405056552926,True
4358,C1,accessible_vehicle,0.7637405056552927,True
4359,B1,ai_severe_prediction,0.7637405056552926,True
4359,C1,accessible_vehicle,0.7637405056552926,True
4360,B1,ai_severe_prediction,0.7637405056552926,True
4360,C1,accessible_vehicle,0.7637405056552926,True
4361,B1,ai_severe_prediction,0.7637405056552926,True
4361,C1,accessible_vehicle,0.7637405056552926,True
4362,B1,ai_severe_prediction,0.7637405056552926,True
4362,C1,accessible_vehicle,0.7637405056552927,True
4363,B1,ai_severe_prediction,0.7637405056552927,True
4363,C1,accessible_vehicle,0.7637405056552926,True
4364,B1,ai_severe_prediction,0.7637405056552926,True
4364,C1,accessible_vehicle,0.7637405056552926,True
4365,B1,ai_severe_prediction,0.7637405056552926,True
4365,C1,accessible_vehicle,0.7637405056552926,True
4366,B1,ai_severe_prediction,0.7637405056552926,True
4366,C1,accessible_vehicle,0.7637405056552926,True
4367,B1,ai_severe_prediction,0.7637405056552926,True
4367,C1,accessible_vehicle,0.7637405056552927,True
4368,B1,ai_severe_prediction,0.7637405056552926,True
4368,C1,accessible_vehicle,0.7637405056552926,True
4369,B1,ai_severe_prediction,0.7637405056552926,True
4369,C1,accessible_vehicle,0.7637405056552926,True
4370,B1,ai_severe_prediction,0.7637405056552926,True
4370,C1,accessible_vehicle,0.7637405056552926,True
4371,B1,ai_severe_prediction,0.7637405056552926,True
4371,C1,accessible_vehicle,0.7637405056552926,True
4372,B1,ai_severe_prediction,0.7637405056552926,True
4372,C1,accessible_vehicle,0.7637405056552926,True
4373,B1,ai_severe_prediction,0.7637405056552926,True
4373,C1,accessible_vehicle,0.7637405056552926,True
4374,B1,ai_severe_prediction,0.7637405056552926,True
4374,C1,accessible_vehicle,0.7637405056552926,True
4375,B1,ai_severe_prediction,0.7637405056552926,True
4375,C1,accessible_vehicle,0.7637405056552926,True
4376,B1,ai_severe_prediction,0.7637405056552926,True
4376,C1,accessible_vehicle,0.7637405056552927,True
4377,B1,ai_severe_prediction,0.7637405056552926,True
4377,C1,accessible_vehicle,0.7637405056552926,True
4378,B1,ai_severe_prediction,0.7637405056552926,True
4378,C1,accessible_vehicle,0.7637405056552926,True
4379,B1,ai_severe_prediction,0.7637405056552926,True
4379,C1,accessible_vehicle,0.7637405056552926,True
4380,B1,ai_severe_prediction,0.7633705897079421,True
4380,C1,accessible_vehicle,0.7633705897079421,True
4381,B1,ai_severe_prediction,0.7633705897079421,True
4381,C1,accessible_vehicle,0.7633705897079421,True
4382,B1,ai_severe_prediction,0.7633705897079421,True
4382,C1,accessible_vehicle,0.7633705897079421,True
4383,B1,ai_severe_prediction,0.7633705897079421,True
4383,C1,accessible_vehicle,0.7633705897079421,True
4384,B1,ai_severe_prediction,0.7633705897079421,True
4384,C1,accessible_vehicle,0.7633705897079421,True
4385,B1,ai_severe_prediction,0.7633705897079425,True
4385,C1,accessible_vehicle,0.7633705897079421,True
4386,B1,ai_severe_prediction,0.7633705897079421,True
4386,C1,accessible_vehicle,0.7633705897079421,True
4387,B1,ai_severe_prediction,0.7633705897079421,True
4387,C1,accessible_vehicle,0.7633705897079421,True
4388,B1,ai_severe_prediction,0.7633705897079421,True
4388,C1,accessible_vehicle,0.7633705897079421,True
4389,B1,ai_severe_prediction,0.7633705897079421,True
4389,C1,accessible_vehicle,0.7633705897079421,True
4390,B1,ai_severe_prediction,0.7633705897079421,True
4390,C1,accessible_vehicle,0.7633705897079421,True
4391,B1,ai_severe_prediction,0.7633705897079421,True
4391,C1,accessible_vehicle,0.7633705897079421,True
4392,B1,ai_severe_prediction,0.7633705897079421,True
4392,C1,accessible_vehicle,0.7633705897079421,True
4393,B1,ai_severe_prediction,0.7633705897079421,True
4393,C1,accessible_vehicle,0.7633705897079421,True
4394,B1,ai_severe_prediction,0.7633705897079421,True
4394,C1,accessible_vehicle,0.7633705897079421,True
4395,B1,ai_severe_prediction,0.7633705897079421,True
4395,C1,accessible_vehicle,0.7633705897079421,True
4396,B1,ai_severe_prediction,0.7633705897079421,True
4396,C1,accessible_vehicle,0.7633705897079421,True
4397,B1,ai_severe_prediction,0.7633705897079421,True
4397,C1,accessible_vehicle,0.7633705897079421,True
4398,B1,ai_severe_prediction,0.7633705897079421,True
4398,C1,accessible_vehicle,0.7633705897079421,True
4399,B1,ai_severe_prediction,0.7633705897079421,True
4399,C1,accessible_vehicle,0.7633705897079421,True
4400,B1,ai_severe_prediction,0.7633705897079421,True
4400,C1,accessible_vehicle,0.7633705897079421,True
4401,B1,ai_severe_prediction,0.7633705897079421,True
4401,C1,accessible_vehicle,0.7633705897079421,True
4402,B1,ai_severe_prediction,0.7633705897079421,True
4402,C1,accessible_vehicle,0.7633705897079421,True
4403,B1,ai_severe_prediction,0.7633705897079421,True
4403,C1,accessible_vehicle,0.7633705897079421,True
4404,B1,ai_severe_prediction,0.7633705897079421,True
4404,C1,accessible_vehicle,0.7633705897079421,True
4405,B1,ai_severe_prediction,0.7633705897079424,True
4405,C1,accessible_vehicle,0.7633705897079421,True
4406,B1,ai_severe_prediction,0.7633705897079421,True
4406,C1,accessible_vehicle,0.7633705897079425,True
4407,B1,ai_severe_prediction,0.7633705897079421,True
4407,C1,accessible_vehicle,0.7633705897079421,True
4408,B1,ai_severe_prediction,0.7633705897079421,True
4408,C1,accessible_vehicle,0.7633705897079424,True
4409,B1,ai_severe_prediction,0.7633705897079421,True
4409,C1,accessible_vehicle,0.7633705897079421,True
4410,B1,ai_severe_prediction,0.7633705897079424,True
4410,C1,accessible_vehicle,0.7633705897079424,True
4411,B1,ai_severe_prediction,0.7633705897079421,True
4411,C1,accessible_vehicle,0.7633705897079421,True
4412,B1,ai_severe_prediction,0.7633705897079424,True
4412,C1,accessible_vehicle,0.7633705897079421,True
4413,B1,ai_severe_prediction,0.7633705897079421,True
4413,C1,accessible_vehicle,0.7633705897079424,True
4414,B1,ai_severe_prediction,0.7633705897079421,True
4414,C1,accessible_vehicle,0.7633705897079421,True
4415,B1,ai_severe_prediction,0.7633705897079421,True
4415,C1,accessible_vehicle,0.7633705897079421,True
4416,B1,ai_severe_prediction,0.7633705897079421,True
4416,C1,accessible_vehicle,0.7633705897079421,True
4417,B1,ai_severe_prediction,0.7633705897079421,True
4417,C1,accessible_vehicle,0.7633705897079424,True
4418,B1,ai_severe_prediction,0.7633705897079421,True
4418,C1,accessible_vehicle,0.7633705897079421,True
4419,B1,ai_severe_prediction,0.7633705897079424,True
4419,C1,accessible_vehicle,0.7633705897079421,True
4420,B1,ai_severe_prediction,0.7633705897079421,True
4420,C1,accessible_vehicle,0.7633705897079421,True
4421,B1,ai_severe_prediction,0.7633705897079421,True
4421,C1,accessible_vehicle,0.7633705897079421,True
4422,B1,ai_severe_prediction,0.7633705897079421,True
4422,C1,accessible_vehicle,0.7633705897079421,True
4423,B1,ai_severe_prediction,0.7633705897079421,True
4423,C1,accessible_vehicle,0.7633705897079424,True
4424,B1,ai_severe_prediction,0.7633705897079421,True
4424,C1,accessible_vehicle,0.7633705897079421,True
4425,B1,ai_severe_prediction,0.7633705897079421,True
4425,C1,accessible_vehicle,0.7633705897079421,True
4426,B1,ai_severe_prediction,0.7633705897079421,True
4426,C1,accessible_vehicle,0.7633705897079421,True
4427,B1,ai_severe_prediction,0.7633705897079421,True
4427,C1,accessible_vehicle,0.7633705897079421,True
4428,B1,ai_severe_prediction,0.7633705897079421,True
4428,C1,accessible_vehicle,0.7633705897079421,True
4429,B1,ai_severe_prediction,0.7633705897079421,True
4429,C1,accessible_vehicle,0.7633705897079421,True
4430,B1,ai_severe_prediction,0.7633705897079421,True
4430,C1,accessible_vehicle,0.7633705897079421,True
4431,B1,ai_severe_prediction,0.7633705897079421,True
4431,C1,accessible_vehicle,0.7633705897079421,True
4432,B1,ai_severe_prediction,0.7633705897079421,True
4432,C1,accessible_vehicle,0.7633705897079421,True
4433,B1,ai_severe_prediction,0.7633705897079421,True
4433,C1,accessible_vehicle,0.7633705897079421,True
4434,B1,ai_severe_prediction,0.7633705897079421,True
4434,C1,accessible_vehicle,0.7633705897079421,True
4435,B1,ai_severe_prediction,0.7633705897079421,True
4435,C1,accessible_vehicle,0.7633705897079421,True
4436,B1,ai_severe_prediction,0.7633705897079421,True
4436,C1,accessible_vehicle,0.7633705897079421,True
4437,B1,ai_severe_prediction,0.7633705897079421,True
4437,C1,accessible_vehicle,0.7633705897079421,True
4438,B1,ai_severe_prediction,0.7633705897079424,True
4438,C1,accessible_vehicle,0.7633705897079421,True
4439,B1,ai_severe_prediction,0.7633705897079421,True
4439,C1,accessible_vehicle,0.7633705897079421,True
4440,B1,ai_severe_prediction,0.7633705897079421,True
4440,C1,accessible_vehicle,0.7633705897079421,True
4441,B1,ai_severe_prediction,0.7633705897079421,True
4441,C1,accessible_vehicle,0.7633705897079424,True
4442,B1,ai_severe_prediction,0.7633705897079421,True
4442,C1,accessible_vehicle,0.7633705897079424,True
4443,B1,ai_severe_prediction,0.7633705897079421,True
4443,C1,accessible_vehicle,0.7633705897079421,True
4444,B1,ai_severe_prediction,0.7633705897079424,True
4444,C1,accessible_vehicle,0.7633705897079421,True
4445,B1,ai_severe_prediction,0.7633705897079421,True
4445,C1,accessible_vehicle,0.7633705897079421,True
4446,B1,ai_severe_prediction,0.7633705897079421,True
4446,C1,accessible_vehicle,0.7633705897079424,True
4447,B1,ai_severe_prediction,0.7633705897079421,True
4447,C1,accessible_vehicle,0.7633705897079421,True
4448,B1,ai_severe_prediction,0.7633705897079424,True
4448,C1,accessible_vehicle,0.7633705897079421,True
4449,B1,ai_severe_prediction,0.7633705897079424,True
4449,C1,accessible_vehicle,0.7633705897079421,True
4450,B1,ai_severe_prediction,0.7633705897079421,True
4450,C1,accessible_vehicle,0.7633705897079421,True
4451,B1,ai_severe_prediction,0.7633705897079421,True
4451,C1,accessible_vehicle,0.7633705897079421,True
4452,B1,ai_severe_prediction,0.7633705897079421,True
4452,C1,accessible_vehicle,0.7633705897079421,True
4453,B1,ai_severe_prediction,0.7633705897079421,True
4453,C1,accessible_vehicle,0.7633705897079421,True
4454,B1,ai_severe_prediction,0.7633705897079424,True
4454,C1,accessible_vehicle,0.7633705897079421,True
4455,B1,ai_severe_prediction,0.7633705897079421,True
4455,C1,accessible_vehicle,0.7633705897079421,True
4456,B1,ai_severe_prediction,0.7633705897079421,True
4456,C1,accessible_vehicle,0.7633705897079421,True
4457,B1,ai_severe_prediction,0.7633705897079424,True
4457,C1,accessible_vehicle,0.7633705897079424,True
4458,B1,ai_severe_prediction,0.7633705897079424,True
4458,C1,accessible_vehicle,0.7633705897079421,True
4459,B1,ai_severe_prediction,0.7633705897079424,True
4459,C1,accessible_vehicle,0.7633705897079421,True
4460,B1,ai_severe_prediction,0.7633705897079425,True
4460,C1,accessible_vehicle,0.7633705897079421,True
4461,B1,ai_severe_prediction,0.7633705897079421,True
4461,C1,accessible_vehicle,0.7633705897079421,True
4462,B1,ai_severe_prediction,0.7633705897079421,True
4462,C1,accessible_vehicle,0.7633705897079421,True
4463,B1,ai_severe_prediction,0.7633705897079424,True
4463,C1,accessible_vehicle,0.7633705897079421,True
4464,B1,ai_severe_prediction,0.7633705897079421,True
4464,C1,accessible_vehicle,0.7633705897079424,True
4465,B1,ai_severe_prediction,0.7633705897079421,True
4465,C1,accessible_vehicle,0.7633705897079421,True
4466,B1,ai_severe_prediction,0.7633705897079421,True
4466,C1,accessible_vehicle,0.7633705897079421,True
4467,B1,ai_severe_prediction,0.7633705897079424,True
4467,C1,accessible_vehicle,0.7633705897079421,True
4468,B1,ai_severe_prediction,0.7633705897079421,True
4468,C1,accessible_vehicle,0.7633705897079421,True
4469,B1,ai_severe_prediction,0.7633705897079421,True
4469,C1,accessible_vehicle,0.7633705897079421,True
4470,B1,ai_severe_prediction,0.7633705897079421,True
4470,C1,accessible_vehicle,0.7633705897079424,True
4471,B1,ai_severe_prediction,0.7633705897079424,True
4471,C1,accessible_vehicle,0.7633705897079421,True
4472,B1,ai_severe_prediction,0.7633705897079421,True
4472,C1,accessible_vehicle,0.7633705897079421,True
4473,B1,ai_severe_prediction,0.7633705897079421,True
4473,C1,accessible_vehicle,0.7633705897079421,True
4474,B1,ai_severe_prediction,0.7633705897079424,True
4474,C1,accessible_vehicle,0.7633705897079424,True
4475,B1,ai_severe_prediction,0.7633705897079421,True
4475,C1,accessible_vehicle,0.7633705897079421,True
4476,B1,ai_severe_prediction,0.7633705897079421,True
4476,C1,accessible_vehicle,0.7633705897079421,True
4477,B1,ai_severe_prediction,0.7633705897079424,True
4477,C1,accessible_vehicle,0.7633705897079421,True
4478,B1,ai_severe_prediction,0.7633705897079421,True
4478,C1,accessible_vehicle,0.7633705897079424,True
4479,B1,ai_severe_prediction,0.7633705897079421,True
4479,C1,accessible_vehicle,0.7633705897079421,True
4480,B1,ai_severe_prediction,0.7633705897079421,True
4480,C1,accessible_vehicle,0.7633705897079421,True
4481,B1,ai_severe_prediction,0.7633705897079424,True
4481,C1,accessible_vehicle,0.7633705897079421,True
4482,B1,ai_severe_prediction,0.7633705897079421,True
4482,C1,accessible_vehicle,0.7633705897079421,True
4483,B1,ai_severe_prediction,0.7633705897079424,True
4483,C1,accessible_vehicle,0.7633705897079421,True
4484,B1,ai_severe_prediction,0.7633705897079421,True
4484,C1,accessible_vehicle,0.7633705897079421,True
4485,B1,ai_severe_prediction,0.7633705897079421,True
4485,C1,accessible_vehicle,0.7633705897079421,True
4486,B1,ai_severe_prediction,0.7633705897079421,True
4486,C1,accessible_vehicle,0.7633705897079421,True
4487,B1,ai_severe_prediction,0.7633705897079424,True
4487,C1,accessible_vehicle,0.7633705897079421,True
4488,B1,ai_severe_prediction,0.7633705897079421,True
4488,C1,accessible_vehicle,0.7633705897079424,True
4489,B1,ai_severe_prediction,0.7633705897079421,True
4489,C1,accessible_vehicle,0.7633705897079424,True
4490,B1,ai_severe_prediction,0.7633705897079424,True
4490,C1,accessible_vehicle,0.7633705897079424,True
4491,B1,ai_severe_prediction,0.7633705897079425,True
4491,C1,accessible_vehicle,0.7633705897079421,True
4492,B1,ai_severe_prediction,0.7633705897079421,True
4492,C1,accessible_vehicle,0.7633705897079421,True
4493,B1,ai_severe_prediction,0.7633705897079425,True
4493,C1,accessible_vehicle,0.7633705897079421,True
4494,B1,ai_severe_prediction,0.7633705897079421,True
4494,C1,accessible_vehicle,0.7633705897079421,True
4495,B1,ai_severe_prediction,0.7633705897079424,True
4495,C1,accessible_vehicle,0.7633705897079421,True
4496,B1,ai_severe_prediction,0.7633705897079421,True
4496,C1,accessible_vehicle,0.7633705897079421,True
4497,B1,ai_severe_prediction,0.7633705897079421,True
4497,C1,accessible_vehicle,0.7633705897079421,True
4498,B1,ai_severe_prediction,0.7633705897079421,True
4498,C1,accessible_vehicle,0.7633705897079421,True
4499,B1,ai_severe_prediction,0.7633705897079424,True
4499,C1,accessible_vehicle,0.7633705897079424,True
4500,B1,ai_severe_prediction,0.7633705897079424,True
4500,C1,accessible_vehicle,0.7633705897079421,True
4501,B1,ai_severe_prediction,0.7633705897079421,True
4501,C1,accessible_vehicle,0.7633705897079421,True
4502,B1,ai_severe_prediction,0.7633705897079421,True
4502,C1,accessible_vehicle,0.7633705897079425,True
4503,B1,ai_severe_prediction,0.7633705897079421,True
4503,C1,accessible_vehicle,0.7633705897079421,True
4504,B1,ai_severe_prediction,0.7633705897079421,True
4504,C1,accessible_vehicle,0.7633705897079421,True
4505,B1,ai_severe_prediction,0.7633705897079421,True
4505,C1,accessible_vehicle,0.7633705897079421,True
4506,B1,ai_severe_prediction,0.7633705897079421,True
4506,C1,accessible_vehicle,0.7633705897079421,True
4507,B1,ai_severe_prediction,0.7633705897079421,True
4507,C1,accessible_vehicle,0.7633705897079421,True
4508,B1,ai_severe_prediction,0.7633705897079421,True
4508,C1,accessible_vehicle,0.7633705897079421,True
4509,B1,ai_severe_prediction,0.7633705897079421,True
4509,C1,accessible_vehicle,0.7633705897079421,True
4510,B1,ai_severe_prediction,0.7633705897079421,True
4510,C1,accessible_vehicle,0.7633705897079421,True
4511,B1,ai_severe_prediction,0.7633705897079421,True
4511,C1,accessible_vehicle,0.7633705897079421,True
4512,B1,ai_severe_prediction,0.7633705897079421,True
4512,C1,accessible_vehicle,0.7633705897079421,True
4513,B1,ai_severe_prediction,0.7633705897079421,True
4513,C1,accessible_vehicle,0.7633705897079421,True
4514,B1,ai_severe_prediction,0.7633705897079421,True
4514,C1,accessible_vehicle,0.7633705897079421,True
4515,B1,ai_severe_prediction,0.7633705897079421,True
4515,C1,accessible_vehicle,0.7633705897079421,True
4516,B1,ai_severe_prediction,0.7633705897079421,True
4516,C1,accessible_vehicle,0.7633705897079421,True
4517,B1,ai_severe_prediction,0.7633705897079421,True
4517,C1,accessible_vehicle,0.7633705897079421,True
4518,B1,ai_severe_prediction,0.7633705897079421,True
4518,C1,accessible_vehicle,0.7633705897079421,True
4519,B1,ai_severe_prediction,0.7633705897079421,True
4519,C1,accessible_vehicle,0.7633705897079421,True
4520,B1,ai_severe_prediction,0.7633705897079421,True
4520,C1,accessible_vehicle,0.7633705897079421,True
4521,B1,ai_severe_prediction,0.7633705897079421,True
4521,C1,accessible_vehicle,0.7633705897079424,True
4522,B1,ai_severe_prediction,0.7633705897079421,True
4522,C1,accessible_vehicle,0.7633705897079421,True
4523,B1,ai_severe_prediction,0.7633705897079421,True
4523,C1,accessible_vehicle,0.7633705897079421,True
4524,B1,ai_severe_prediction,0.7633705897079421,True
4524,C1,accessible_vehicle,0.7633705897079421,True
4525,B1,ai_severe_prediction,0.7633705897079421,True
4525,C1,accessible_vehicle,0.7633705897079421,True
4526,B1,ai_severe_prediction,0.7633705897079421,True
4526,C1,accessible_vehicle,0.7633705897079421,True
4527,B1,ai_severe_prediction,0.7633705897079421,True
4527,C1,accessible_vehicle,0.7633705897079424,True
4528,B1,ai_severe_prediction,0.7633705897079421,True
4528,C1,accessible_vehicle,0.7633705897079421,True
4529,B1,ai_severe_prediction,0.7633705897079421,True
4529,C1,accessible_vehicle,0.7633705897079421,True
4530,B1,ai_severe_prediction,0.7633705897079421,True
4530,C1,accessible_vehicle,0.7633705897079421,True
4531,B1,ai_severe_prediction,0.7633705897079421,True
4531,C1,accessible_vehicle,0.7633705897079421,True
4532,B1,ai_severe_prediction,0.7633705897079421,True
4532,C1,accessible_vehicle,0.7633705897079421,True
4533,B1,ai_severe_prediction,0.7633705897079421,True
4533,C1,accessible_vehicle,0.7633705897079421,True
4534,B1,ai_severe_prediction,0.7633705897079421,True
4534,C1,accessible_vehicle,0.7633705897079421,True
4535,B1,ai_severe_prediction,0.7633705897079421,True
4535,C1,accessible_vehicle,0.7633705897079421,True
4536,B1,ai_severe_prediction,0.7633705897079421,True
4536,C1,accessible_vehicle,0.7633705897079421,True
4537,B1,ai_severe_prediction,0.7633705897079421,True
4537,C1,accessible_vehicle,0.7633705897079421,True
4538,B1,ai_severe_prediction,0.7633705897079421,True
4538,C1,accessible_vehicle,0.7633705897079424,True
4539,B1,ai_severe_prediction,0.7633705897079421,True
4539,C1,accessible_vehicle,0.7633705897079421,True
4540,B1,ai_severe_prediction,0.7633705897079421,True
4540,C1,accessible_vehicle,0.7633705897079421,True
4541,B1,ai_severe_prediction,0.7633705897079421,True
4541,C1,accessible_vehicle,0.7633705897079421,True
4542,B1,ai_severe_prediction,0.7633705897079421,True
4542,C1,accessible_vehicle,0.7633705897079424,True
4543,B1,ai_severe_prediction,0.7633705897079424,True
4543,C1,accessible_vehicle,0.7633705897079424,True
4544,B1,ai_severe_prediction,0.7633705897079424,True
4544,C1,accessible_vehicle,0.7633705897079424,True
4545,B1,ai_severe_prediction,0.7633705897079421,True
4545,C1,accessible_vehicle,0.7633705897079421,True
4546,B1,ai_severe_prediction,0.7633705897079421,True
4546,C1,accessible_vehicle,0.7633705897079421,True
4547,B1,ai_severe_prediction,0.7633705897079421,True
4547,C1,accessible_vehicle,0.7633705897079421,True
4548,B1,ai_severe_prediction,0.7633705897079424,True
4548,C1,accessible_vehicle,0.7633705897079421,True
4549,B1,ai_severe_prediction,0.7633705897079424,True
4549,C1,accessible_vehicle,0.7633705897079425,True
4550,B1,ai_severe_prediction,0.7633705897079425,True
4550,C1,accessible_vehicle,0.7633705897079424,True
4551,B1,ai_severe_prediction,0.7633705897079421,True
4551,C1,accessible_vehicle,0.7633705897079421,True
4552,B1,ai_severe_prediction,0.7633705897079421,True
4552,C1,accessible_vehicle,0.7633705897079421,True
4553,B1,ai_severe_prediction,0.7633705897079421,True
4553,C1,accessible_vehicle,0.7633705897079421,True
4554,B1,ai_severe_prediction,0.7633705897079421,True
4554,C1,accessible_vehicle,0.7633705897079421,True
4555,B1,ai_severe_prediction,0.7633705897079424,True
4555,C1,accessible_vehicle,0.7633705897079421,True
4556,B1,ai_severe_prediction,0.7633705897079421,True
4556,C1,accessible_vehicle,0.7633705897079421,True
4557,B1,ai_severe_prediction,0.7633705897079421,True
4557,C1,accessible_vehicle,0.7633705897079421,True
4558,B1,ai_severe_prediction,0.7633705897079421,True
4558,C1,accessible_vehicle,0.7633705897079421,True
4559,B1,ai_severe_prediction,0.7633705897079421,True
4559,C1,accessible_vehicle,0.7633705897079421,True
4560,B1,ai_severe_prediction,0.7633705897079424,True
4560,C1,accessible_vehicle,0.7633705897079424,True
4561,B1,ai_severe_prediction,0.7633705897079424,True
4561,C1,accessible_vehicle,0.7633705897079424,True
4562,B1,ai_severe_prediction,0.7633705897079421,True
4562,C1,accessible_vehicle,0.7633705897079421,True
4563,B1,ai_severe_prediction,0.7633705897079421,True
4563,C1,accessible_vehicle,0.7633705897079421,True
4564,B1,ai_severe_prediction,0.7633705897079424,True
4564,C1,accessible_vehicle,0.7633705897079421,True
4565,B1,ai_severe_prediction,0.7633705897079421,True
4565,C1,accessible_vehicle,0.7633705897079421,True
4566,B1,ai_severe_prediction,0.7633705897079421,True
4566,C1,accessible_vehicle,0.7633705897079421,True
4567,B1,ai_severe_prediction,0.7633705897079421,True
4567,C1,accessible_vehicle,0.7633705897079421,True
4568,B1,ai_severe_prediction,0.7633705897079421,True
4568,C1,accessible_vehicle,0.7633705897079421,True
4569,B1,ai_severe_prediction,0.7633705897079421,True
4569,C1,accessible_vehicle,0.7633705897079421,True
4570,B1,ai_severe_prediction,0.7633705897079421,True
4570,C1,accessible_vehicle,0.7633705897079421,True
4571,B1,ai_severe_prediction,0.7633705897079421,True
4571,C1,accessible_vehicle,0.7633705897079421,True
4572,B1,ai_severe_prediction,0.7633705897079421,True
4572,C1,accessible_vehicle,0.7633705897079421,True
4573,B1,ai_severe_prediction,0.7633705897079421,True
4573,C1,accessible_vehicle,0.7633705897079421,True
4574,B1,ai_severe_prediction,0.7633705897079424,True
4574,C1,accessible_vehicle,0.7633705897079421,True
4575,B1,ai_severe_prediction,0.7633705897079421,True
4575,C1,accessible_vehicle,0.7633705897079421,True
4576,B1,ai_severe_prediction,0.7633705897079421,True
4576,C1,accessible_vehicle,0.7633705897079421,True
4577,B1,ai_severe_prediction,0.7633705897079421,True
4577,C1,accessible_vehicle,0.7633705897079424,True
4578,B1,ai_severe_prediction,0.7633705897079421,True
4578,C1,accessible_vehicle,0.7633705897079424,True
4579,B1,ai_severe_prediction,0.7633705897079421,True
4579,C1,accessible_vehicle,0.7633705897079421,True
4580,B1,ai_severe_prediction,0.7633705897079421,True
4580,C1,accessible_vehicle,0.7633705897079421,True
4581,B1,ai_severe_prediction,0.7633705897079424,True
4581,C1,accessible_vehicle,0.7633705897079421,True
4582,B1,ai_severe_prediction,0.7633705897079421,True
4582,C1,accessible_vehicle,0.7633705897079421,True
4583,B1,ai_severe_prediction,0.7633705897079421,True
4583,C1,accessible_vehicle,0.7633705897079421,True
4584,B1,ai_severe_prediction,0.7633705897079421,True
4584,C1,accessible_vehicle,0.7633705897079421,True
4585,B1,ai_severe_prediction,0.7633705897079424,True
4585,C1,accessible_vehicle,0.7633705897079421,True
4586,B1,ai_severe_prediction,0.7633705897079421,True
4586,C1,accessible_vehicle,0.7633705897079424,True
4587,B1,ai_severe_prediction,0.7633705897079421,True
4587,C1,accessible_vehicle,0.7633705897079421,True
4588,B1,ai_severe_prediction,0.7633705897079421,True
4588,C1,accessible_vehicle,0.7633705897079421,True
4589,B1,ai_severe_prediction,0.7633705897079424,True
4589,C1,accessible_vehicle,0.7633705897079421,True
4590,B1,ai_severe_prediction,0.7633705897079421,True
4590,C1,accessible_vehicle,0.7633705897079424,True
4591,B1,ai_severe_prediction,0.7633705897079425,True
4591,C1,accessible_vehicle,0.7633705897079424,True
4592,B1,ai_severe_prediction,0.7633705897079424,True
4592,C1,accessible_vehicle,0.7633705897079424,True
4593,B1,ai_severe_prediction,0.7633705897079424,True
4593,C1,accessible_vehicle,0.7633705897079421,True
4594,B1,ai_severe_prediction,0.7633705897079421,True
4594,C1,accessible_vehicle,0.7633705897079421,True
4595,B1,ai_severe_prediction,0.7633705897079424,True
4595,C1,accessible_vehicle,0.7633705897079421,True
4596,B1,ai_severe_prediction,0.7633705897079421,True
4596,C1,accessible_vehicle,0.7633705897079421,True
4597,B1,ai_severe_prediction,0.7633705897079421,True
4597,C1,accessible_vehicle,0.7633705897079421,True
4598,B1,ai_severe_prediction,0.7633705897079421,True
4598,C1,accessible_vehicle,0.7633705897079421,True
4599,B1,ai_severe_prediction,0.7633705897079424,True
4599,C1,accessible_vehicle,0.7633705897079421,True
4600,B1,ai_severe_prediction,0.7633705897079424,True
4600,C1,accessible_vehicle,0.7633705897079424,True
4601,B1,ai_severe_prediction,0.7633705897079421,True
4601,C1,accessible_vehicle,0.7633705897079424,True
4602,B1,ai_severe_prediction,0.7633705897079425,True
4602,C1,accessible_vehicle,0.7633705897079421,True
4603,B1,ai_severe_prediction,0.7633705897079421,True
4603,C1,accessible_vehicle,0.7633705897079421,True
4604,B1,ai_severe_prediction,0.7633705897079421,True
4604,C1,accessible_vehicle,0.7633705897079424,True
4605,B1,ai_severe_prediction,0.7633705897079421,True
4605,C1,accessible_vehicle,0.7633705897079421,True
4606,B1,ai_severe_prediction,0.7633705897079421,True
4606,C1,accessible_vehicle,0.7633705897079421,True
4607,B1,ai_severe_prediction,0.7633705897079421,True
4607,C1,accessible_vehicle,0.7633705897079421,True
4608,B1,ai_severe_prediction,0.7633705897079424,True
4608,C1,accessible_vehicle,0.7633705897079421,True
4609,B1,ai_severe_prediction,0.7633705897079421,True
4609,C1,accessible_vehicle,0.7633705897079421,True
4610,B1,ai_severe_prediction,0.7633705897079421,True
4610,C1,accessible_vehicle,0.7633705897079421,True
4611,B1,ai_severe_prediction,0.7633705897079424,True
4611,C1,accessible_vehicle,0.7633705897079421,True
4612,B1,ai_severe_prediction,0.7633705897079421,True
4612,C1,accessible_vehicle,0.7633705897079421,True
4613,B1,ai_severe_prediction,0.7633705897079424,True
4613,C1,accessible_vehicle,0.7633705897079421,True
4614,B1,ai_severe_prediction,0.7633705897079421,True
4614,C1,accessible_vehicle,0.7633705897079421,True
4615,B1,ai_severe_prediction,0.7633705897079421,True
4615,C1,accessible_vehicle,0.7633705897079421,True
4616,B1,ai_severe_prediction,0.7633705897079425,True
4616,C1,accessible_vehicle,0.7633705897079421,True
4617,B1,ai_severe_prediction,0.7633705897079421,True
4617,C1,accessible_vehicle,0.7633705897079421,True
4618,B1,ai_severe_prediction,0.7633705897079421,True
4618,C1,accessible_vehicle,0.7633705897079424,True
4619,B1,ai_severe_prediction,0.7633705897079421,True
4619,C1,accessible_vehicle,0.7633705897079421,True
4620,B1,ai_severe_prediction,0.7633705897079424,True
4620,C1,accessible_vehicle,0.7633705897079421,True
4621,B1,ai_severe_prediction,0.7633705897079421,True
4621,C1,accessible_vehicle,0.7633705897079421,True
4622,B1,ai_severe_prediction,0.7633705897079421,True
4622,C1,accessible_vehicle,0.7633705897079424,True
4623,B1,ai_severe_prediction,0.7633705897079421,True
4623,C1,accessible_vehicle,0.7633705897079421,True
4624,B1,ai_severe_prediction,0.7633705897079421,True
4624,C1,accessible_vehicle,0.7633705897079421,True
4625,B1,ai_severe_prediction,0.7633705897079421,True
4625,C1,accessible_vehicle,0.7633705897079421,True
4626,B1,ai_severe_prediction,0.7633705897079421,True
4626,C1,accessible_vehicle,0.7633705897079421,True
4627,B1,ai_severe_prediction,0.7633705897079424,True
4627,C1,accessible_vehicle,0.7633705897079421,True
4628,B1,ai_severe_prediction,0.7633705897079421,True
4628,C1,accessible_vehicle,0.7633705897079421,True
4629,B1,ai_severe_prediction,0.7633705897079421,True
4629,C1,accessible_vehicle,0.7633705897079421,True
4630,B1,ai_severe_prediction,0.7633705897079421,True
4630,C1,accessible_vehicle,0.7633705897079421,True
4631,B1,ai_severe_prediction,0.7633705897079421,True
4631,C1,accessible_vehicle,0.7633705897079421,True
4632,B1,ai_severe_prediction,0.7633705897079421,True
4632,C1,accessible_vehicle,0.7633705897079421,True
4633,B1,ai_severe_prediction,0.7633705897079421,True
4633,C1,accessible_vehicle,0.7633705897079421,True
4634,B1,ai_severe_prediction,0.7633705897079421,True
4634,C1,accessible_vehicle,0.7633705897079421,True
4635,B1,ai_severe_prediction,0.7633705897079421,True
4635,C1,accessible_vehicle,0.7633705897079421,True
4636,B1,ai_severe_prediction,0.7633705897079421,True
4636,C1,accessible_vehicle,0.7633705897079421,True
4637,B1,ai_severe_prediction,0.7633705897079421,True
4637,C1,accessible_vehicle,0.7633705897079424,True
4638,B1,ai_severe_prediction,0.7633705897079421,True
4638,C1,accessible_vehicle,0.7633705897079424,True
4639,B1,ai_severe_prediction,0.7633705897079424,True
4639,C1,accessible_vehicle,0.7633705897079421,True
4640,B1,ai_severe_prediction,0.7633705897079421,True
4640,C1,accessible_vehicle,0.7633705897079421,True
4641,B1,ai_severe_prediction,0.7633705897079421,True
4641,C1,accessible_vehicle,0.7633705897079421,True
4642,B1,ai_severe_prediction,0.7633705897079421,True
4642,C1,accessible_vehicle,0.7633705897079421,True
4643,B1,ai_severe_prediction,0.7633705897079424,True
4643,C1,accessible_vehicle,0.7633705897079421,True
4644,B1,ai_severe_prediction,0.7633705897079421,True
4644,C1,accessible_vehicle,0.7633705897079421,True
4645,B1,ai_severe_prediction,0.7633705897079421,True
4645,C1,accessible_vehicle,0.7633705897079424,True
4646,B1,ai_severe_prediction,0.7633705897079424,True
4646,C1,accessible_vehicle,0.7633705897079424,True
4647,B1,ai_severe_prediction,0.7633705897079421,True
4647,C1,accessible_vehicle,0.7633705897079421,True
4648,B1,ai_severe_prediction,0.7633705897079421,True
4648,C1,accessible_vehicle,0.7633705897079421,True
4649,B1,ai_severe_prediction,0.7633705897079424,True
4649,C1,accessible_vehicle,0.7633705897079424,True
4650,B1,ai_severe_prediction,0.7633705897079421,True
4650,C1,accessible_vehicle,0.7633705897079421,True
4651,B1,ai_severe_prediction,0.7633705897079421,True
4651,C1,accessible_vehicle,0.7633705897079424,True
4652,B1,ai_severe_prediction,0.7633705897079424,True
4652,C1,accessible_vehicle,0.7633705897079421,True
4653,B1,ai_severe_prediction,0.7633705897079421,True
4653,C1,accessible_vehicle,0.7633705897079421,True
4654,B1,ai_severe_prediction,0.7633705897079421,True
4654,C1,accessible_vehicle,0.7633705897079421,True
4655,B1,ai_severe_prediction,0.7633705897079421,True
4655,C1,accessible_vehicle,0.7633705897079421,True
4656,B1,ai_severe_prediction,0.7633705897079424,True
4656,C1,accessible_vehicle,0.7633705897079424,True
4657,B1,ai_severe_prediction,0.7633705897079421,True
4657,C1,accessible_vehicle,0.7633705897079421,True
4658,B1,ai_severe_prediction,0.7633705897079421,True
4658,C1,accessible_vehicle,0.7633705897079421,True
4659,B1,ai_severe_prediction,0.7633705897079421,True
4659,C1,accessible_vehicle,0.7633705897079421,True
4660,B1,ai_severe_prediction,0.7633705897079424,True
4660,C1,accessible_vehicle,0.7633705897079421,True
4661,B1,ai_severe_prediction,0.7633705897079421,True
4661,C1,accessible_vehicle,0.7633705897079421,True
4662,B1,ai_severe_prediction,0.7633705897079421,True
4662,C1,accessible_vehicle,0.7633705897079421,True
4663,B1,ai_severe_prediction,0.7633705897079421,True
4663,C1,accessible_vehicle,0.7633705897079421,True
4664,B1,ai_severe_prediction,0.7633705897079421,True
4664,C1,accessible_vehicle,0.7633705897079424,True
4665,B1,ai_severe_prediction,0.7633705897079424,True
4665,C1,accessible_vehicle,0.7633705897079424,True
4666,B1,ai_severe_prediction,0.7633705897079421,True
4666,C1,accessible_vehicle,0.7633705897079421,True
4667,B1,ai_severe_prediction,0.7633705897079421,True
4667,C1,accessible_vehicle,0.7633705897079421,True
4668,B1,ai_severe_prediction,0.7633705897079421,True
4668,C1,accessible_vehicle,0.7633705897079421,True
4669,B1,ai_severe_prediction,0.7633705897079421,True
4669,C1,accessible_vehicle,0.7633705897079421,True
4670,B1,ai_severe_prediction,0.7633705897079421,True
4670,C1,accessible_vehicle,0.7633705897079424,True
4671,B1,ai_severe_prediction,0.7633705897079421,True
4671,C1,accessible_vehicle,0.7633705897079421,True
4672,B1,ai_severe_prediction,0.7633705897079424,True
4672,C1,accessible_vehicle,0.7633705897079421,True
4673,B1,ai_severe_prediction,0.7633705897079421,True
4673,C1,accessible_vehicle,0.7633705897079421,True
4674,B1,ai_severe_prediction,0.7633705897079421,True
4674,C1,accessible_vehicle,0.7633705897079421,True
4675,B1,ai_severe_prediction,0.7633705897079424,True
4675,C1,accessible_vehicle,0.7633705897079421,True
4676,B1,ai_severe_prediction,0.7633705897079421,True
4676,C1,accessible_vehicle,0.7633705897079424,True
4677,B1,ai_severe_prediction,0.7633705897079425,True
4677,C1,accessible_vehicle,0.7633705897079421,True
4678,B1,ai_severe_prediction,0.7633705897079421,True
4678,C1,accessible_vehicle,0.7633705897079421,True
4679,B1,ai_severe_prediction,0.7633705897079421,True
4679,C1,accessible_vehicle,0.7633705897079421,True
4680,B1,ai_severe_prediction,0.7639216824987826,True
4680,C1,accessible_vehicle,0.7639216824987826,True
4681,B1,ai_severe_prediction,0.7639216824987826,True
4681,C1,accessible_vehicle,0.7639216824987826,True
4682,B1,ai_severe_prediction,0.7639216824987826,True
4682,C1,accessible_vehicle,0.7639216824987826,True
4683,B1,ai_severe_prediction,0.7639216824987826,True
4683,C1,accessible_vehicle,0.7639216824987826,True
4684,B1,ai_severe_prediction,0.7639216824987826,True
4684,C1,accessible_vehicle,0.7639216824987826,True
4685,B1,ai_severe_prediction,0.7639216824987827,True
4685,C1,accessible_vehicle,0.7639216824987826,True
4686,B1,ai_severe_prediction,0.7639216824987826,True
4686,C1,accessible_vehicle,0.7639216824987826,True
4687,B1,ai_severe_prediction,0.7639216824987826,True
4687,C1,accessible_vehicle,0.7639216824987827,True
4688,B1,ai_severe_prediction,0.7639216824987826,True
4688,C1,accessible_vehicle,0.7639216824987827,True
4689,B1,ai_severe_prediction,0.7639216824987826,True
4689,C1,accessible_vehicle,0.7639216824987827,True
4690,B1,ai_severe_prediction,0.7639216824987826,True
4690,C1,accessible_vehicle,0.7639216824987826,True
4691,B1,ai_severe_prediction,0.7639216824987826,True
4691,C1,accessible_vehicle,0.7639216824987826,True
4692,B1,ai_severe_prediction,0.7639216824987826,True
4692,C1,accessible_vehicle,0.7639216824987827,True
4693,B1,ai_severe_prediction,0.7639216824987827,True
4693,C1,accessible_vehicle,0.7639216824987826,True
4694,B1,ai_severe_prediction,0.7639216824987826,True
4694,C1,accessible_vehicle,0.7639216824987826,True
4695,B1,ai_severe_prediction,0.7639216824987826,True
4695,C1,accessible_vehicle,0.7639216824987826,True
4696,B1,ai_severe_prediction,0.7639216824987826,True
4696,C1,accessible_vehicle,0.7639216824987826,True
4697,B1,ai_severe_prediction,0.7639216824987826,True
4697,C1,accessible_vehicle,0.7639216824987826,True
4698,B1,ai_severe_prediction,0.7639216824987826,True
4698,C1,accessible_vehicle,0.7639216824987826,True
4699,B1,ai_severe_prediction,0.7639216824987826,True
4699,C1,accessible_vehicle,0.7639216824987826,True
4700,B1,ai_severe_prediction,0.7639216824987826,True
4700,C1,accessible_vehicle,0.7639216824987826,True
4701,B1,ai_severe_prediction,0.7639216824987826,True
4701,C1,accessible_vehicle,0.7639216824987826,True
4702,B1,ai_severe_prediction,0.7639216824987826,True
4702,C1,accessible_vehicle,0.7639216824987826,True
4703,B1,ai_severe_prediction,0.7639216824987826,True
4703,C1,accessible_vehicle,0.7639216824987826,True
4704,B1,ai_severe_prediction,0.7639216824987826,True
4704,C1,accessible_vehicle,0.7639216824987826,True
4705,B1,ai_severe_prediction,0.7639216824987826,True
4705,C1,accessible_vehicle,0.7639216824987826,True
4706,B1,ai_severe_prediction,0.7639216824987827,True
4706,C1,accessible_vehicle,0.7639216824987826,True
4707,B1,ai_severe_prediction,0.7639216824987827,True
4707,C1,accessible_vehicle,0.7639216824987827,True
4708,B1,ai_severe_prediction,0.7639216824987826,True
4708,C1,accessible_vehicle,0.7639216824987826,True
4709,B1,ai_severe_prediction,0.7639216824987826,True
4709,C1,accessible_vehicle,0.7639216824987826,True
4710,B1,ai_severe_prediction,0.7639216824987826,True
4710,C1,accessible_vehicle,0.7639216824987826,True
4711,B1,ai_severe_prediction,0.7639216824987827,True
4711,C1,accessible_vehicle,0.7639216824987826,True
4712,B1,ai_severe_prediction,0.7639216824987826,True
4712,C1,accessible_vehicle,0.7639216824987826,True
4713,B1,ai_severe_prediction,0.7639216824987826,True
4713,C1,accessible_vehicle,0.7639216824987826,True
4714,B1,ai_severe_prediction,0.7639216824987827,True
4714,C1,accessible_vehicle,0.7639216824987826,True
4715,B1,ai_severe_prediction,0.7639216824987826,True
4715,C1,accessible_vehicle,0.7639216824987826,True
4716,B1,ai_severe_prediction,0.7639216824987826,True
4716,C1,accessible_vehicle,0.7639216824987826,True
4717,B1,ai_severe_prediction,0.7639216824987826,True
4717,C1,accessible_vehicle,0.7639216824987826,True
4718,B1,ai_severe_prediction,0.7639216824987826,True
4718,C1,accessible_vehicle,0.7639216824987826,True
4719,B1,ai_severe_prediction,0.7639216824987826,True
4719,C1,accessible_vehicle,0.7639216824987826,True
4720,B1,ai_severe_prediction,0.7639216824987826,True
4720,C1,accessible_vehicle,0.7639216824987826,True
4721,B1,ai_severe_prediction,0.7639216824987826,True
4721,C1,accessible_vehicle,0.7639216824987826,True
4722,B1,ai_severe_prediction,0.7639216824987826,True
4722,C1,accessible_vehicle,0.7639216824987826,True
4723,B1,ai_severe_prediction,0.7639216824987826,True
4723,C1,accessible_vehicle,0.7639216824987826,True
4724,B1,ai_severe_prediction,0.7639216824987826,True
4724,C1,accessible_vehicle,0.7639216824987826,True
4725,B1,ai_severe_prediction,0.7639216824987826,True
4725,C1,accessible_vehicle,0.7639216824987826,True
4726,B1,ai_severe_prediction,0.7639216824987826,True
4726,C1,accessible_vehicle,0.7639216824987826,True
4727,B1,ai_severe_prediction,0.7639216824987826,True
4727,C1,accessible_vehicle,0.7639216824987826,True
4728,B1,ai_severe_prediction,0.7639216824987826,True
4728,C1,accessible_vehicle,0.7639216824987826,True
4729,B1,ai_severe_prediction,0.7639216824987826,True
4729,C1,accessible_vehicle,0.7639216824987826,True
4730,B1,ai_severe_prediction,0.7639216824987827,True
4730,C1,accessible_vehicle,0.7639216824987827,True
4731,B1,ai_severe_prediction,0.7639216824987826,True
4731,C1,accessible_vehicle,0.7639216824987826,True
4732,B1,ai_severe_prediction,0.7639216824987826,True
4732,C1,accessible_vehicle,0.7639216824987826,True
4733,B1,ai_severe_prediction,0.7639216824987826,True
4733,C1,accessible_vehicle,0.7639216824987826,True
4734,B1,ai_severe_prediction,0.7639216824987827,True
4734,C1,accessible_vehicle,0.7639216824987828,True
4735,B1,ai_severe_prediction,0.7639216824987826,True
4735,C1,accessible_vehicle,0.7639216824987826,True
4736,B1,ai_severe_prediction,0.7639216824987826,True
4736,C1,accessible_vehicle,0.7639216824987826,True
4737,B1,ai_severe_prediction,0.7639216824987826,True
4737,C1,accessible_vehicle,0.7639216824987826,True
4738,B1,ai_severe_prediction,0.7639216824987826,True
4738,C1,accessible_vehicle,0.7639216824987826,True
4739,B1,ai_severe_prediction,0.7639216824987827,True
4739,C1,accessible_vehicle,0.7639216824987826,True
4740,B1,ai_severe_prediction,0.7639216824987826,True
4740,C1,accessible_vehicle,0.7639216824987826,True
4741,B1,ai_severe_prediction,0.7639216824987827,True
4741,C1,accessible_vehicle,0.7639216824987826,True
4742,B1,ai_severe_prediction,0.7639216824987826,True
4742,C1,accessible_vehicle,0.7639216824987827,True
4743,B1,ai_severe_prediction,0.7639216824987828,True
4743,C1,accessible_vehicle,0.7639216824987826,True
4744,B1,ai_severe_prediction,0.7639216824987826,True
4744,C1,accessible_vehicle,0.7639216824987826,True
4745,B1,ai_severe_prediction,0.7639216824987826,True
4745,C1,accessible_vehicle,0.7639216824987826,True
4746,B1,ai_severe_prediction,0.7639216824987826,True
4746,C1,accessible_vehicle,0.7639216824987826,True
4747,B1,ai_severe_prediction,0.7639216824987826,True
4747,C1,accessible_vehicle,0.7639216824987826,True
4748,B1,ai_severe_prediction,0.7639216824987828,True
4748,C1,accessible_vehicle,0.7639216824987826,True
4749,B1,ai_severe_prediction,0.7639216824987826,True
4749,C1,accessible_vehicle,0.7639216824987826,True
4750,B1,ai_severe_prediction,0.7639216824987826,True
4750,C1,accessible_vehicle,0.7639216824987826,True
4751,B1,ai_severe_prediction,0.7639216824987826,True
4751,C1,accessible_vehicle,0.7639216824987826,True
4752,B1,ai_severe_prediction,0.7639216824987826,True
4752,C1,accessible_vehicle,0.7639216824987826,True
4753,B1,ai_severe_prediction,0.7639216824987826,True
4753,C1,accessible_vehicle,0.7639216824987826,True
4754,B1,ai_severe_prediction,0.7639216824987826,True
4754,C1,accessible_vehicle,0.7639216824987826,True
4755,B1,ai_severe_prediction,0.7639216824987826,True
4755,C1,accessible_vehicle,0.7639216824987826,True
4756,B1,ai_severe_prediction,0.7639216824987826,True
4756,C1,accessible_vehicle,0.7639216824987826,True
4757,B1,ai_severe_prediction,0.7639216824987826,True
4757,C1,accessible_vehicle,0.7639216824987826,True
4758,B1,ai_severe_prediction,0.7639216824987826,True
4758,C1,accessible_vehicle,0.7639216824987826,True
4759,B1,ai_severe_prediction,0.7639216824987826,True
4759,C1,accessible_vehicle,0.7639216824987826,True
4760,B1,ai_severe_prediction,0.7639216824987827,True
4760,C1,accessible_vehicle,0.7639216824987826,True
4761,B1,ai_severe_prediction,0.7639216824987826,True
4761,C1,accessible_vehicle,0.7639216824987826,True
4762,B1,ai_severe_prediction,0.7639216824987826,True
4762,C1,accessible_vehicle,0.7639216824987826,True
4763,B1,ai_severe_prediction,0.7639216824987826,True
4763,C1,accessible_vehicle,0.7639216824987826,True
4764,B1,ai_severe_prediction,0.7639216824987826,True
4764,C1,accessible_vehicle,0.7639216824987826,True
4765,B1,ai_severe_prediction,0.7639216824987826,True
4765,C1,accessible_vehicle,0.7639216824987826,True
4766,B1,ai_severe_prediction,0.7639216824987826,True
4766,C1,accessible_vehicle,0.7639216824987826,True
4767,B1,ai_severe_prediction,0.7639216824987826,True
4767,C1,accessible_vehicle,0.7639216824987826,True
4768,B1,ai_severe_prediction,0.7639216824987826,True
4768,C1,accessible_vehicle,0.7639216824987826,True
4769,B1,ai_severe_prediction,0.7639216824987826,True
4769,C1,accessible_vehicle,0.7639216824987826,True
4770,B1,ai_severe_prediction,0.7639216824987826,True
4770,C1,accessible_vehicle,0.7639216824987826,True
4771,B1,ai_severe_prediction,0.7639216824987826,True
4771,C1,accessible_vehicle,0.7639216824987826,True
4772,B1,ai_severe_prediction,0.7639216824987826,True
4772,C1,accessible_vehicle,0.7639216824987826,True
4773,B1,ai_severe_prediction,0.7639216824987826,True
4773,C1,accessible_vehicle,0.7639216824987826,True
4774,B1,ai_severe_prediction,0.7639216824987826,True
4774,C1,accessible_vehicle,0.7639216824987826,True
4775,B1,ai_severe_prediction,0.7639216824987826,True
4775,C1,accessible_vehicle,0.7639216824987826,True
4776,B1,ai_severe_prediction,0.7639216824987827,True
4776,C1,accessible_vehicle,0.7639216824987826,True
4777,B1,ai_severe_prediction,0.7639216824987826,True
4777,C1,accessible_vehicle,0.7639216824987826,True
4778,B1,ai_severe_prediction,0.7639216824987826,True
4778,C1,accessible_vehicle,0.7639216824987826,True
4779,B1,ai_severe_prediction,0.7639216824987826,True
4779,C1,accessible_vehicle,0.7639216824987826,True
4780,B1,ai_severe_prediction,0.7639216824987827,True
4780,C1,accessible_vehicle,0.7639216824987826,True
4781,B1,ai_severe_prediction,0.7639216824987826,True
4781,C1,accessible_vehicle,0.7639216824987827,True
4782,B1,ai_severe_prediction,0.7639216824987826,True
4782,C1,accessible_vehicle,0.7639216824987826,True
4783,B1,ai_severe_prediction,0.7639216824987826,True
4783,C1,accessible_vehicle,0.7639216824987826,True
4784,B1,ai_severe_prediction,0.7639216824987826,True
4784,C1,accessible_vehicle,0.7639216824987826,True
4785,B1,ai_severe_prediction,0.7639216824987826,True
4785,C1,accessible_vehicle,0.7639216824987826,True
4786,B1,ai_severe_prediction,0.7639216824987827,True
4786,C1,accessible_vehicle,0.7639216824987826,True
4787,B1,ai_severe_prediction,0.7639216824987826,True
4787,C1,accessible_vehicle,0.7639216824987826,True
4788,B1,ai_severe_prediction,0.7639216824987826,True
4788,C1,accessible_vehicle,0.7639216824987826,True
4789,B1,ai_severe_prediction,0.7639216824987826,True
4789,C1,accessible_vehicle,0.7639216824987826,True
4790,B1,ai_severe_prediction,0.7639216824987826,True
4790,C1,accessible_vehicle,0.7639216824987826,True
4791,B1,ai_severe_prediction,0.7639216824987827,True
4791,C1,accessible_vehicle,0.7639216824987826,True
4792,B1,ai_severe_prediction,0.7639216824987828,True
4792,C1,accessible_vehicle,0.7639216824987826,True
4793,B1,ai_severe_prediction,0.7639216824987826,True
4793,C1,accessible_vehicle,0.7639216824987826,True
4794,B1,ai_severe_prediction,0.7639216824987826,True
4794,C1,accessible_vehicle,0.7639216824987826,True
4795,B1,ai_severe_prediction,0.7639216824987826,True
4795,C1,accessible_vehicle,0.7639216824987826,True
4796,B1,ai_severe_prediction,0.7639216824987826,True
4796,C1,accessible_vehicle,0.7639216824987826,True
4797,B1,ai_severe_prediction,0.7639216824987826,True
4797,C1,accessible_vehicle,0.7639216824987826,True
4798,B1,ai_severe_prediction,0.7639216824987826,True
4798,C1,accessible_vehicle,0.7639216824987826,True
4799,B1,ai_severe_prediction,0.7639216824987826,True
4799,C1,accessible_vehicle,0.7639216824987826,True
4800,B1,ai_severe_prediction,0.7639216824987826,True
4800,C1,accessible_vehicle,0.7639216824987826,True
4801,B1,ai_severe_prediction,0.7639216824987826,True
4801,C1,accessible_vehicle,0.7639216824987826,True
4802,B1,ai_severe_prediction,0.7639216824987826,True
4802,C1,accessible_vehicle,0.7639216824987827,True
4803,B1,ai_severe_prediction,0.7639216824987826,True
4803,C1,accessible_vehicle,0.7639216824987826,True
4804,B1,ai_severe_prediction,0.7639216824987826,True
4804,C1,accessible_vehicle,0.7639216824987826,True
4805,B1,ai_severe_prediction,0.7639216824987826,True
4805,C1,accessible_vehicle,0.7639216824987826,True
4806,B1,ai_severe_prediction,0.7639216824987826,True
4806,C1,accessible_vehicle,0.7639216824987826,True
4807,B1,ai_severe_prediction,0.7639216824987826,True
4807,C1,accessible_vehicle,0.7639216824987826,True
4808,B1,ai_severe_prediction,0.7639216824987827,True
4808,C1,accessible_vehicle,0.7639216824987826,True
4809,B1,ai_severe_prediction,0.7639216824987826,True
4809,C1,accessible_vehicle,0.7639216824987826,True
4810,B1,ai_severe_prediction,0.7639216824987826,True
4810,C1,accessible_vehicle,0.7639216824987826,True
4811,B1,ai_severe_prediction,0.7639216824987827,True
4811,C1,accessible_vehicle,0.7639216824987826,True
4812,B1,ai_severe_prediction,0.7639216824987826,True
4812,C1,accessible_vehicle,0.7639216824987826,True
4813,B1,ai_severe_prediction,0.7639216824987826,True
4813,C1,accessible_vehicle,0.7639216824987826,True
4814,B1,ai_severe_prediction,0.7639216824987826,True
4814,C1,accessible_vehicle,0.7639216824987826,True
4815,B1,ai_severe_prediction,0.7639216824987826,True
4815,C1,accessible_vehicle,0.7639216824987826,True
4816,B1,ai_severe_prediction,0.7639216824987826,True
4816,C1,accessible_vehicle,0.7639216824987826,True
4817,B1,ai_severe_prediction,0.7639216824987826,True
4817,C1,accessible_vehicle,0.7639216824987826,True
4818,B1,ai_severe_prediction,0.7639216824987826,True
4818,C1,accessible_vehicle,0.7639216824987826,True
4819,B1,ai_severe_prediction,0.7639216824987826,True
4819,C1,accessible_vehicle,0.7639216824987826,True
4820,B1,ai_severe_prediction,0.7639216824987827,True
4820,C1,accessible_vehicle,0.7639216824987826,True
4821,B1,ai_severe_prediction,0.7639216824987826,True
4821,C1,accessible_vehicle,0.7639216824987826,True
4822,B1,ai_severe_prediction,0.7639216824987826,True
4822,C1,accessible_vehicle,0.7639216824987826,True
4823,B1,ai_severe_prediction,0.7639216824987826,True
4823,C1,accessible_vehicle,0.7639216824987826,True
4824,B1,ai_severe_prediction,0.7639216824987826,True
4824,C1,accessible_vehicle,0.7639216824987826,True
4825,B1,ai_severe_prediction,0.7639216824987826,True
4825,C1,accessible_vehicle,0.7639216824987826,True
4826,B1,ai_severe_prediction,0.7639216824987826,True
4826,C1,accessible_vehicle,0.7639216824987826,True
4827,B1,ai_severe_prediction,0.7639216824987826,True
4827,C1,accessible_vehicle,0.7639216824987826,True
4828,B1,ai_severe_prediction,0.7639216824987826,True
4828,C1,accessible_vehicle,0.7639216824987826,True
4829,B1,ai_severe_prediction,0.7639216824987826,True
4829,C1,accessible_vehicle,0.7639216824987826,True
4830,B1,ai_severe_prediction,0.7639216824987826,True
4830,C1,accessible_vehicle,0.7639216824987826,True
4831,B1,ai_severe_prediction,0.7639216824987826,True
4831,C1,accessible_vehicle,0.7639216824987826,True
4832,B1,ai_severe_prediction,0.7639216824987826,True
4832,C1,accessible_vehicle,0.7639216824987826,True
4833,B1,ai_severe_prediction,0.7639216824987826,True
4833,C1,accessible_vehicle,0.7639216824987826,True
4834,B1,ai_severe_prediction,0.7639216824987827,True
4834,C1,accessible_vehicle,0.7639216824987826,True
4835,B1,ai_severe_prediction,0.7639216824987826,True
4835,C1,accessible_vehicle,0.7639216824987826,True
4836,B1,ai_severe_prediction,0.7639216824987826,True
4836,C1,accessible_vehicle,0.7639216824987826,True
4837,B1,ai_severe_prediction,0.7639216824987826,True
4837,C1,accessible_vehicle,0.7639216824987826,True
4838,B1,ai_severe_prediction,0.7639216824987826,True
4838,C1,accessible_vehicle,0.7639216824987826,True
4839,B1,ai_severe_prediction,0.7639216824987826,True
4839,C1,accessible_vehicle,0.7639216824987826,True
4840,B1,ai_severe_prediction,0.7639216824987826,True
4840,C1,accessible_vehicle,0.7639216824987826,True
4841,B1,ai_severe_prediction,0.7639216824987827,True
4841,C1,accessible_vehicle,0.7639216824987826,True
4842,B1,ai_severe_prediction,0.7639216824987827,True
4842,C1,accessible_vehicle,0.7639216824987826,True
4843,B1,ai_severe_prediction,0.7639216824987826,True
4843,C1,accessible_vehicle,0.7639216824987826,True
4844,B1,ai_severe_prediction,0.7639216824987827,True
4844,C1,accessible_vehicle,0.7639216824987826,True
4845,B1,ai_severe_prediction,0.7639216824987828,True
4845,C1,accessible_vehicle,0.7639216824987826,True
4846,B1,ai_severe_prediction,0.7639216824987827,True
4846,C1,accessible_vehicle,0.7639216824987826,True
4847,B1,ai_severe_prediction,0.7639216824987826,True
4847,C1,accessible_vehicle,0.7639216824987826,True
4848,B1,ai_severe_prediction,0.7639216824987826,True
4848,C1,accessible_vehicle,0.7639216824987828,True
4849,B1,ai_severe_prediction,0.7639216824987826,True
4849,C1,accessible_vehicle,0.7639216824987826,True
4850,B1,ai_severe_prediction,0.7639216824987827,True
4850,C1,accessible_vehicle,0.7639216824987827,True
4851,B1,ai_severe_prediction,0.7639216824987827,True
4851,C1,accessible_vehicle,0.7639216824987827,True
4852,B1,ai_severe_prediction,0.7639216824987827,True
4852,C1,accessible_vehicle,0.7639216824987826,True
4853,B1,ai_severe_prediction,0.7639216824987826,True
4853,C1,accessible_vehicle,0.7639216824987826,True
4854,B1,ai_severe_prediction,0.7639216824987826,True
4854,C1,accessible_vehicle,0.7639216824987826,True
4855,B1,ai_severe_prediction,0.7639216824987826,True
4855,C1,accessible_vehicle,0.7639216824987826,True
4856,B1,ai_severe_prediction,0.7639216824987826,True
4856,C1,accessible_vehicle,0.7639216824987826,True
4857,B1,ai_severe_prediction,0.7639216824987827,True
4857,C1,accessible_vehicle,0.7639216824987826,True
4858,B1,ai_severe_prediction,0.7639216824987826,True
4858,C1,accessible_vehicle,0.7639216824987826,True
4859,B1,ai_severe_prediction,0.7639216824987826,True
4859,C1,accessible_vehicle,0.7639216824987827,True
4860,B1,ai_severe_prediction,0.7642727705931395,True
4860,C1,accessible_vehicle,0.7642727705931395,True
4861,B1,ai_severe_prediction,0.7642727705931395,True
4861,C1,accessible_vehicle,0.7642727705931397,True
4862,B1,ai_severe_prediction,0.7642727705931394,True
4862,C1,accessible_vehicle,0.7642727705931395,True
4863,B1,ai_severe_prediction,0.7642727705931395,True
4863,C1,accessible_vehicle,0.7642727705931395,True
4864,B1,ai_severe_prediction,0.7642727705931395,True
4864,C1,accessible_vehicle,0.7642727705931395,True
4865,B1,ai_severe_prediction,0.7642727705931395,True
4865,C1,accessible_vehicle,0.7642727705931395,True
4866,B1,ai_severe_prediction,0.7642727705931395,True
4866,C1,accessible_vehicle,0.7642727705931395,True
4867,B1,ai_severe_prediction,0.7642727705931395,True
4867,C1,accessible_vehicle,0.7642727705931395,True
4868,B1,ai_severe_prediction,0.7642727705931395,True
4868,C1,accessible_vehicle,0.7642727705931395,True
4869,B1,ai_severe_prediction,0.7642727705931395,True
4869,C1,accessible_vehicle,0.7642727705931395,True
4870,B1,ai_severe_prediction,0.7642727705931395,True
4870,C1,accessible_vehicle,0.7642727705931395,True
4871,B1,ai_severe_prediction,0.7642727705931395,True
4871,C1,accessible_vehicle,0.7642727705931395,True
4872,B1,ai_severe_prediction,0.7642727705931395,True
4872,C1,accessible_vehicle,0.7642727705931395,True
4873,B1,ai_severe_prediction,0.7642727705931395,True
4873,C1,accessible_vehicle,0.7642727705931395,True
4874,B1,ai_severe_prediction,0.7642727705931395,True
4874,C1,accessible_vehicle,0.7642727705931395,True
4875,B1,ai_severe_prediction,0.7642727705931395,True
4875,C1,accessible_vehicle,0.7642727705931395,True
4876,B1,ai_severe_prediction,0.7642727705931395,True
4876,C1,accessible_vehicle,0.7642727705931395,True
4877,B1,ai_severe_prediction,0.7642727705931395,True
4877,C1,accessible_vehicle,0.7642727705931395,True
4878,B1,ai_severe_prediction,0.7642727705931395,True
4878,C1,accessible_vehicle,0.7642727705931395,True
4879,B1,ai_severe_prediction,0.7642727705931395,True
4879,C1,accessible_vehicle,0.7642727705931395,True
4880,B1,ai_severe_prediction,0.7642727705931395,True
4880,C1,accessible_vehicle,0.7642727705931395,True
4881,B1,ai_severe_prediction,0.7642727705931395,True
4881,C1,accessible_vehicle,0.7642727705931395,True
4882,B1,ai_severe_prediction,0.7642727705931395,True
4882,C1,accessible_vehicle,0.7642727705931395,True
4883,B1,ai_severe_prediction,0.7642727705931395,True
4883,C1,accessible_vehicle,0.7642727705931395,True
4884,B1,ai_severe_prediction,0.7642727705931395,True
4884,C1,accessible_vehicle,0.7642727705931395,True
4885,B1,ai_severe_prediction,0.7642727705931397,True
4885,C1,accessible_vehicle,0.7642727705931395,True
4886,B1,ai_severe_prediction,0.7642727705931395,True
4886,C1,accessible_vehicle,0.7642727705931395,True
4887,B1,ai_severe_prediction,0.7642727705931395,True
4887,C1,accessible_vehicle,0.7642727705931395,True
4888,B1,ai_severe_prediction,0.7642727705931395,True
4888,C1,accessible_vehicle,0.7642727705931395,True
4889,B1,ai_severe_prediction,0.7642727705931395,True
4889,C1,accessible_vehicle,0.7642727705931395,True
4890,B1,ai_severe_prediction,0.7642727705931395,True
4890,C1,accessible_vehicle,0.7642727705931395,True
4891,B1,ai_severe_prediction,0.7642727705931395,True
4891,C1,accessible_vehicle,0.7642727705931395,True
4892,B1,ai_severe_prediction,0.7642727705931395,True
4892,C1,accessible_vehicle,0.7642727705931395,True
4893,B1,ai_severe_prediction,0.7642727705931395,True
4893,C1,accessible_vehicle,0.7642727705931395,True
4894,B1,ai_severe_prediction,0.7642727705931395,True
4894,C1,accessible_vehicle,0.7642727705931395,True
4895,B1,ai_severe_prediction,0.7642727705931397,True
4895,C1,accessible_vehicle,0.7642727705931395,True
4896,B1,ai_severe_prediction,0.7642727705931395,True
4896,C1,accessible_vehicle,0.7642727705931395,True
4897,B1,ai_severe_prediction,0.7642727705931395,True
4897,C1,accessible_vehicle,0.7642727705931395,True
4898,B1,ai_severe_prediction,0.7642727705931395,True
4898,C1,accessible_vehicle,0.7642727705931395,True
4899,B1,ai_severe_prediction,0.7642727705931395,True
4899,C1,accessible_vehicle,0.7642727705931395,True
4900,B1,ai_severe_prediction,0.7642727705931395,True
4900,C1,accessible_vehicle,0.7642727705931395,True
4901,B1,ai_severe_prediction,0.7642727705931395,True
4901,C1,accessible_vehicle,0.7642727705931395,True
4902,B1,ai_severe_prediction,0.7642727705931395,True
4902,C1,accessible_vehicle,0.7642727705931395,True
4903,B1,ai_severe_prediction,0.7642727705931395,True
4903,C1,accessible_vehicle,0.7642727705931395,True
4904,B1,ai_severe_prediction,0.7642727705931395,True
4904,C1,accessible_vehicle,0.7642727705931395,True
4905,B1,ai_severe_prediction,0.7642727705931395,True
4905,C1,accessible_vehicle,0.7642727705931395,True
4906,B1,ai_severe_prediction,0.7642727705931395,True
4906,C1,accessible_vehicle,0.7642727705931395,True
4907,B1,ai_severe_prediction,0.7642727705931395,True
4907,C1,accessible_vehicle,0.7642727705931395,True
4908,B1,ai_severe_prediction,0.7642727705931395,True
4908,C1,accessible_vehicle,0.7642727705931395,True
4909,B1,ai_severe_prediction,0.7642727705931395,True
4909,C1,accessible_vehicle,0.7642727705931395,True
4910,B1,ai_severe_prediction,0.7642727705931395,True
4910,C1,accessible_vehicle,0.7642727705931395,True
4911,B1,ai_severe_prediction,0.7642727705931395,True
4911,C1,accessible_vehicle,0.7642727705931395,True
4912,B1,ai_severe_prediction,0.7642727705931395,True
4912,C1,accessible_vehicle,0.7642727705931395,True
4913,B1,ai_severe_prediction,0.7642727705931395,True
4913,C1,accessible_vehicle,0.7642727705931395,True
4914,B1,ai_severe_prediction,0.7642727705931395,True
4914,C1,accessible_vehicle,0.7642727705931395,True
4915,B1,ai_severe_prediction,0.7642727705931395,True
4915,C1,accessible_vehicle,0.7642727705931395,True
4916,B1,ai_severe_prediction,0.7642727705931395,True
4916,C1,accessible_vehicle,0.7642727705931395,True
4917,B1,ai_severe_prediction,0.7642727705931395,True
4917,C1,accessible_vehicle,0.7642727705931395,True
4918,B1,ai_severe_prediction,0.7642727705931395,True
4918,C1,accessible_vehicle,0.7642727705931395,True
4919,B1,ai_severe_prediction,0.7642727705931397,True
4919,C1,accessible_vehicle,0.7642727705931395,True
4920,B1,ai_severe_prediction,0.7642727705931395,True
4920,C1,accessible_vehicle,0.7642727705931395,True
4921,B1,ai_severe_prediction,0.7642727705931395,True
4921,C1,accessible_vehicle,0.7642727705931395,True
4922,B1,ai_severe_prediction,0.7642727705931397,True
4922,C1,accessible_vehicle,0.7642727705931395,True
4923,B1,ai_severe_prediction,0.7642727705931395,True
4923,C1,accessible_vehicle,0.7642727705931395,True
4924,B1,ai_severe_prediction,0.7642727705931395,True
4924,C1,accessible_vehicle,0.7642727705931395,True
4925,B1,ai_severe_prediction,0.7642727705931397,True
4925,C1,accessible_vehicle,0.7642727705931395,True
4926,B1,ai_severe_prediction,0.7642727705931395,True
4926,C1,accessible_vehicle,0.7642727705931395,True
4927,B1,ai_severe_prediction,0.7642727705931395,True
4927,C1,accessible_vehicle,0.7642727705931395,True
4928,B1,ai_severe_prediction,0.7642727705931395,True
4928,C1,accessible_vehicle,0.7642727705931395,True
4929,B1,ai_severe_prediction,0.7642727705931395,True
4929,C1,accessible_vehicle,0.7642727705931395,True
4930,B1,ai_severe_prediction,0.7642727705931395,True
4930,C1,accessible_vehicle,0.7642727705931395,True
4931,B1,ai_severe_prediction,0.7642727705931395,True
4931,C1,accessible_vehicle,0.7642727705931395,True
4932,B1,ai_severe_prediction,0.7642727705931398,True
4932,C1,accessible_vehicle,0.7642727705931395,True
4933,B1,ai_severe_prediction,0.7642727705931395,True
4933,C1,accessible_vehicle,0.7642727705931395,True
4934,B1,ai_severe_prediction,0.7642727705931395,True
4934,C1,accessible_vehicle,0.7642727705931395,True
4935,B1,ai_severe_prediction,0.7642727705931395,True
4935,C1,accessible_vehicle,0.7642727705931395,True
4936,B1,ai_severe_prediction,0.7642727705931395,True
4936,C1,accessible_vehicle,0.7642727705931395,True
4937,B1,ai_severe_prediction,0.7642727705931395,True
4937,C1,accessible_vehicle,0.7642727705931395,True
4938,B1,ai_severe_prediction,0.7642727705931395,True
4938,C1,accessible_vehicle,0.7642727705931395,True
4939,B1,ai_severe_prediction,0.7642727705931395,True
4939,C1,accessible_vehicle,0.7642727705931395,True
4940,B1,ai_severe_prediction,0.7642727705931397,True
4940,C1,accessible_vehicle,0.7642727705931395,True
4941,B1,ai_severe_prediction,0.7642727705931395,True
4941,C1,accessible_vehicle,0.7642727705931395,True
4942,B1,ai_severe_prediction,0.7642727705931395,True
4942,C1,accessible_vehicle,0.7642727705931395,True
4943,B1,ai_severe_prediction,0.7642727705931395,True
4943,C1,accessible_vehicle,0.7642727705931395,True
4944,B1,ai_severe_prediction,0.7642727705931395,True
4944,C1,accessible_vehicle,0.7642727705931395,True
4945,B1,ai_severe_prediction,0.7642727705931395,True
4945,C1,accessible_vehicle,0.7642727705931395,True
4946,B1,ai_severe_prediction,0.7642727705931395,True
4946,C1,accessible_vehicle,0.7642727705931395,True
4947,B1,ai_severe_prediction,0.7642727705931395,True
4947,C1,accessible_vehicle,0.7642727705931395,True
4948,B1,ai_severe_prediction,0.7642727705931395,True
4948,C1,accessible_vehicle,0.7642727705931395,True
4949,B1,ai_severe_prediction,0.7642727705931395,True
4949,C1,accessible_vehicle,0.7642727705931395,True
4950,B1,ai_severe_prediction,0.7642727705931395,True
4950,C1,accessible_vehicle,0.7642727705931395,True
4951,B1,ai_severe_prediction,0.7642727705931395,True
4951,C1,accessible_vehicle,0.7642727705931395,True
4952,B1,ai_severe_prediction,0.7642727705931395,True
4952,C1,accessible_vehicle,0.7642727705931395,True
4953,B1,ai_severe_prediction,0.7642727705931395,True
4953,C1,accessible_vehicle,0.7642727705931395,True
4954,B1,ai_severe_prediction,0.7642727705931395,True
4954,C1,accessible_vehicle,0.7642727705931395,True
4955,B1,ai_severe_prediction,0.7642727705931395,True
4955,C1,accessible_vehicle,0.7642727705931395,True
4956,B1,ai_severe_prediction,0.7642727705931395,True
4956,C1,accessible_vehicle,0.7642727705931395,True
4957,B1,ai_severe_prediction,0.7642727705931395,True
4957,C1,accessible_vehicle,0.7642727705931395,True
4958,B1,ai_severe_prediction,0.7642727705931395,True
4958,C1,accessible_vehicle,0.7642727705931395,True
4959,B1,ai_severe_prediction,0.7642727705931395,True
4959,C1,accessible_vehicle,0.7642727705931395,True
4960,B1,ai_severe_prediction,0.7642727705931395,True
4960,C1,accessible_vehicle,0.7642727705931395,True
4961,B1,ai_severe_prediction,0.7642727705931395,True
4961,C1,accessible_vehicle,0.7642727705931395,True
4962,B1,ai_severe_prediction,0.7642727705931395,True
4962,C1,accessible_vehicle,0.7642727705931395,True
4963,B1,ai_severe_prediction,0.7642727705931395,True
4963,C1,accessible_vehicle,0.7642727705931395,True
4964,B1,ai_severe_prediction,0.7642727705931395,True
4964,C1,accessible_vehicle,0.7642727705931395,True
4965,B1,ai_severe_prediction,0.7642727705931395,True
4965,C1,accessible_vehicle,0.7642727705931395,True
4966,B1,ai_severe_prediction,0.7642727705931395,True
4966,C1,accessible_vehicle,0.7642727705931395,True
4967,B1,ai_severe_prediction,0.7642727705931395,True
4967,C1,accessible_vehicle,0.7642727705931395,True
4968,B1,ai_severe_prediction,0.7642727705931395,True
4968,C1,accessible_vehicle,0.7642727705931395,True
4969,B1,ai_severe_prediction,0.7642727705931395,True
4969,C1,accessible_vehicle,0.7642727705931395,True
4970,B1,ai_severe_prediction,0.7642727705931395,True
4970,C1,accessible_vehicle,0.7642727705931395,True
4971,B1,ai_severe_prediction,0.7642727705931395,True
4971,C1,accessible_vehicle,0.7642727705931395,True
4972,B1,ai_severe_prediction,0.7642727705931395,True
4972,C1,accessible_vehicle,0.7642727705931395,True
4973,B1,ai_severe_prediction,0.7642727705931395,True
4973,C1,accessible_vehicle,0.7642727705931395,True
4974,B1,ai_severe_prediction,0.7642727705931395,True
4974,C1,accessible_vehicle,0.7642727705931395,True
4975,B1,ai_severe_prediction,0.7642727705931395,True
4975,C1,accessible_vehicle,0.7642727705931395,True
4976,B1,ai_severe_prediction,0.7642727705931395,True
4976,C1,accessible_vehicle,0.7642727705931395,True
4977,B1,ai_severe_prediction,0.7642727705931395,True
4977,C1,accessible_vehicle,0.7642727705931395,True
4978,B1,ai_severe_prediction,0.7642727705931395,True
4978,C1,accessible_vehicle,0.7642727705931395,True
4979,B1,ai_severe_prediction,0.7642727705931395,True
4979,C1,accessible_vehicle,0.7642727705931395,True
4980,B1,ai_severe_prediction,0.7650165102011708,True
4980,C1,accessible_vehicle,0.7650165102011708,True
4981,B1,ai_severe_prediction,0.7650165102011708,True
4981,C1,accessible_vehicle,0.7650165102011708,True
4982,B1,ai_severe_prediction,0.7650165102011708,True
4982,C1,accessible_vehicle,0.7650165102011708,True
4983,B1,ai_severe_prediction,0.7650165102011708,True
4983,C1,accessible_vehicle,0.7650165102011708,True
4984,B1,ai_severe_prediction,0.7650165102011708,True
4984,C1,accessible_vehicle,0.7650165102011708,True
4985,B1,ai_severe_prediction,0.7650165102011708,True
4985,C1,accessible_vehicle,0.7650165102011708,True
4986,B1,ai_severe_prediction,0.7650165102011708,True
4986,C1,accessible_vehicle,0.7650165102011708,True
4987,B1,ai_severe_prediction,0.7650165102011708,True
4987,C1,accessible_vehicle,0.7650165102011708,True
4988,B1,ai_severe_prediction,0.7650165102011708,True
4988,C1,accessible_vehicle,0.7650165102011708,True
4989,B1,ai_severe_prediction,0.7650165102011708,True
4989,C1,accessible_vehicle,0.7650165102011708,True
4990,B1,ai_severe_prediction,0.7650165102011708,True
4990,C1,accessible_vehicle,0.7650165102011708,True
4991,B1,ai_severe_prediction,0.7650165102011709,True
4991,C1,accessible_vehicle,0.7650165102011708,True
4992,B1,ai_severe_prediction,0.7650165102011708,True
4992,C1,accessible_vehicle,0.7650165102011708,True
4993,B1,ai_severe_prediction,0.7650165102011708,True
4993,C1,accessible_vehicle,0.7650165102011708,True
4994,B1,ai_severe_prediction,0.7650165102011708,True
4994,C1,accessible_vehicle,0.7650165102011708,True
4995,B1,ai_severe_prediction,0.7650165102011708,True
4995,C1,accessible_vehicle,0.7650165102011708,True
4996,B1,ai_severe_prediction,0.7650165102011708,True
4996,C1,accessible_vehicle,0.7650165102011708,True
4997,B1,ai_severe_prediction,0.7650165102011708,True
4997,C1,accessible_vehicle,0.7650165102011708,True
4998,B1,ai_severe_prediction,0.7650165102011708,True
4998,C1,accessible_vehicle,0.7650165102011708,True
4999,B1,ai_severe_prediction,0.7650165102011708,True
4999,C1,accessible_vehicle,0.7650165102011708,True
5000,B1,ai_severe_prediction,0.7650165102011708,True
5000,C1,accessible_vehicle,0.7650165102011708,True
5001,B1,ai_severe_prediction,0.7650165102011708,True
5001,C1,accessible_vehicle,0.7650165102011708,True
5002,B1,ai_severe_prediction,0.7650165102011708,True
5002,C1,accessible_vehicle,0.7650165102011708,True
5003,B1,ai_severe_prediction,0.7650165102011708,True
5003,C1,accessible_vehicle,0.7650165102011708,True
5004,B1,ai_severe_prediction,0.7650165102011708,True
5004,C1,accessible_vehicle,0.7650165102011708,True
5005,B1,ai_severe_prediction,0.7650165102011708,True
5005,C1,accessible_vehicle,0.7650165102011708,True
5006,B1,ai_severe_prediction,0.7650165102011708,True
5006,C1,accessible_vehicle,0.7650165102011708,True
5007,B1,ai_severe_prediction,0.7650165102011708,True
5007,C1,accessible_vehicle,0.7650165102011708,True
5008,B1,ai_severe_prediction,0.7650165102011708,True
5008,C1,accessible_vehicle,0.7650165102011708,True
5009,B1,ai_severe_prediction,0.7650165102011708,True
5009,C1,accessible_vehicle,0.7650165102011708,True
5010,B1,ai_severe_prediction,0.7650165102011708,True
5010,C1,accessible_vehicle,0.7650165102011708,True
5011,B1,ai_severe_prediction,0.7650165102011708,True
5011,C1,accessible_vehicle,0.7650165102011708,True
5012,B1,ai_severe_prediction,0.7650165102011708,True
5012,C1,accessible_vehicle,0.7650165102011708,True
5013,B1,ai_severe_prediction,0.7650165102011708,True
5013,C1,accessible_vehicle,0.7650165102011708,True
5014,B1,ai_severe_prediction,0.7650165102011708,True
5014,C1,accessible_vehicle,0.7650165102011708,True
5015,B1,ai_severe_prediction,0.7650165102011708,True
5015,C1,accessible_vehicle,0.7650165102011708,True
5016,B1,ai_severe_prediction,0.7650165102011708,True
5016,C1,accessible_vehicle,0.7650165102011708,True
5017,B1,ai_severe_prediction,0.7650165102011708,True
5017,C1,accessible_vehicle,0.7650165102011708,True
5018,B1,ai_severe_prediction,0.7650165102011708,True
5018,C1,accessible_vehicle,0.7650165102011708,True
5019,B1,ai_severe_prediction,0.7650165102011708,True
5019,C1,accessible_vehicle,0.7650165102011708,True
5020,B1,ai_severe_prediction,0.7650165102011708,True
5020,C1,accessible_vehicle,0.7650165102011708,True
5021,B1,ai_severe_prediction,0.7650165102011708,True
5021,C1,accessible_vehicle,0.7650165102011708,True
5022,B1,ai_severe_prediction,0.7650165102011708,True
5022,C1,accessible_vehicle,0.7650165102011708,True
5023,B1,ai_severe_prediction,0.7650165102011708,True
5023,C1,accessible_vehicle,0.7650165102011708,True
5024,B1,ai_severe_prediction,0.7650165102011708,True
5024,C1,accessible_vehicle,0.7650165102011708,True
5025,B1,ai_severe_prediction,0.7650165102011708,True
5025,C1,accessible_vehicle,0.7650165102011708,True
5026,B1,ai_severe_prediction,0.7650165102011708,True
5026,C1,accessible_vehicle,0.7650165102011708,True
5027,B1,ai_severe_prediction,0.7650165102011708,True
5027,C1,accessible_vehicle,0.7650165102011708,True
5028,B1,ai_severe_prediction,0.7650165102011708,True
5028,C1,accessible_vehicle,0.7650165102011708,True
5029,B1,ai_severe_prediction,0.7650165102011708,True
5029,C1,accessible_vehicle,0.7650165102011708,True
5030,B1,ai_severe_prediction,0.7650165102011708,True
5030,C1,accessible_vehicle,0.7650165102011708,True
5031,B1,ai_severe_prediction,0.7650165102011708,True
5031,C1,accessible_vehicle,0.7650165102011708,True
5032,B1,ai_severe_prediction,0.7650165102011708,True
5032,C1,accessible_vehicle,0.7650165102011708,True
5033,B1,ai_severe_prediction,0.7650165102011708,True
5033,C1,accessible_vehicle,0.7650165102011708,True
5034,B1,ai_severe_prediction,0.7650165102011708,True
5034,C1,accessible_vehicle,0.7650165102011708,True
5035,B1,ai_severe_prediction,0.7650165102011708,True
5035,C1,accessible_vehicle,0.7650165102011709,True
5036,B1,ai_severe_prediction,0.7650165102011708,True
5036,C1,accessible_vehicle,0.7650165102011708,True
5037,B1,ai_severe_prediction,0.7650165102011708,True
5037,C1,accessible_vehicle,0.7650165102011708,True
5038,B1,ai_severe_prediction,0.7650165102011708,True
5038,C1,accessible_vehicle,0.7650165102011708,True
5039,B1,ai_severe_prediction,0.7650165102011708,True
5039,C1,accessible_vehicle,0.7650165102011708,True
5040,B1,ai_severe_prediction,0.7650165102011708,True
5040,C1,accessible_vehicle,0.7650165102011708,True
5041,B1,ai_severe_prediction,0.7650165102011708,True
5041,C1,accessible_vehicle,0.7650165102011708,True
5042,B1,ai_severe_prediction,0.7650165102011708,True
5042,C1,accessible_vehicle,0.7650165102011708,True
5043,B1,ai_severe_prediction,0.7650165102011708,True
5043,C1,accessible_vehicle,0.7650165102011708,True
5044,B1,ai_severe_prediction,0.7650165102011708,True
5044,C1,accessible_vehicle,0.7650165102011708,True
5045,B1,ai_severe_prediction,0.7650165102011708,True
5045,C1,accessible_vehicle,0.7650165102011708,True
5046,B1,ai_severe_prediction,0.7650165102011708,True
5046,C1,accessible_vehicle,0.7650165102011708,True
5047,B1,ai_severe_prediction,0.7650165102011708,True
5047,C1,accessible_vehicle,0.7650165102011708,True
5048,B1,ai_severe_prediction,0.7650165102011708,True
5048,C1,accessible_vehicle,0.7650165102011708,True
5049,B1,ai_severe_prediction,0.7650165102011708,True
5049,C1,accessible_vehicle,0.7650165102011708,True
5050,B1,ai_severe_prediction,0.7650165102011708,True
5050,C1,accessible_vehicle,0.7650165102011708,True
5051,B1,ai_severe_prediction,0.7650165102011709,True
5051,C1,accessible_vehicle,0.7650165102011708,True
5052,B1,ai_severe_prediction,0.7650165102011709,True
5052,C1,accessible_vehicle,0.7650165102011708,True
5053,B1,ai_severe_prediction,0.7650165102011709,True
5053,C1,accessible_vehicle,0.7650165102011708,True
5054,B1,ai_severe_prediction,0.7650165102011708,True
5054,C1,accessible_vehicle,0.7650165102011708,True
5055,B1,ai_severe_prediction,0.7650165102011708,True
5055,C1,accessible_vehicle,0.7650165102011708,True
5056,B1,ai_severe_prediction,0.7650165102011708,True
5056,C1,accessible_vehicle,0.7650165102011708,True
5057,B1,ai_severe_prediction,0.7650165102011708,True
5057,C1,accessible_vehicle,0.7650165102011708,True
5058,B1,ai_severe_prediction,0.7650165102011708,True
5058,C1,accessible_vehicle,0.7650165102011708,True
5059,B1,ai_severe_prediction,0.7650165102011708,True
5059,C1,accessible_vehicle,0.7650165102011708,True
5060,B1,ai_severe_prediction,0.7650165102011709,True
5060,C1,accessible_vehicle,0.7650165102011707,True
5061,B1,ai_severe_prediction,0.7650165102011708,True
5061,C1,accessible_vehicle,0.7650165102011708,True
5062,B1,ai_severe_prediction,0.7650165102011708,True
5062,C1,accessible_vehicle,0.7650165102011708,True
5063,B1,ai_severe_prediction,0.7650165102011708,True
5063,C1,accessible_vehicle,0.7650165102011708,True
5064,B1,ai_severe_prediction,0.7650165102011708,True
5064,C1,accessible_vehicle,0.7650165102011708,True
5065,B1,ai_severe_prediction,0.7650165102011708,True
5065,C1,accessible_vehicle,0.7650165102011708,True
5066,B1,ai_severe_prediction,0.7650165102011708,True
5066,C1,accessible_vehicle,0.7650165102011708,True
5067,B1,ai_severe_prediction,0.7650165102011708,True
5067,C1,accessible_vehicle,0.7650165102011708,True
5068,B1,ai_severe_prediction,0.7650165102011708,True
5068,C1,accessible_vehicle,0.7650165102011708,True
5069,B1,ai_severe_prediction,0.7650165102011708,True
5069,C1,accessible_vehicle,0.7650165102011708,True
5070,B1,ai_severe_prediction,0.7650165102011708,True
5070,C1,accessible_vehicle,0.7650165102011708,True
5071,B1,ai_severe_prediction,0.7650165102011708,True
5071,C1,accessible_vehicle,0.7650165102011708,True
5072,B1,ai_severe_prediction,0.7650165102011708,True
5072,C1,accessible_vehicle,0.7650165102011708,True
5073,B1,ai_severe_prediction,0.7650165102011708,True
5073,C1,accessible_vehicle,0.7650165102011708,True
5074,B1,ai_severe_prediction,0.7650165102011708,True
5074,C1,accessible_vehicle,0.7650165102011708,True
5075,B1,ai_severe_prediction,0.7650165102011708,True
5075,C1,accessible_vehicle,0.7650165102011708,True
5076,B1,ai_severe_prediction,0.7650165102011708,True
5076,C1,accessible_vehicle,0.7650165102011708,True
5077,B1,ai_severe_prediction,0.7650165102011708,True
5077,C1,accessible_vehicle,0.7650165102011708,True
5078,B1,ai_severe_prediction,0.7650165102011708,True
5078,C1,accessible_vehicle,0.7650165102011708,True
5079,B1,ai_severe_prediction,0.7650165102011708,True
5079,C1,accessible_vehicle,0.7650165102011708,True
5080,B1,ai_severe_prediction,0.7650165102011708,True
5080,C1,accessible_vehicle,0.7650165102011708,True
5081,B1,ai_severe_prediction,0.7650165102011708,True
5081,C1,accessible_vehicle,0.7650165102011708,True
5082,B1,ai_severe_prediction,0.7650165102011708,True
5082,C1,accessible_vehicle,0.7650165102011708,True
5083,B1,ai_severe_prediction,0.7650165102011708,True
5083,C1,accessible_vehicle,0.7650165102011708,True
5084,B1,ai_severe_prediction,0.7650165102011708,True
5084,C1,accessible_vehicle,0.7650165102011708,True
5085,B1,ai_severe_prediction,0.7650165102011708,True
5085,C1,accessible_vehicle,0.7650165102011708,True
5086,B1,ai_severe_prediction,0.7650165102011708,True
5086,C1,accessible_vehicle,0.7650165102011708,True
5087,B1,ai_severe_prediction,0.7650165102011708,True
5087,C1,accessible_vehicle,0.7650165102011708,True
5088,B1,ai_severe_prediction,0.7650165102011708,True
5088,C1,accessible_vehicle,0.7650165102011708,True
5089,B1,ai_severe_prediction,0.7650165102011708,True
5089,C1,accessible_vehicle,0.7650165102011708,True
5090,B1,ai_severe_prediction,0.7650165102011708,True
5090,C1,accessible_vehicle,0.7650165102011708,True
5091,B1,ai_severe_prediction,0.7650165102011708,True
5091,C1,accessible_vehicle,0.7650165102011707,True
5092,B1,ai_severe_prediction,0.7650165102011708,True
5092,C1,accessible_vehicle,0.7650165102011708,True
5093,B1,ai_severe_prediction,0.7650165102011708,True
5093,C1,accessible_vehicle,0.7650165102011708,True
5094,B1,ai_severe_prediction,0.7650165102011708,True
5094,C1,accessible_vehicle,0.7650165102011708,True
5095,B1,ai_severe_prediction,0.7650165102011708,True
5095,C1,accessible_vehicle,0.7650165102011707,True
5096,B1,ai_severe_prediction,0.7650165102011707,True
5096,C1,accessible_vehicle,0.7650165102011708,True
5097,B1,ai_severe_prediction,0.7650165102011708,True
5097,C1,accessible_vehicle,0.7650165102011708,True
5098,B1,ai_severe_prediction,0.7650165102011708,True
5098,C1,accessible_vehicle,0.7650165102011708,True
5099,B1,ai_severe_prediction,0.7650165102011707,True
5099,C1,accessible_vehicle,0.7650165102011708,True
5100,B1,ai_severe_prediction,0.7650165102011708,True
5100,C1,accessible_vehicle,0.7650165102011708,True
5101,B1,ai_severe_prediction,0.7650165102011708,True
5101,C1,accessible_vehicle,0.7650165102011708,True
5102,B1,ai_severe_prediction,0.7650165102011708,True
5102,C1,accessible_vehicle,0.7650165102011708,True
5103,B1,ai_severe_prediction,0.7650165102011708,True
5103,C1,accessible_vehicle,0.7650165102011708,True
5104,B1,ai_severe_prediction,0.7650165102011708,True
5104,C1,accessible_vehicle,0.7650165102011708,True
5105,B1,ai_severe_prediction,0.7650165102011708,True
5105,C1,accessible_vehicle,0.7650165102011708,True
5106,B1,ai_severe_prediction,0.7650165102011708,True
5106,C1,accessible_vehicle,0.7650165102011708,True
5107,B1,ai_severe_prediction,0.7650165102011708,True
5107,C1,accessible_vehicle,0.7650165102011708,True
5108,B1,ai_severe_prediction,0.7650165102011708,True
5108,C1,accessible_vehicle,0.7650165102011708,True
5109,B1,ai_severe_prediction,0.7650165102011708,True
5109,C1,accessible_vehicle,0.7650165102011708,True
5110,B1,ai_severe_prediction,0.7650165102011708,True
5110,C1,accessible_vehicle,0.7650165102011708,True
5111,B1,ai_severe_prediction,0.7650165102011708,True
5111,C1,accessible_vehicle,0.7650165102011708,True
5112,B1,ai_severe_prediction,0.7650165102011708,True
5112,C1,accessible_vehicle,0.7650165102011708,True
5113,B1,ai_severe_prediction,0.7650165102011708,True
5113,C1,accessible_vehicle,0.7650165102011709,True
5114,B1,ai_severe_prediction,0.7650165102011708,True
5114,C1,accessible_vehicle,0.7650165102011708,True
5115,B1,ai_severe_prediction,0.7650165102011708,True
5115,C1,accessible_vehicle,0.7650165102011708,True
5116,B1,ai_severe_prediction,0.7650165102011708,True
5116,C1,accessible_vehicle,0.7650165102011708,True
5117,B1,ai_severe_prediction,0.7650165102011708,True
5117,C1,accessible_vehicle,0.7650165102011708,True
5118,B1,ai_severe_prediction,0.7650165102011708,True
5118,C1,accessible_vehicle,0.7650165102011708,True
5119,B1,ai_severe_prediction,0.7650165102011708,True
5119,C1,accessible_vehicle,0.7650165102011709,True
5120,B1,ai_severe_prediction,0.7650165102011708,True
5120,C1,accessible_vehicle,0.7650165102011708,True
5121,B1,ai_severe_prediction,0.7650165102011708,True
5121,C1,accessible_vehicle,0.7650165102011708,True
5122,B1,ai_severe_prediction,0.7650165102011708,True
5122,C1,accessible_vehicle,0.7650165102011708,True
5123,B1,ai_severe_prediction,0.7650165102011708,True
5123,C1,accessible_vehicle,0.7650165102011708,True
5124,B1,ai_severe_prediction,0.7650165102011708,True
5124,C1,accessible_vehicle,0.7650165102011708,True
5125,B1,ai_severe_prediction,0.7650165102011708,True
5125,C1,accessible_vehicle,0.7650165102011708,True
5126,B1,ai_severe_prediction,0.7650165102011708,True
5126,C1,accessible_vehicle,0.7650165102011708,True
5127,B1,ai_severe_prediction,0.7650165102011708,True
5127,C1,accessible_vehicle,0.7650165102011709,True
5128,B1,ai_severe_prediction,0.7650165102011708,True
5128,C1,accessible_vehicle,0.7650165102011708,True
5129,B1,ai_severe_prediction,0.7650165102011708,True
5129,C1,accessible_vehicle,0.7650165102011708,True
5130,B1,ai_severe_prediction,0.7650165102011708,True
5130,C1,accessible_vehicle,0.7650165102011708,True
5131,B1,ai_severe_prediction,0.7650165102011708,True
5131,C1,accessible_vehicle,0.7650165102011708,True
5132,B1,ai_severe_prediction,0.7650165102011708,True
5132,C1,accessible_vehicle,0.7650165102011708,True
5133,B1,ai_severe_prediction,0.7650165102011708,True
5133,C1,accessible_vehicle,0.7650165102011708,True
5134,B1,ai_severe_prediction,0.7650165102011708,True
5134,C1,accessible_vehicle,0.7650165102011708,True
5135,B1,ai_severe_prediction,0.7650165102011708,True
5135,C1,accessible_vehicle,0.7650165102011708,True
5136,B1,ai_severe_prediction,0.7650165102011708,True
5136,C1,accessible_vehicle,0.7650165102011708,True
5137,B1,ai_severe_prediction,0.7650165102011708,True
5137,C1,accessible_vehicle,0.7650165102011708,True
5138,B1,ai_severe_prediction,0.7650165102011708,True
5138,C1,accessible_vehicle,0.7650165102011708,True
5139,B1,ai_severe_prediction,0.7650165102011708,True
5139,C1,accessible_vehicle,0.7650165102011708,True
5140,B1,ai_severe_prediction,0.7650165102011709,True
5140,C1,accessible_vehicle,0.7650165102011708,True
5141,B1,ai_severe_prediction,0.7650165102011708,True
5141,C1,accessible_vehicle,0.7650165102011709,True
5142,B1,ai_severe_prediction,0.7650165102011708,True
5142,C1,accessible_vehicle,0.7650165102011708,True
5143,B1,ai_severe_prediction,0.7650165102011708,True
5143,C1,accessible_vehicle,0.7650165102011708,True
5144,B1,ai_severe_prediction,0.7650165102011708,True
5144,C1,accessible_vehicle,0.7650165102011708,True
5145,B1,ai_severe_prediction,0.7650165102011708,True
5145,C1,accessible_vehicle,0.7650165102011708,True
5146,B1,ai_severe_prediction,0.7650165102011708,True
5146,C1,accessible_vehicle,0.7650165102011708,True
5147,B1,ai_severe_prediction,0.7650165102011708,True
5147,C1,accessible_vehicle,0.7650165102011708,True
5148,B1,ai_severe_prediction,0.7650165102011708,True
5148,C1,accessible_vehicle,0.7650165102011708,True
5149,B1,ai_severe_prediction,0.7650165102011708,True
5149,C1,accessible_vehicle,0.7650165102011708,True
5150,B1,ai_severe_prediction,0.7650165102011708,True
5150,C1,accessible_vehicle,0.7650165102011708,True
5151,B1,ai_severe_prediction,0.7650165102011708,True
5151,C1,accessible_vehicle,0.7650165102011708,True
5152,B1,ai_severe_prediction,0.7650165102011708,True
5152,C1,accessible_vehicle,0.7650165102011708,True
5153,B1,ai_severe_prediction,0.7650165102011708,True
5153,C1,accessible_vehicle,0.7650165102011708,True
5154,B1,ai_severe_prediction,0.7650165102011708,True
5154,C1,accessible_vehicle,0.7650165102011708,True
5155,B1,ai_severe_prediction,0.7650165102011708,True
5155,C1,accessible_vehicle,0.7650165102011708,True
5156,B1,ai_severe_prediction,0.7650165102011709,True
5156,C1,accessible_vehicle,0.7650165102011708,True
5157,B1,ai_severe_prediction,0.7650165102011708,True
5157,C1,accessible_vehicle,0.7650165102011708,True
5158,B1,ai_severe_prediction,0.7650165102011708,True
5158,C1,accessible_vehicle,0.7650165102011708,True
5159,B1,ai_severe_prediction,0.7650165102011708,True
5159,C1,accessible_vehicle,0.7650165102011708,True
5160,B1,ai_severe_prediction,0.7650165102011709,True
5160,C1,accessible_vehicle,0.7650165102011708,True
5161,B1,ai_severe_prediction,0.7650165102011708,True
5161,C1,accessible_vehicle,0.7650165102011708,True
5162,B1,ai_severe_prediction,0.7650165102011708,True
5162,C1,accessible_vehicle,0.7650165102011708,True
5163,B1,ai_severe_prediction,0.7650165102011708,True
5163,C1,accessible_vehicle,0.7650165102011708,True
5164,B1,ai_severe_prediction,0.7650165102011708,True
5164,C1,accessible_vehicle,0.7650165102011708,True
5165,B1,ai_severe_prediction,0.7650165102011708,True
5165,C1,accessible_vehicle,0.7650165102011708,True
5166,B1,ai_severe_prediction,0.7650165102011708,True
5166,C1,accessible_vehicle,0.7650165102011708,True
5167,B1,ai_severe_prediction,0.7650165102011708,True
5167,C1,accessible_vehicle,0.7650165102011708,True
5168,B1,ai_severe_prediction,0.7650165102011708,True
5168,C1,accessible_vehicle,0.7650165102011708,True
5169,B1,ai_severe_prediction,0.7650165102011708,True
5169,C1,accessible_vehicle,0.7650165102011708,True
5170,B1,ai_severe_prediction,0.7650165102011708,True
5170,C1,accessible_vehicle,0.7650165102011708,True
5171,B1,ai_severe_prediction,0.7650165102011708,True
5171,C1,accessible_vehicle,0.7650165102011708,True
5172,B1,ai_severe_prediction,0.7650165102011708,True
5172,C1,accessible_vehicle,0.7650165102011708,True
5173,B1,ai_severe_prediction,0.7650165102011708,True
5173,C1,accessible_vehicle,0.7650165102011708,True
5174,B1,ai_severe_prediction,0.7650165102011708,True
5174,C1,accessible_vehicle,0.7650165102011708,True
5175,B1,ai_severe_prediction,0.7650165102011708,True
5175,C1,accessible_vehicle,0.7650165102011708,True
5176,B1,ai_severe_prediction,0.7650165102011708,True
5176,C1,accessible_vehicle,0.7650165102011708,True
5177,B1,ai_severe_prediction,0.7650165102011708,True
5177,C1,accessible_vehicle,0.7650165102011708,True
5178,B1,ai_severe_prediction,0.7650165102011708,True
5178,C1,accessible_vehicle,0.7650165102011708,True
5179,B1,ai_severe_prediction,0.7650165102011708,True
5179,C1,accessible_vehicle,0.7650165102011708,True
5180,B1,ai_severe_prediction,0.7650165102011708,True
5180,C1,accessible_vehicle,0.7650165102011708,True
5181,B1,ai_severe_prediction,0.7650165102011708,True
5181,C1,accessible_vehicle,0.7650165102011708,True
5182,B1,ai_severe_prediction,0.7650165102011708,True
5182,C1,accessible_vehicle,0.7650165102011708,True
5183,B1,ai_severe_prediction,0.7650165102011708,True
5183,C1,accessible_vehicle,0.7650165102011708,True
5184,B1,ai_severe_prediction,0.7650165102011708,True
5184,C1,accessible_vehicle,0.7650165102011708,True
5185,B1,ai_severe_prediction,0.7650165102011708,True
5185,C1,accessible_vehicle,0.7650165102011708,True
5186,B1,ai_severe_prediction,0.7650165102011708,True
5186,C1,accessible_vehicle,0.7650165102011708,True
5187,B1,ai_severe_prediction,0.7650165102011708,True
5187,C1,accessible_vehicle,0.7650165102011708,True
5188,B1,ai_severe_prediction,0.7650165102011709,True
5188,C1,accessible_vehicle,0.7650165102011708,True
5189,B1,ai_severe_prediction,0.7650165102011708,True
5189,C1,accessible_vehicle,0.7650165102011709,True
5190,B1,ai_severe_prediction,0.7650165102011708,True
5190,C1,accessible_vehicle,0.7650165102011708,True
5191,B1,ai_severe_prediction,0.7650165102011708,True
5191,C1,accessible_vehicle,0.7650165102011708,True
5192,B1,ai_severe_prediction,0.7650165102011708,True
5192,C1,accessible_vehicle,0.7650165102011708,True
5193,B1,ai_severe_prediction,0.7650165102011708,True
5193,C1,accessible_vehicle,0.7650165102011708,True
5194,B1,ai_severe_prediction,0.7650165102011708,True
5194,C1,accessible_vehicle,0.7650165102011708,True
5195,B1,ai_severe_prediction,0.7650165102011708,True
5195,C1,accessible_vehicle,0.7650165102011708,True
5196,B1,ai_severe_prediction,0.7650165102011708,True
5196,C1,accessible_vehicle,0.7650165102011708,True
5197,B1,ai_severe_prediction,0.7650165102011708,True
5197,C1,accessible_vehicle,0.7650165102011708,True
5198,B1,ai_severe_prediction,0.7650165102011708,True
5198,C1,accessible_vehicle,0.7650165102011708,True
5199,B1,ai_severe_prediction,0.7650165102011707,True
5199,C1,accessible_vehicle,0.7650165102011708,True
5200,B1,ai_severe_prediction,0.7650165102011708,True
5200,C1,accessible_vehicle,0.7650165102011708,True
5201,B1,ai_severe_prediction,0.7650165102011708,True
5201,C1,accessible_vehicle,0.7650165102011708,True
5202,B1,ai_severe_prediction,0.7650165102011708,True
5202,C1,accessible_vehicle,0.7650165102011708,True
5203,B1,ai_severe_prediction,0.7650165102011708,True
5203,C1,accessible_vehicle,0.7650165102011708,True
5204,B1,ai_severe_prediction,0.7650165102011708,True
5204,C1,accessible_vehicle,0.7650165102011708,True
5205,B1,ai_severe_prediction,0.7650165102011708,True
5205,C1,accessible_vehicle,0.7650165102011708,True
5206,B1,ai_severe_prediction,0.7650165102011708,True
5206,C1,accessible_vehicle,0.7650165102011708,True
5207,B1,ai_severe_prediction,0.7650165102011708,True
5207,C1,accessible_vehicle,0.7650165102011708,True
5208,B1,ai_severe_prediction,0.7650165102011708,True
5208,C1,accessible_vehicle,0.7650165102011708,True
5209,B1,ai_severe_prediction,0.7650165102011708,True
5209,C1,accessible_vehicle,0.7650165102011708,True
5210,B1,ai_severe_prediction,0.7650165102011708,True
5210,C1,accessible_vehicle,0.7650165102011708,True
5211,B1,ai_severe_prediction,0.7650165102011708,True
5211,C1,accessible_vehicle,0.7650165102011708,True
5212,B1,ai_severe_prediction,0.7650165102011708,True
5212,C1,accessible_vehicle,0.7650165102011708,True
5213,B1,ai_severe_prediction,0.7650165102011708,True
5213,C1,accessible_vehicle,0.7650165102011708,True
5214,B1,ai_severe_prediction,0.7650165102011708,True
5214,C1,accessible_vehicle,0.7650165102011708,True
5215,B1,ai_severe_prediction,0.7650165102011708,True
5215,C1,accessible_vehicle,0.7650165102011708,True
5216,B1,ai_severe_prediction,0.7650165102011708,True
5216,C1,accessible_vehicle,0.7650165102011708,True
5217,B1,ai_severe_prediction,0.7650165102011708,True
5217,C1,accessible_vehicle,0.7650165102011708,True
5218,B1,ai_severe_prediction,0.7650165102011708,True
5218,C1,accessible_vehicle,0.7650165102011708,True
5219,B1,ai_severe_prediction,0.7650165102011708,True
5219,C1,accessible_vehicle,0.7650165102011708,True
5220,B1,ai_severe_prediction,0.7650165102011708,True
5220,C1,accessible_vehicle,0.7650165102011708,True
5221,B1,ai_severe_prediction,0.7650165102011708,True
5221,C1,accessible_vehicle,0.7650165102011708,True
5222,B1,ai_severe_prediction,0.7650165102011708,True
5222,C1,accessible_vehicle,0.7650165102011708,True
5223,B1,ai_severe_prediction,0.7650165102011708,True
5223,C1,accessible_vehicle,0.7650165102011708,True
5224,B1,ai_severe_prediction,0.7650165102011708,True
5224,C1,accessible_vehicle,0.7650165102011708,True
5225,B1,ai_severe_prediction,0.7650165102011708,True
5225,C1,accessible_vehicle,0.7650165102011708,True
5226,B1,ai_severe_prediction,0.7650165102011708,True
5226,C1,accessible_vehicle,0.7650165102011708,True
5227,B1,ai_severe_prediction,0.7650165102011708,True
5227,C1,accessible_vehicle,0.7650165102011708,True
5228,B1,ai_severe_prediction,0.7650165102011708,True
5228,C1,accessible_vehicle,0.7650165102011708,True
5229,B1,ai_severe_prediction,0.7650165102011708,True
5229,C1,accessible_vehicle,0.7650165102011708,True
5230,B1,ai_severe_prediction,0.7650165102011708,True
5230,C1,accessible_vehicle,0.7650165102011708,True
5231,B1,ai_severe_prediction,0.7650165102011708,True
5231,C1,accessible_vehicle,0.7650165102011708,True
5232,B1,ai_severe_prediction,0.7650165102011708,True
5232,C1,accessible_vehicle,0.7650165102011708,True
5233,B1,ai_severe_prediction,0.7650165102011708,True
5233,C1,accessible_vehicle,0.7650165102011708,True
5234,B1,ai_severe_prediction,0.7650165102011708,True
5234,C1,accessible_vehicle,0.7650165102011708,True
5235,B1,ai_severe_prediction,0.7650165102011708,True
5235,C1,accessible_vehicle,0.7650165102011708,True
5236,B1,ai_severe_prediction,0.7650165102011708,True
5236,C1,accessible_vehicle,0.7650165102011708,True
5237,B1,ai_severe_prediction,0.7650165102011708,True
5237,C1,accessible_vehicle,0.7650165102011708,True
5238,B1,ai_severe_prediction,0.7650165102011708,True
5238,C1,accessible_vehicle,0.7650165102011708,True
5239,B1,ai_severe_prediction,0.7650165102011708,True
5239,C1,accessible_vehicle,0.7650165102011708,True
5240,B1,ai_severe_prediction,0.7650165102011708,True
5240,C1,accessible_vehicle,0.7650165102011708,True
5241,B1,ai_severe_prediction,0.7650165102011708,True
5241,C1,accessible_vehicle,0.7650165102011708,True
5242,B1,ai_severe_prediction,0.7650165102011708,True
5242,C1,accessible_vehicle,0.7650165102011708,True
5243,B1,ai_severe_prediction,0.7650165102011708,True
5243,C1,accessible_vehicle,0.7650165102011708,True
5244,B1,ai_severe_prediction,0.7650165102011708,True
5244,C1,accessible_vehicle,0.7650165102011708,True
5245,B1,ai_severe_prediction,0.7650165102011708,True
5245,C1,accessible_vehicle,0.7650165102011708,True
5246,B1,ai_severe_prediction,0.7650165102011708,True
5246,C1,accessible_vehicle,0.7650165102011708,True
5247,B1,ai_severe_prediction,0.7650165102011708,True
5247,C1,accessible_vehicle,0.7650165102011708,True
5248,B1,ai_severe_prediction,0.7650165102011708,True
5248,C1,accessible_vehicle,0.7650165102011708,True
5249,B1,ai_severe_prediction,0.7650165102011708,True
5249,C1,accessible_vehicle,0.7650165102011708,True
5250,B1,ai_severe_prediction,0.7650165102011708,True
5250,C1,accessible_vehicle,0.7650165102011708,True
5251,B1,ai_severe_prediction,0.7650165102011708,True
5251,C1,accessible_vehicle,0.7650165102011708,True
5252,B1,ai_severe_prediction,0.7650165102011708,True
5252,C1,accessible_vehicle,0.7650165102011708,True
5253,B1,ai_severe_prediction,0.7650165102011708,True
5253,C1,accessible_vehicle,0.7650165102011708,True
5254,B1,ai_severe_prediction,0.7650165102011708,True
5254,C1,accessible_vehicle,0.7650165102011708,True
5255,B1,ai_severe_prediction,0.7650165102011707,True
5255,C1,accessible_vehicle,0.7650165102011708,True
5256,B1,ai_severe_prediction,0.7650165102011708,True
5256,C1,accessible_vehicle,0.7650165102011708,True
5257,B1,ai_severe_prediction,0.7650165102011708,True
5257,C1,accessible_vehicle,0.7650165102011708,True
5258,B1,ai_severe_prediction,0.7650165102011708,True
5258,C1,accessible_vehicle,0.7650165102011708,True
5259,B1,ai_severe_prediction,0.7650165102011708,True
5259,C1,accessible_vehicle,0.7650165102011708,True
5260,B1,ai_severe_prediction,0.7650165102011708,True
5260,C1,accessible_vehicle,0.7650165102011708,True
5261,B1,ai_severe_prediction,0.7650165102011708,True
5261,C1,accessible_vehicle,0.7650165102011708,True
5262,B1,ai_severe_prediction,0.7650165102011708,True
5262,C1,accessible_vehicle,0.7650165102011708,True
5263,B1,ai_severe_prediction,0.7650165102011708,True
5263,C1,accessible_vehicle,0.7650165102011708,True
5264,B1,ai_severe_prediction,0.7650165102011708,True
5264,C1,accessible_vehicle,0.7650165102011708,True
5265,B1,ai_severe_prediction,0.7650165102011708,True
5265,C1,accessible_vehicle,0.7650165102011708,True
5266,B1,ai_severe_prediction,0.7650165102011708,True
5266,C1,accessible_vehicle,0.7650165102011708,True
5267,B1,ai_severe_prediction,0.7650165102011708,True
5267,C1,accessible_vehicle,0.7650165102011708,True
5268,B1,ai_severe_prediction,0.7650165102011709,True
5268,C1,accessible_vehicle,0.7650165102011708,True
5269,B1,ai_severe_prediction,0.7650165102011708,True
5269,C1,accessible_vehicle,0.7650165102011711,True
5270,B1,ai_severe_prediction,0.7650165102011708,True
5270,C1,accessible_vehicle,0.7650165102011708,True
5271,B1,ai_severe_prediction,0.7650165102011709,True
5271,C1,accessible_vehicle,0.7650165102011709,True
5272,B1,ai_severe_prediction,0.7650165102011708,True
5272,C1,accessible_vehicle,0.7650165102011708,True
5273,B1,ai_severe_prediction,0.7650165102011708,True
5273,C1,accessible_vehicle,0.7650165102011708,True
5274,B1,ai_severe_prediction,0.7650165102011708,True
5274,C1,accessible_vehicle,0.7650165102011708,True
5275,B1,ai_severe_prediction,0.7650165102011708,True
5275,C1,accessible_vehicle,0.7650165102011708,True
5276,B1,ai_severe_prediction,0.7650165102011708,True
5276,C1,accessible_vehicle,0.7650165102011708,True
5277,B1,ai_severe_prediction,0.7650165102011708,True
5277,C1,accessible_vehicle,0.7650165102011708,True
5278,B1,ai_severe_prediction,0.7650165102011708,True
5278,C1,accessible_vehicle,0.7650165102011708,True
5279,B1,ai_severe_prediction,0.7650165102011708,True
5279,C1,accessible_vehicle,0.7650165102011709,True
5280,B1,ai_severe_prediction,0.7649259482283145,True
5280,C1,accessible_vehicle,0.7649259482283145,True
5281,B1,ai_severe_prediction,0.7649259482283145,True
5281,C1,accessible_vehicle,0.7649259482283145,True
5282,B1,ai_severe_prediction,0.7649259482283145,True
5282,C1,accessible_vehicle,0.7649259482283145,True
5283,B1,ai_severe_prediction,0.7649259482283145,True
5283,C1,accessible_vehicle,0.7649259482283145,True
5284,B1,ai_severe_prediction,0.7649259482283145,True
5284,C1,accessible_vehicle,0.7649259482283145,True
5285,B1,ai_severe_prediction,0.7649259482283145,True
5285,C1,accessible_vehicle,0.7649259482283145,True
5286,B1,ai_severe_prediction,0.7649259482283145,True
5286,C1,accessible_vehicle,0.7649259482283145,True
5287,B1,ai_severe_prediction,0.7649259482283145,True
5287,C1,accessible_vehicle,0.7649259482283145,True
5288,B1,ai_severe_prediction,0.7649259482283145,True
5288,C1,accessible_vehicle,0.7649259482283145,True
5289,B1,ai_severe_prediction,0.7649259482283145,True
5289,C1,accessible_vehicle,0.7649259482283145,True
5290,B1,ai_severe_prediction,0.7649259482283145,True
5290,C1,accessible_vehicle,0.7649259482283145,True
5291,B1,ai_severe_prediction,0.7649259482283145,True
5291,C1,accessible_vehicle,0.7649259482283145,True
5292,B1,ai_severe_prediction,0.7649259482283145,True
5292,C1,accessible_vehicle,0.7649259482283145,True
5293,B1,ai_severe_prediction,0.7649259482283145,True
5293,C1,accessible_vehicle,0.7649259482283145,True
5294,B1,ai_severe_prediction,0.7649259482283145,True
5294,C1,accessible_vehicle,0.7649259482283145,True
5295,B1,ai_severe_prediction,0.7649259482283145,True
5295,C1,accessible_vehicle,0.7649259482283145,True
5296,B1,ai_severe_prediction,0.7649259482283145,True
5296,C1,accessible_vehicle,0.7649259482283145,True
5297,B1,ai_severe_prediction,0.7649259482283145,True
5297,C1,accessible_vehicle,0.7649259482283145,True
5298,B1,ai_severe_prediction,0.7649259482283145,True
5298,C1,accessible_vehicle,0.7649259482283145,True
5299,B1,ai_severe_prediction,0.7649259482283145,True
5299,C1,accessible_vehicle,0.7649259482283145,True
5300,B1,ai_severe_prediction,0.7649259482283145,True
5300,C1,accessible_vehicle,0.7649259482283145,True
5301,B1,ai_severe_prediction,0.7649259482283145,True
5301,C1,accessible_vehicle,0.7649259482283145,True
5302,B1,ai_severe_prediction,0.7649259482283145,True
5302,C1,accessible_vehicle,0.7649259482283145,True
5303,B1,ai_severe_prediction,0.7649259482283145,True
5303,C1,accessible_vehicle,0.7649259482283145,True
5304,B1,ai_severe_prediction,0.7649259482283145,True
5304,C1,accessible_vehicle,0.7649259482283145,True
5305,B1,ai_severe_prediction,0.7649259482283145,True
5305,C1,accessible_vehicle,0.7649259482283145,True
5306,B1,ai_severe_prediction,0.7649259482283145,True
5306,C1,accessible_vehicle,0.7649259482283145,True
5307,B1,ai_severe_prediction,0.7649259482283145,True
5307,C1,accessible_vehicle,0.7649259482283145,True
5308,B1,ai_severe_prediction,0.7649259482283145,True
5308,C1,accessible_vehicle,0.7649259482283145,True
5309,B1,ai_severe_prediction,0.7649259482283145,True
5309,C1,accessible_vehicle,0.7649259482283145,True
5310,B1,ai_severe_prediction,0.7649259482283145,True
5310,C1,accessible_vehicle,0.7649259482283145,True
5311,B1,ai_severe_prediction,0.7649259482283145,True
5311,C1,accessible_vehicle,0.7649259482283145,True
5312,B1,ai_severe_prediction,0.7649259482283145,True
5312,C1,accessible_vehicle,0.7649259482283145,True
5313,B1,ai_severe_prediction,0.7649259482283145,True
5313,C1,accessible_vehicle,0.7649259482283145,True
5314,B1,ai_severe_prediction,0.7649259482283145,True
5314,C1,accessible_vehicle,0.7649259482283145,True
5315,B1,ai_severe_prediction,0.7649259482283145,True
5315,C1,accessible_vehicle,0.7649259482283145,True
5316,B1,ai_severe_prediction,0.7649259482283145,True
5316,C1,accessible_vehicle,0.7649259482283145,True
5317,B1,ai_severe_prediction,0.7649259482283145,True
5317,C1,accessible_vehicle,0.7649259482283145,True
5318,B1,ai_severe_prediction,0.7649259482283145,True
5318,C1,accessible_vehicle,0.7649259482283145,True
5319,B1,ai_severe_prediction,0.7649259482283145,True
5319,C1,accessible_vehicle,0.7649259482283145,True
5320,B1,ai_severe_prediction,0.7649259482283145,True
5320,C1,accessible_vehicle,0.7649259482283145,True
5321,B1,ai_severe_prediction,0.7649259482283145,True
5321,C1,accessible_vehicle,0.7649259482283145,True
5322,B1,ai_severe_prediction,0.7649259482283145,True
5322,C1,accessible_vehicle,0.7649259482283145,True
5323,B1,ai_severe_prediction,0.7649259482283145,True
5323,C1,accessible_vehicle,0.7649259482283145,True
5324,B1,ai_severe_prediction,0.7649259482283145,True
5324,C1,accessible_vehicle,0.7649259482283145,True
5325,B1,ai_severe_prediction,0.7649259482283145,True
5325,C1,accessible_vehicle,0.7649259482283145,True
5326,B1,ai_severe_prediction,0.7649259482283145,True
5326,C1,accessible_vehicle,0.7649259482283145,True
5327,B1,ai_severe_prediction,0.7649259482283145,True
5327,C1,accessible_vehicle,0.7649259482283145,True
5328,B1,ai_severe_prediction,0.7649259482283145,True
5328,C1,accessible_vehicle,0.7649259482283145,True
5329,B1,ai_severe_prediction,0.7649259482283145,True
5329,C1,accessible_vehicle,0.7649259482283145,True
5330,B1,ai_severe_prediction,0.7649259482283145,True
5330,C1,accessible_vehicle,0.7649259482283145,True
5331,B1,ai_severe_prediction,0.7649259482283145,True
5331,C1,accessible_vehicle,0.7649259482283145,True
5332,B1,ai_severe_prediction,0.7649259482283145,True
5332,C1,accessible_vehicle,0.7649259482283145,True
5333,B1,ai_severe_prediction,0.7649259482283145,True
5333,C1,accessible_vehicle,0.7649259482283145,True
5334,B1,ai_severe_prediction,0.7649259482283145,True
5334,C1,accessible_vehicle,0.7649259482283145,True
5335,B1,ai_severe_prediction,0.7649259482283145,True
5335,C1,accessible_vehicle,0.7649259482283146,True
5336,B1,ai_severe_prediction,0.7649259482283145,True
5336,C1,accessible_vehicle,0.7649259482283145,True
5337,B1,ai_severe_prediction,0.7649259482283145,True
5337,C1,accessible_vehicle,0.7649259482283145,True
5338,B1,ai_severe_prediction,0.7649259482283145,True
5338,C1,accessible_vehicle,0.7649259482283145,True
5339,B1,ai_severe_prediction,0.7649259482283145,True
5339,C1,accessible_vehicle,0.7649259482283145,True
5340,B1,ai_severe_prediction,0.7649259482283145,True
5340,C1,accessible_vehicle,0.7649259482283145,True
5341,B1,ai_severe_prediction,0.7649259482283145,True
5341,C1,accessible_vehicle,0.7649259482283145,True
5342,B1,ai_severe_prediction,0.7649259482283145,True
5342,C1,accessible_vehicle,0.7649259482283145,True
5343,B1,ai_severe_prediction,0.7649259482283146,True
5343,C1,accessible_vehicle,0.7649259482283145,True
5344,B1,ai_severe_prediction,0.7649259482283145,True
5344,C1,accessible_vehicle,0.7649259482283145,True
5345,B1,ai_severe_prediction,0.7649259482283145,True
5345,C1,accessible_vehicle,0.7649259482283145,True
5346,B1,ai_severe_prediction,0.7649259482283145,True
5346,C1,accessible_vehicle,0.7649259482283145,True
5347,B1,ai_severe_prediction,0.7649259482283145,True
5347,C1,accessible_vehicle,0.7649259482283145,True
5348,B1,ai_severe_prediction,0.7649259482283145,True
5348,C1,accessible_vehicle,0.7649259482283145,True
5349,B1,ai_severe_prediction,0.7649259482283145,True
5349,C1,accessible_vehicle,0.7649259482283145,True
5350,B1,ai_severe_prediction,0.7649259482283145,True
5350,C1,accessible_vehicle,0.7649259482283145,True
5351,B1,ai_severe_prediction,0.7649259482283145,True
5351,C1,accessible_vehicle,0.7649259482283145,True
5352,B1,ai_severe_prediction,0.7649259482283145,True
5352,C1,accessible_vehicle,0.7649259482283145,True
5353,B1,ai_severe_prediction,0.7649259482283145,True
5353,C1,accessible_vehicle,0.7649259482283145,True
5354,B1,ai_severe_prediction,0.7649259482283145,True
5354,C1,accessible_vehicle,0.7649259482283145,True
5355,B1,ai_severe_prediction,0.7649259482283145,True
5355,C1,accessible_vehicle,0.7649259482283145,True
5356,B1,ai_severe_prediction,0.7649259482283145,True
5356,C1,accessible_vehicle,0.7649259482283145,True
5357,B1,ai_severe_prediction,0.7649259482283145,True
5357,C1,accessible_vehicle,0.7649259482283145,True
5358,B1,ai_severe_prediction,0.7649259482283145,True
5358,C1,accessible_vehicle,0.7649259482283145,True
5359,B1,ai_severe_prediction,0.7649259482283145,True
5359,C1,accessible_vehicle,0.7649259482283145,True
5360,B1,ai_severe_prediction,0.7649259482283145,True
5360,C1,accessible_vehicle,0.7649259482283145,True
5361,B1,ai_severe_prediction,0.7649259482283145,True
5361,C1,accessible_vehicle,0.7649259482283145,True
5362,B1,ai_severe_prediction,0.7649259482283145,True
5362,C1,accessible_vehicle,0.7649259482283145,True
5363,B1,ai_severe_prediction,0.7649259482283145,True
5363,C1,accessible_vehicle,0.7649259482283145,True
5364,B1,ai_severe_prediction,0.7649259482283145,True
5364,C1,accessible_vehicle,0.7649259482283145,True
5365,B1,ai_severe_prediction,0.7649259482283145,True
5365,C1,accessible_vehicle,0.7649259482283145,True
5366,B1,ai_severe_prediction,0.7649259482283145,True
5366,C1,accessible_vehicle,0.7649259482283145,True
5367,B1,ai_severe_prediction,0.7649259482283145,True
5367,C1,accessible_vehicle,0.7649259482283145,True
5368,B1,ai_severe_prediction,0.7649259482283145,True
5368,C1,accessible_vehicle,0.7649259482283145,True
5369,B1,ai_severe_prediction,0.7649259482283145,True
5369,C1,accessible_vehicle,0.7649259482283145,True
5370,B1,ai_severe_prediction,0.7649259482283145,True
5370,C1,accessible_vehicle,0.7649259482283145,True
5371,B1,ai_severe_prediction,0.7649259482283145,True
5371,C1,accessible_vehicle,0.7649259482283145,True
5372,B1,ai_severe_prediction,0.7649259482283145,True
5372,C1,accessible_vehicle,0.7649259482283145,True
5373,B1,ai_severe_prediction,0.7649259482283146,True
5373,C1,accessible_vehicle,0.7649259482283145,True
5374,B1,ai_severe_prediction,0.7649259482283145,True
5374,C1,accessible_vehicle,0.7649259482283145,True
5375,B1,ai_severe_prediction,0.7649259482283146,True
5375,C1,accessible_vehicle,0.7649259482283145,True
5376,B1,ai_severe_prediction,0.7649259482283145,True
5376,C1,accessible_vehicle,0.7649259482283145,True
5377,B1,ai_severe_prediction,0.7649259482283145,True
5377,C1,accessible_vehicle,0.7649259482283145,True
5378,B1,ai_severe_prediction,0.7649259482283145,True
5378,C1,accessible_vehicle,0.7649259482283145,True
5379,B1,ai_severe_prediction,0.7649259482283145,True
5379,C1,accessible_vehicle,0.7649259482283145,True
5380,B1,ai_severe_prediction,0.7649259482283145,True
5380,C1,accessible_vehicle,0.7649259482283145,True
5381,B1,ai_severe_prediction,0.7649259482283145,True
5381,C1,accessible_vehicle,0.7649259482283145,True
5382,B1,ai_severe_prediction,0.7649259482283145,True
5382,C1,accessible_vehicle,0.7649259482283145,True
5383,B1,ai_severe_prediction,0.7649259482283145,True
5383,C1,accessible_vehicle,0.7649259482283145,True
5384,B1,ai_severe_prediction,0.7649259482283145,True
5384,C1,accessible_vehicle,0.7649259482283145,True
5385,B1,ai_severe_prediction,0.7649259482283145,True
5385,C1,accessible_vehicle,0.7649259482283145,True
5386,B1,ai_severe_prediction,0.7649259482283145,True
5386,C1,accessible_vehicle,0.7649259482283145,True
5387,B1,ai_severe_prediction,0.7649259482283146,True
5387,C1,accessible_vehicle,0.7649259482283145,True
5388,B1,ai_severe_prediction,0.7649259482283145,True
5388,C1,accessible_vehicle,0.7649259482283146,True
5389,B1,ai_severe_prediction,0.7649259482283145,True
5389,C1,accessible_vehicle,0.7649259482283145,True
5390,B1,ai_severe_prediction,0.7649259482283145,True
5390,C1,accessible_vehicle,0.7649259482283145,True
5391,B1,ai_severe_prediction,0.7649259482283145,True
5391,C1,accessible_vehicle,0.7649259482283145,True
5392,B1,ai_severe_prediction,0.7649259482283145,True
5392,C1,accessible_vehicle,0.7649259482283145,True
5393,B1,ai_severe_prediction,0.7649259482283145,True
5393,C1,accessible_vehicle,0.7649259482283145,True
5394,B1,ai_severe_prediction,0.7649259482283145,True
5394,C1,accessible_vehicle,0.7649259482283145,True
5395,B1,ai_severe_prediction,0.7649259482283145,True
5395,C1,accessible_vehicle,0.7649259482283145,True
5396,B1,ai_severe_prediction,0.7649259482283145,True
5396,C1,accessible_vehicle,0.7649259482283145,True
5397,B1,ai_severe_prediction,0.7649259482283145,True
5397,C1,accessible_vehicle,0.7649259482283146,True
5398,B1,ai_severe_prediction,0.7649259482283145,True
5398,C1,accessible_vehicle,0.7649259482283145,True
5399,B1,ai_severe_prediction,0.7649259482283145,True
5399,C1,accessible_vehicle,0.7649259482283145,True
5400,B1,ai_severe_prediction,0.7649259482283145,True
5400,C1,accessible_vehicle,0.7649259482283145,True
5401,B1,ai_severe_prediction,0.7649259482283145,True
5401,C1,accessible_vehicle,0.7649259482283145,True
5402,B1,ai_severe_prediction,0.7649259482283145,True
5402,C1,accessible_vehicle,0.7649259482283145,True
5403,B1,ai_severe_prediction,0.7649259482283145,True
5403,C1,accessible_vehicle,0.7649259482283145,True
5404,B1,ai_severe_prediction,0.7649259482283145,True
5404,C1,accessible_vehicle,0.7649259482283145,True
5405,B1,ai_severe_prediction,0.7649259482283145,True
5405,C1,accessible_vehicle,0.7649259482283145,True
5406,B1,ai_severe_prediction,0.7649259482283145,True
5406,C1,accessible_vehicle,0.7649259482283145,True
5407,B1,ai_severe_prediction,0.7649259482283145,True
5407,C1,accessible_vehicle,0.7649259482283145,True
5408,B1,ai_severe_prediction,0.7649259482283145,True
5408,C1,accessible_vehicle,0.7649259482283145,True
5409,B1,ai_severe_prediction,0.7649259482283144,True
5409,C1,accessible_vehicle,0.7649259482283145,True
5410,B1,ai_severe_prediction,0.7649259482283145,True
5410,C1,accessible_vehicle,0.7649259482283145,True
5411,B1,ai_severe_prediction,0.7649259482283145,True
5411,C1,accessible_vehicle,0.7649259482283145,True
5412,B1,ai_severe_prediction,0.7649259482283145,True
5412,C1,accessible_vehicle,0.7649259482283145,True
5413,B1,ai_severe_prediction,0.7649259482283145,True
5413,C1,accessible_vehicle,0.7649259482283145,True
5414,B1,ai_severe_prediction,0.7649259482283145,True
5414,C1,accessible_vehicle,0.7649259482283145,True
5415,B1,ai_severe_prediction,0.7649259482283145,True
5415,C1,accessible_vehicle,0.7649259482283145,True
5416,B1,ai_severe_prediction,0.7649259482283145,True
5416,C1,accessible_vehicle,0.7649259482283145,True
5417,B1,ai_severe_prediction,0.7649259482283145,True
5417,C1,accessible_vehicle,0.7649259482283145,True
5418,B1,ai_severe_prediction,0.7649259482283145,True
5418,C1,accessible_vehicle,0.7649259482283145,True
5419,B1,ai_severe_prediction,0.7649259482283145,True
5419,C1,accessible_vehicle,0.7649259482283145,True
5420,B1,ai_severe_prediction,0.7649259482283145,True
5420,C1,accessible_vehicle,0.7649259482283144,True
5421,B1,ai_severe_prediction,0.7649259482283145,True
5421,C1,accessible_vehicle,0.7649259482283145,True
5422,B1,ai_severe_prediction,0.7649259482283145,True
5422,C1,accessible_vehicle,0.7649259482283145,True
5423,B1,ai_severe_prediction,0.7649259482283145,True
5423,C1,accessible_vehicle,0.7649259482283145,True
5424,B1,ai_severe_prediction,0.7649259482283145,True
5424,C1,accessible_vehicle,0.7649259482283145,True
5425,B1,ai_severe_prediction,0.7649259482283145,True
5425,C1,accessible_vehicle,0.7649259482283145,True
5426,B1,ai_severe_prediction,0.7649259482283145,True
5426,C1,accessible_vehicle,0.7649259482283145,True
5427,B1,ai_severe_prediction,0.7649259482283145,True
5427,C1,accessible_vehicle,0.7649259482283145,True
5428,B1,ai_severe_prediction,0.7649259482283145,True
5428,C1,accessible_vehicle,0.7649259482283145,True
5429,B1,ai_severe_prediction,0.7649259482283146,True
5429,C1,accessible_vehicle,0.7649259482283145,True
5430,B1,ai_severe_prediction,0.7649259482283145,True
5430,C1,accessible_vehicle,0.7649259482283145,True
5431,B1,ai_severe_prediction,0.7649259482283145,True
5431,C1,accessible_vehicle,0.7649259482283145,True
5432,B1,ai_severe_prediction,0.7649259482283145,True
5432,C1,accessible_vehicle,0.7649259482283145,True
5433,B1,ai_severe_prediction,0.7649259482283145,True
5433,C1,accessible_vehicle,0.7649259482283145,True
5434,B1,ai_severe_prediction,0.7649259482283146,True
5434,C1,accessible_vehicle,0.7649259482283145,True
5435,B1,ai_severe_prediction,0.7649259482283145,True
5435,C1,accessible_vehicle,0.7649259482283145,True
5436,B1,ai_severe_prediction,0.7649259482283145,True
5436,C1,accessible_vehicle,0.7649259482283145,True
5437,B1,ai_severe_prediction,0.7649259482283145,True
5437,C1,accessible_vehicle,0.7649259482283145,True
5438,B1,ai_severe_prediction,0.7649259482283145,True
5438,C1,accessible_vehicle,0.7649259482283145,True
5439,B1,ai_severe_prediction,0.7649259482283145,True
5439,C1,accessible_vehicle,0.7649259482283145,True
5440,B1,ai_severe_prediction,0.7649259482283145,True
5440,C1,accessible_vehicle,0.7649259482283145,True
5441,B1,ai_severe_prediction,0.7649259482283145,True
5441,C1,accessible_vehicle,0.7649259482283145,True
5442,B1,ai_severe_prediction,0.7649259482283145,True
5442,C1,accessible_vehicle,0.7649259482283145,True
5443,B1,ai_severe_prediction,0.7649259482283145,True
5443,C1,accessible_vehicle,0.7649259482283145,True
5444,B1,ai_severe_prediction,0.7649259482283145,True
5444,C1,accessible_vehicle,0.7649259482283145,True
5445,B1,ai_severe_prediction,0.7649259482283145,True
5445,C1,accessible_vehicle,0.7649259482283145,True
5446,B1,ai_severe_prediction,0.7649259482283145,True
5446,C1,accessible_vehicle,0.7649259482283145,True
5447,B1,ai_severe_prediction,0.7649259482283145,True
5447,C1,accessible_vehicle,0.7649259482283145,True
5448,B1,ai_severe_prediction,0.7649259482283145,True
5448,C1,accessible_vehicle,0.7649259482283145,True
5449,B1,ai_severe_prediction,0.7649259482283145,True
5449,C1,accessible_vehicle,0.7649259482283146,True
5450,B1,ai_severe_prediction,0.7649259482283145,True
5450,C1,accessible_vehicle,0.7649259482283145,True
5451,B1,ai_severe_prediction,0.7649259482283145,True
5451,C1,accessible_vehicle,0.7649259482283145,True
5452,B1,ai_severe_prediction,0.7649259482283145,True
5452,C1,accessible_vehicle,0.7649259482283145,True
5453,B1,ai_severe_prediction,0.7649259482283145,True
5453,C1,accessible_vehicle,0.7649259482283145,True
5454,B1,ai_severe_prediction,0.7649259482283145,True
5454,C1,accessible_vehicle,0.7649259482283145,True
5455,B1,ai_severe_prediction,0.7649259482283145,True
5455,C1,accessible_vehicle,0.7649259482283146,True
5456,B1,ai_severe_prediction,0.7649259482283145,True
5456,C1,accessible_vehicle,0.7649259482283145,True
5457,B1,ai_severe_prediction,0.7649259482283145,True
5457,C1,accessible_vehicle,0.7649259482283145,True
5458,B1,ai_severe_prediction,0.7649259482283145,True
5458,C1,accessible_vehicle,0.7649259482283145,True
5459,B1,ai_severe_prediction,0.7649259482283145,True
5459,C1,accessible_vehicle,0.7649259482283145,True
5460,B1,ai_severe_prediction,0.7658169417508484,True
5460,C1,accessible_vehicle,0.7658169417508484,True
5461,B1,ai_severe_prediction,0.7658169417508484,True
5461,C1,accessible_vehicle,0.7658169417508484,True
5462,B1,ai_severe_prediction,0.7658169417508485,True
5462,C1,accessible_vehicle,0.7658169417508484,True
5463,B1,ai_severe_prediction,0.7658169417508484,True
5463,C1,accessible_vehicle,0.7658169417508484,True
5464,B1,ai_severe_prediction,0.7658169417508485,True
5464,C1,accessible_vehicle,0.7658169417508484,True
5465,B1,ai_severe_prediction,0.7658169417508484,True
5465,C1,accessible_vehicle,0.7658169417508484,True
5466,B1,ai_severe_prediction,0.7658169417508484,True
5466,C1,accessible_vehicle,0.7658169417508484,True
5467,B1,ai_severe_prediction,0.7658169417508484,True
5467,C1,accessible_vehicle,0.7658169417508484,True
5468,B1,ai_severe_prediction,0.7658169417508484,True
5468,C1,accessible_vehicle,0.7658169417508485,True
5469,B1,ai_severe_prediction,0.7658169417508484,True
5469,C1,accessible_vehicle,0.7658169417508484,True
5470,B1,ai_severe_prediction,0.7658169417508484,True
5470,C1,accessible_vehicle,0.7658169417508484,True
5471,B1,ai_severe_prediction,0.7658169417508485,True
5471,C1,accessible_vehicle,0.7658169417508484,True
5472,B1,ai_severe_prediction,0.7658169417508484,True
5472,C1,accessible_vehicle,0.7658169417508484,True
5473,B1,ai_severe_prediction,0.7658169417508484,True
5473,C1,accessible_vehicle,0.7658169417508484,True
5474,B1,ai_severe_prediction,0.7658169417508484,True
5474,C1,accessible_vehicle,0.7658169417508484,True
5475,B1,ai_severe_prediction,0.7658169417508485,True
5475,C1,accessible_vehicle,0.7658169417508484,True
5476,B1,ai_severe_prediction,0.7658169417508484,True
5476,C1,accessible_vehicle,0.7658169417508484,True
5477,B1,ai_severe_prediction,0.7658169417508484,True
5477,C1,accessible_vehicle,0.7658169417508484,True
5478,B1,ai_severe_prediction,0.7658169417508484,True
5478,C1,accessible_vehicle,0.7658169417508484,True
5479,B1,ai_severe_prediction,0.7658169417508484,True
5479,C1,accessible_vehicle,0.7658169417508484,True
5480,B1,ai_severe_prediction,0.7658169417508484,True
5480,C1,accessible_vehicle,0.7658169417508482,True
5481,B1,ai_severe_prediction,0.7658169417508484,True
5481,C1,accessible_vehicle,0.7658169417508484,True
5482,B1,ai_severe_prediction,0.7658169417508484,True
5482,C1,accessible_vehicle,0.7658169417508484,True
5483,B1,ai_severe_prediction,0.7658169417508485,True
5483,C1,accessible_vehicle,0.7658169417508484,True
5484,B1,ai_severe_prediction,0.7658169417508484,True
5484,C1,accessible_vehicle,0.7658169417508484,True
5485,B1,ai_severe_prediction,0.7658169417508484,True
5485,C1,accessible_vehicle,0.7658169417508484,True
5486,B1,ai_severe_prediction,0.7658169417508484,True
5486,C1,accessible_vehicle,0.7658169417508484,True
5487,B1,ai_severe_prediction,0.7658169417508484,True
5487,C1,accessible_vehicle,0.7658169417508484,True
5488,B1,ai_severe_prediction,0.7658169417508484,True
5488,C1,accessible_vehicle,0.7658169417508484,True
5489,B1,ai_severe_prediction,0.7658169417508484,True
5489,C1,accessible_vehicle,0.7658169417508484,True
5490,B1,ai_severe_prediction,0.7658169417508484,True
5490,C1,accessible_vehicle,0.7658169417508484,True
5491,B1,ai_severe_prediction,0.7658169417508484,True
5491,C1,accessible_vehicle,0.7658169417508484,True
5492,B1,ai_severe_prediction,0.7658169417508484,True
5492,C1,accessible_vehicle,0.7658169417508484,True
5493,B1,ai_severe_prediction,0.7658169417508484,True
5493,C1,accessible_vehicle,0.7658169417508484,True
5494,B1,ai_severe_prediction,0.7658169417508484,True
5494,C1,accessible_vehicle,0.7658169417508484,True
5495,B1,ai_severe_prediction,0.7658169417508484,True
5495,C1,accessible_vehicle,0.7658169417508484,True
5496,B1,ai_severe_prediction,0.7658169417508485,True
5496,C1,accessible_vehicle,0.7658169417508484,True
5497,B1,ai_severe_prediction,0.7658169417508484,True
5497,C1,accessible_vehicle,0.7658169417508484,True
5498,B1,ai_severe_prediction,0.7658169417508484,True
5498,C1,accessible_vehicle,0.7658169417508484,True
5499,B1,ai_severe_prediction,0.7658169417508484,True
5499,C1,accessible_vehicle,0.7658169417508484,True
5500,B1,ai_severe_prediction,0.7658169417508485,True
5500,C1,accessible_vehicle,0.7658169417508484,True
5501,B1,ai_severe_prediction,0.7658169417508484,True
5501,C1,accessible_vehicle,0.7658169417508485,True
5502,B1,ai_severe_prediction,0.7658169417508484,True
5502,C1,accessible_vehicle,0.7658169417508484,True
5503,B1,ai_severe_prediction,0.7658169417508484,True
5503,C1,accessible_vehicle,0.7658169417508484,True
5504,B1,ai_severe_prediction,0.7658169417508484,True
5504,C1,accessible_vehicle,0.7658169417508484,True
5505,B1,ai_severe_prediction,0.7658169417508484,True
5505,C1,accessible_vehicle,0.7658169417508484,True
5506,B1,ai_severe_prediction,0.7658169417508482,True
5506,C1,accessible_vehicle,0.7658169417508484,True
5507,B1,ai_severe_prediction,0.7658169417508484,True
5507,C1,accessible_vehicle,0.7658169417508484,True
5508,B1,ai_severe_prediction,0.7658169417508484,True
5508,C1,accessible_vehicle,0.7658169417508484,True
5509,B1,ai_severe_prediction,0.7658169417508484,True
5509,C1,accessible_vehicle,0.7658169417508484,True
5510,B1,ai_severe_prediction,0.7658169417508484,True
5510,C1,accessible_vehicle,0.7658169417508484,True
5511,B1,ai_severe_prediction,0.7658169417508484,True
5511,C1,accessible_vehicle,0.7658169417508485,True
5512,B1,ai_severe_prediction,0.7658169417508484,True
5512,C1,accessible_vehicle,0.7658169417508484,True
5513,B1,ai_severe_prediction,0.7658169417508484,True
5513,C1,accessible_vehicle,0.7658169417508485,True
5514,B1,ai_severe_prediction,0.7658169417508484,True
5514,C1,accessible_vehicle,0.7658169417508484,True
5515,B1,ai_severe_prediction,0.7658169417508484,True
5515,C1,accessible_vehicle,0.7658169417508484,True
5516,B1,ai_severe_prediction,0.7658169417508484,True
5516,C1,accessible_vehicle,0.7658169417508484,True
5517,B1,ai_severe_prediction,0.7658169417508485,True
5517,C1,accessible_vehicle,0.7658169417508484,True
5518,B1,ai_severe_prediction,0.7658169417508484,True
5518,C1,accessible_vehicle,0.7658169417508484,True
5519,B1,ai_severe_prediction,0.7658169417508484,True
5519,C1,accessible_vehicle,0.7658169417508484,True
5520,B1,ai_severe_prediction,0.7658169417508484,True
5520,C1,accessible_vehicle,0.7658169417508484,True
5521,B1,ai_severe_prediction,0.7658169417508485,True
5521,C1,accessible_vehicle,0.7658169417508484,True
5522,B1,ai_severe_prediction,0.7658169417508484,True
5522,C1,accessible_vehicle,0.7658169417508484,True
5523,B1,ai_severe_prediction,0.7658169417508484,True
5523,C1,accessible_vehicle,0.7658169417508484,True
5524,B1,ai_severe_prediction,0.7658169417508484,True
5524,C1,accessible_vehicle,0.7658169417508484,True
5525,B1,ai_severe_prediction,0.7658169417508484,True
5525,C1,accessible_vehicle,0.7658169417508484,True
5526,B1,ai_severe_prediction,0.7658169417508484,True
5526,C1,accessible_vehicle,0.7658169417508484,True
5527,B1,ai_severe_prediction,0.7658169417508485,True
5527,C1,accessible_vehicle,0.7658169417508484,True
5528,B1,ai_severe_prediction,0.7658169417508485,True
5528,C1,accessible_vehicle,0.7658169417508484,True
5529,B1,ai_severe_prediction,0.7658169417508484,True
5529,C1,accessible_vehicle,0.7658169417508484,True
5530,B1,ai_severe_prediction,0.7658169417508484,True
5530,C1,accessible_vehicle,0.7658169417508484,True
5531,B1,ai_severe_prediction,0.7658169417508484,True
5531,C1,accessible_vehicle,0.7658169417508484,True
5532,B1,ai_severe_prediction,0.7658169417508484,True
5532,C1,accessible_vehicle,0.7658169417508484,True
5533,B1,ai_severe_prediction,0.7658169417508484,True
5533,C1,accessible_vehicle,0.7658169417508484,True
5534,B1,ai_severe_prediction,0.7658169417508484,True
5534,C1,accessible_vehicle,0.7658169417508484,True
5535,B1,ai_severe_prediction,0.7658169417508484,True
5535,C1,accessible_vehicle,0.7658169417508484,True
5536,B1,ai_severe_prediction,0.7658169417508485,True
5536,C1,accessible_vehicle,0.7658169417508484,True
5537,B1,ai_severe_prediction,0.7658169417508484,True
5537,C1,accessible_vehicle,0.7658169417508484,True
5538,B1,ai_severe_prediction,0.7658169417508484,True
5538,C1,accessible_vehicle,0.7658169417508484,True
5539,B1,ai_severe_prediction,0.7658169417508485,True
5539,C1,accessible_vehicle,0.7658169417508484,True
5540,B1,ai_severe_prediction,0.7658169417508484,True
5540,C1,accessible_vehicle,0.7658169417508485,True
5541,B1,ai_severe_prediction,0.7658169417508484,True
5541,C1,accessible_vehicle,0.7658169417508485,True
5542,B1,ai_severe_prediction,0.7658169417508485,True
5542,C1,accessible_vehicle,0.7658169417508484,True
5543,B1,ai_severe_prediction,0.7658169417508485,True
5543,C1,accessible_vehicle,0.7658169417508485,True
5544,B1,ai_severe_prediction,0.7658169417508484,True
5544,C1,accessible_vehicle,0.7658169417508484,True
5545,B1,ai_severe_prediction,0.7658169417508485,True
5545,C1,accessible_vehicle,0.7658169417508484,True
5546,B1,ai_severe_prediction,0.7658169417508484,True
5546,C1,accessible_vehicle,0.7658169417508484,True
5547,B1,ai_severe_prediction,0.7658169417508484,True
5547,C1,accessible_vehicle,0.7658169417508484,True
5548,B1,ai_severe_prediction,0.7658169417508484,True
5548,C1,accessible_vehicle,0.7658169417508484,True
5549,B1,ai_severe_prediction,0.7658169417508484,True
5549,C1,accessible_vehicle,0.7658169417508484,True
5550,B1,ai_severe_prediction,0.7658169417508484,True
5550,C1,accessible_vehicle,0.7658169417508484,True
5551,B1,ai_severe_prediction,0.7658169417508484,True
5551,C1,accessible_vehicle,0.7658169417508484,True
5552,B1,ai_severe_prediction,0.7658169417508485,True
5552,C1,accessible_vehicle,0.7658169417508484,True
5553,B1,ai_severe_prediction,0.7658169417508484,True
5553,C1,accessible_vehicle,0.7658169417508484,True
5554,B1,ai_severe_prediction,0.7658169417508484,True
5554,C1,accessible_vehicle,0.7658169417508484,True
5555,B1,ai_severe_prediction,0.7658169417508484,True
5555,C1,accessible_vehicle,0.7658169417508484,True
5556,B1,ai_severe_prediction,0.7658169417508484,True
5556,C1,accessible_vehicle,0.7658169417508484,True
5557,B1,ai_severe_prediction,0.7658169417508484,True
5557,C1,accessible_vehicle,0.7658169417508484,True
5558,B1,ai_severe_prediction,0.7658169417508484,True
5558,C1,accessible_vehicle,0.7658169417508484,True
5559,B1,ai_severe_prediction,0.7658169417508484,True
5559,C1,accessible_vehicle,0.7658169417508484,True
5560,B1,ai_severe_prediction,0.7658169417508484,True
5560,C1,accessible_vehicle,0.7658169417508484,True
5561,B1,ai_severe_prediction,0.7658169417508484,True
5561,C1,accessible_vehicle,0.7658169417508484,True
5562,B1,ai_severe_prediction,0.7658169417508484,True
5562,C1,accessible_vehicle,0.7658169417508484,True
5563,B1,ai_severe_prediction,0.7658169417508484,True
5563,C1,accessible_vehicle,0.7658169417508485,True
5564,B1,ai_severe_prediction,0.7658169417508484,True
5564,C1,accessible_vehicle,0.7658169417508484,True
5565,B1,ai_severe_prediction,0.7658169417508485,True
5565,C1,accessible_vehicle,0.7658169417508484,True
5566,B1,ai_severe_prediction,0.7658169417508484,True
5566,C1,accessible_vehicle,0.7658169417508484,True
5567,B1,ai_severe_prediction,0.7658169417508484,True
5567,C1,accessible_vehicle,0.7658169417508484,True
5568,B1,ai_severe_prediction,0.7658169417508484,True
5568,C1,accessible_vehicle,0.7658169417508484,True
5569,B1,ai_severe_prediction,0.7658169417508484,True
5569,C1,accessible_vehicle,0.7658169417508484,True
5570,B1,ai_severe_prediction,0.7658169417508484,True
5570,C1,accessible_vehicle,0.7658169417508484,True
5571,B1,ai_severe_prediction,0.7658169417508486,True
5571,C1,accessible_vehicle,0.7658169417508484,True
5572,B1,ai_severe_prediction,0.7658169417508484,True
5572,C1,accessible_vehicle,0.7658169417508484,True
5573,B1,ai_severe_prediction,0.7658169417508484,True
5573,C1,accessible_vehicle,0.7658169417508484,True
5574,B1,ai_severe_prediction,0.7658169417508484,True
5574,C1,accessible_vehicle,0.7658169417508484,True
5575,B1,ai_severe_prediction,0.7658169417508484,True
5575,C1,accessible_vehicle,0.7658169417508484,True
5576,B1,ai_severe_prediction,0.7658169417508484,True
5576,C1,accessible_vehicle,0.7658169417508485,True
5577,B1,ai_severe_prediction,0.7658169417508484,True
5577,C1,accessible_vehicle,0.7658169417508484,True
5578,B1,ai_severe_prediction,0.7658169417508484,True
5578,C1,accessible_vehicle,0.7658169417508484,True
5579,B1,ai_severe_prediction,0.7658169417508484,True
5579,C1,accessible_vehicle,0.7658169417508484,True
5580,B1,ai_severe_prediction,0.7659108125271034,True
5580,C1,accessible_vehicle,0.7659108125271034,True
5581,B1,ai_severe_prediction,0.7659108125271034,True
5581,C1,accessible_vehicle,0.7659108125271034,True
5582,B1,ai_severe_prediction,0.7659108125271034,True
5582,C1,accessible_vehicle,0.7659108125271034,True
5583,B1,ai_severe_prediction,0.7659108125271034,True
5583,C1,accessible_vehicle,0.7659108125271034,True
5584,B1,ai_severe_prediction,0.7659108125271034,True
5584,C1,accessible_vehicle,0.7659108125271034,True
5585,B1,ai_severe_prediction,0.7659108125271034,True
5585,C1,accessible_vehicle,0.7659108125271034,True
5586,B1,ai_severe_prediction,0.7659108125271034,True
5586,C1,accessible_vehicle,0.7659108125271034,True
5587,B1,ai_severe_prediction,0.7659108125271034,True
5587,C1,accessible_vehicle,0.7659108125271034,True
5588,B1,ai_severe_prediction,0.7659108125271034,True
5588,C1,accessible_vehicle,0.7659108125271034,True
5589,B1,ai_severe_prediction,0.7659108125271034,True
5589,C1,accessible_vehicle,0.7659108125271034,True
5590,B1,ai_severe_prediction,0.7659108125271034,True
5590,C1,accessible_vehicle,0.7659108125271034,True
5591,B1,ai_severe_prediction,0.7659108125271034,True
5591,C1,accessible_vehicle,0.7659108125271034,True
5592,B1,ai_severe_prediction,0.7659108125271034,True
5592,C1,accessible_vehicle,0.7659108125271034,True
5593,B1,ai_severe_prediction,0.7659108125271034,True
5593,C1,accessible_vehicle,0.7659108125271034,True
5594,B1,ai_severe_prediction,0.7659108125271034,True
5594,C1,accessible_vehicle,0.7659108125271034,True
5595,B1,ai_severe_prediction,0.7659108125271034,True
5595,C1,accessible_vehicle,0.7659108125271032,True
5596,B1,ai_severe_prediction,0.7659108125271034,True
5596,C1,accessible_vehicle,0.7659108125271034,True
5597,B1,ai_severe_prediction,0.7659108125271034,True
5597,C1,accessible_vehicle,0.7659108125271034,True
5598,B1,ai_severe_prediction,0.7659108125271036,True
5598,C1,accessible_vehicle,0.7659108125271034,True
5599,B1,ai_severe_prediction,0.7659108125271034,True
5599,C1,accessible_vehicle,0.7659108125271034,True
5600,B1,ai_severe_prediction,0.7659108125271034,True
5600,C1,accessible_vehicle,0.7659108125271032,True
5601,B1,ai_severe_prediction,0.7659108125271034,True
5601,C1,accessible_vehicle,0.7659108125271034,True
5602,B1,ai_severe_prediction,0.7659108125271034,True
5602,C1,accessible_vehicle,0.7659108125271034,True
5603,B1,ai_severe_prediction,0.7659108125271034,True
5603,C1,accessible_vehicle,0.7659108125271034,True
5604,B1,ai_severe_prediction,0.7659108125271034,True
5604,C1,accessible_vehicle,0.7659108125271034,True
5605,B1,ai_severe_prediction,0.7659108125271034,True
5605,C1,accessible_vehicle,0.7659108125271034,True
5606,B1,ai_severe_prediction,0.7659108125271034,True
5606,C1,accessible_vehicle,0.7659108125271034,True
5607,B1,ai_severe_prediction,0.7659108125271034,True
5607,C1,accessible_vehicle,0.7659108125271034,True
5608,B1,ai_severe_prediction,0.7659108125271036,True
5608,C1,accessible_vehicle,0.7659108125271034,True
5609,B1,ai_severe_prediction,0.7659108125271034,True
5609,C1,accessible_vehicle,0.7659108125271034,True
5610,B1,ai_severe_prediction,0.7659108125271034,True
5610,C1,accessible_vehicle,0.7659108125271034,True
5611,B1,ai_severe_prediction,0.7659108125271034,True
5611,C1,accessible_vehicle,0.7659108125271032,True
5612,B1,ai_severe_prediction,0.7659108125271037,True
5612,C1,accessible_vehicle,0.7659108125271034,True
5613,B1,ai_severe_prediction,0.7659108125271034,True
5613,C1,accessible_vehicle,0.7659108125271034,True
5614,B1,ai_severe_prediction,0.7659108125271036,True
5614,C1,accessible_vehicle,0.7659108125271034,True
5615,B1,ai_severe_prediction,0.7659108125271036,True
5615,C1,accessible_vehicle,0.7659108125271034,True
5616,B1,ai_severe_prediction,0.7659108125271036,True
5616,C1,accessible_vehicle,0.7659108125271034,True
5617,B1,ai_severe_prediction,0.7659108125271034,True
5617,C1,accessible_vehicle,0.7659108125271034,True
5618,B1,ai_severe_prediction,0.7659108125271034,True
5618,C1,accessible_vehicle,0.7659108125271034,True
5619,B1,ai_severe_prediction,0.7659108125271034,True
5619,C1,accessible_vehicle,0.7659108125271034,True
5620,B1,ai_severe_prediction,0.7659108125271034,True
5620,C1,accessible_vehicle,0.7659108125271034,True
5621,B1,ai_severe_prediction,0.7659108125271034,True
5621,C1,accessible_vehicle,0.7659108125271034,True
5622,B1,ai_severe_prediction,0.7659108125271034,True
5622,C1,accessible_vehicle,0.7659108125271034,True
5623,B1,ai_severe_prediction,0.7659108125271034,True
5623,C1,accessible_vehicle,0.7659108125271034,True
5624,B1,ai_severe_prediction,0.7659108125271034,True
5624,C1,accessible_vehicle,0.7659108125271034,True
5625,B1,ai_severe_prediction,0.7659108125271034,True
5625,C1,accessible_vehicle,0.7659108125271034,True
5626,B1,ai_severe_prediction,0.7659108125271034,True
5626,C1,accessible_vehicle,0.7659108125271034,True
5627,B1,ai_severe_prediction,0.7659108125271034,True
5627,C1,accessible_vehicle,0.7659108125271034,True
5628,B1,ai_severe_prediction,0.7659108125271034,True
5628,C1,accessible_vehicle,0.7659108125271034,True
5629,B1,ai_severe_prediction,0.7659108125271034,True
5629,C1,accessible_vehicle,0.7659108125271034,True
5630,B1,ai_severe_prediction,0.7659108125271034,True
5630,C1,accessible_vehicle,0.7659108125271034,True
5631,B1,ai_severe_prediction,0.7659108125271034,True
5631,C1,accessible_vehicle,0.7659108125271034,True
5632,B1,ai_severe_prediction,0.7659108125271036,True
5632,C1,accessible_vehicle,0.7659108125271034,True
5633,B1,ai_severe_prediction,0.7659108125271034,True
5633,C1,accessible_vehicle,0.7659108125271034,True
5634,B1,ai_severe_prediction,0.7659108125271034,True
5634,C1,accessible_vehicle,0.7659108125271034,True
5635,B1,ai_severe_prediction,0.7659108125271034,True
5635,C1,accessible_vehicle,0.7659108125271034,True
5636,B1,ai_severe_prediction,0.7659108125271034,True
5636,C1,accessible_vehicle,0.7659108125271034,True
5637,B1,ai_severe_prediction,0.7659108125271034,True
5637,C1,accessible_vehicle,0.7659108125271034,True
5638,B1,ai_severe_prediction,0.7659108125271034,True
5638,C1,accessible_vehicle,0.7659108125271034,True
5639,B1,ai_severe_prediction,0.7659108125271034,True
5639,C1,accessible_vehicle,0.7659108125271034,True
5640,B1,ai_severe_prediction,0.7659108125271034,True
5640,C1,accessible_vehicle,0.7659108125271034,True
5641,B1,ai_severe_prediction,0.7659108125271034,True
5641,C1,accessible_vehicle,0.7659108125271034,True
5642,B1,ai_severe_prediction,0.7659108125271034,True
5642,C1,accessible_vehicle,0.7659108125271034,True
5643,B1,ai_severe_prediction,0.7659108125271034,True
5643,C1,accessible_vehicle,0.7659108125271034,True
5644,B1,ai_severe_prediction,0.7659108125271034,True
5644,C1,accessible_vehicle,0.7659108125271034,True
5645,B1,ai_severe_prediction,0.7659108125271034,True
5645,C1,accessible_vehicle,0.7659108125271034,True
5646,B1,ai_severe_prediction,0.7659108125271034,True
5646,C1,accessible_vehicle,0.7659108125271034,True
5647,B1,ai_severe_prediction,0.7659108125271034,True
5647,C1,accessible_vehicle,0.7659108125271034,True
5648,B1,ai_severe_prediction,0.7659108125271034,True
5648,C1,accessible_vehicle,0.7659108125271034,True
5649,B1,ai_severe_prediction,0.7659108125271034,True
5649,C1,accessible_vehicle,0.7659108125271034,True
5650,B1,ai_severe_prediction,0.7659108125271034,True
5650,C1,accessible_vehicle,0.7659108125271034,True
5651,B1,ai_severe_prediction,0.7659108125271034,True
5651,C1,accessible_vehicle,0.7659108125271034,True
5652,B1,ai_severe_prediction,0.7659108125271034,True
5652,C1,accessible_vehicle,0.7659108125271037,True
5653,B1,ai_severe_prediction,0.7659108125271034,True
5653,C1,accessible_vehicle,0.7659108125271034,True
5654,B1,ai_severe_prediction,0.7659108125271034,True
5654,C1,accessible_vehicle,0.7659108125271034,True
5655,B1,ai_severe_prediction,0.7659108125271034,True
5655,C1,accessible_vehicle,0.7659108125271034,True
5656,B1,ai_severe_prediction,0.7659108125271034,True
5656,C1,accessible_vehicle,0.7659108125271034,True
5657,B1,ai_severe_prediction,0.7659108125271034,True
5657,C1,accessible_vehicle,0.7659108125271034,True
5658,B1,ai_severe_prediction,0.7659108125271034,True
5658,C1,accessible_vehicle,0.7659108125271034,True
5659,B1,ai_severe_prediction,0.7659108125271034,True
5659,C1,accessible_vehicle,0.7659108125271034,True
5660,B1,ai_severe_prediction,0.7659108125271034,True
5660,C1,accessible_vehicle,0.7659108125271034,True
5661,B1,ai_severe_prediction,0.7659108125271034,True
5661,C1,accessible_vehicle,0.7659108125271034,True
5662,B1,ai_severe_prediction,0.7659108125271034,True
5662,C1,accessible_vehicle,0.7659108125271034,True
5663,B1,ai_severe_prediction,0.7659108125271034,True
5663,C1,accessible_vehicle,0.7659108125271034,True
5664,B1,ai_severe_prediction,0.7659108125271034,True
5664,C1,accessible_vehicle,0.7659108125271034,True
5665,B1,ai_severe_prediction,0.7659108125271034,True
5665,C1,accessible_vehicle,0.7659108125271034,True
5666,B1,ai_severe_prediction,0.7659108125271034,True
5666,C1,accessible_vehicle,0.7659108125271034,True
5667,B1,ai_severe_prediction,0.7659108125271034,True
5667,C1,accessible_vehicle,0.7659108125271034,True
5668,B1,ai_severe_prediction,0.7659108125271034,True
5668,C1,accessible_vehicle,0.7659108125271034,True
5669,B1,ai_severe_prediction,0.7659108125271034,True
5669,C1,accessible_vehicle,0.7659108125271034,True
5670,B1,ai_severe_prediction,0.7659108125271034,True
5670,C1,accessible_vehicle,0.7659108125271034,True
5671,B1,ai_severe_prediction,0.7659108125271034,True
5671,C1,accessible_vehicle,0.7659108125271034,True
5672,B1,ai_severe_prediction,0.7659108125271034,True
5672,C1,accessible_vehicle,0.7659108125271034,True
5673,B1,ai_severe_prediction,0.7659108125271034,True
5673,C1,accessible_vehicle,0.7659108125271034,True
5674,B1,ai_severe_prediction,0.7659108125271034,True
5674,C1,accessible_vehicle,0.7659108125271034,True
5675,B1,ai_severe_prediction,0.7659108125271034,True
5675,C1,accessible_vehicle,0.7659108125271034,True
5676,B1,ai_severe_prediction,0.7659108125271034,True
5676,C1,accessible_vehicle,0.7659108125271034,True
5677,B1,ai_severe_prediction,0.7659108125271034,True
5677,C1,accessible_vehicle,0.7659108125271034,True
5678,B1,ai_severe_prediction,0.7659108125271034,True
5678,C1,accessible_vehicle,0.7659108125271034,True
5679,B1,ai_severe_prediction,0.7659108125271034,True
5679,C1,accessible_vehicle,0.7659108125271034,True
5680,B1,ai_severe_prediction,0.7659108125271034,True
5680,C1,accessible_vehicle,0.7659108125271034,True
5681,B1,ai_severe_prediction,0.7659108125271034,True
5681,C1,accessible_vehicle,0.7659108125271034,True
5682,B1,ai_severe_prediction,0.7659108125271034,True
5682,C1,accessible_vehicle,0.7659108125271034,True
5683,B1,ai_severe_prediction,0.7659108125271034,True
5683,C1,accessible_vehicle,0.7659108125271034,True
5684,B1,ai_severe_prediction,0.7659108125271034,True
5684,C1,accessible_vehicle,0.7659108125271034,True
5685,B1,ai_severe_prediction,0.7659108125271034,True
5685,C1,accessible_vehicle,0.7659108125271034,True
5686,B1,ai_severe_prediction,0.7659108125271034,True
5686,C1,accessible_vehicle,0.7659108125271034,True
5687,B1,ai_severe_prediction,0.7659108125271036,True
5687,C1,accessible_vehicle,0.7659108125271036,True
5688,B1,ai_severe_prediction,0.7659108125271034,True
5688,C1,accessible_vehicle,0.7659108125271034,True
5689,B1,ai_severe_prediction,0.7659108125271034,True
5689,C1,accessible_vehicle,0.7659108125271034,True
5690,B1,ai_severe_prediction,0.7659108125271034,True
5690,C1,accessible_vehicle,0.7659108125271034,True
5691,B1,ai_severe_prediction,0.7659108125271034,True
5691,C1,accessible_vehicle,0.7659108125271034,True
5692,B1,ai_severe_prediction,0.7659108125271034,True
5692,C1,accessible_vehicle,0.7659108125271034,True
5693,B1,ai_severe_prediction,0.7659108125271034,True
5693,C1,accessible_vehicle,0.7659108125271034,True
5694,B1,ai_severe_prediction,0.7659108125271034,True
5694,C1,accessible_vehicle,0.7659108125271034,True
5695,B1,ai_severe_prediction,0.7659108125271034,True
5695,C1,accessible_vehicle,0.7659108125271034,True
5696,B1,ai_severe_prediction,0.7659108125271036,True
5696,C1,accessible_vehicle,0.7659108125271034,True
5697,B1,ai_severe_prediction,0.7659108125271034,True
5697,C1,accessible_vehicle,0.7659108125271034,True
5698,B1,ai_severe_prediction,0.7659108125271036,True
5698,C1,accessible_vehicle,0.7659108125271034,True
5699,B1,ai_severe_prediction,0.7659108125271034,True
5699,C1,accessible_vehicle,0.7659108125271034,True
5700,B1,ai_severe_prediction,0.7659108125271034,True
5700,C1,accessible_vehicle,0.7659108125271034,True
5701,B1,ai_severe_prediction,0.7659108125271034,True
5701,C1,accessible_vehicle,0.7659108125271034,True
5702,B1,ai_severe_prediction,0.7659108125271034,True
5702,C1,accessible_vehicle,0.7659108125271034,True
5703,B1,ai_severe_prediction,0.7659108125271034,True
5703,C1,accessible_vehicle,0.7659108125271034,True
5704,B1,ai_severe_prediction,0.7659108125271034,True
5704,C1,accessible_vehicle,0.7659108125271034,True
5705,B1,ai_severe_prediction,0.7659108125271034,True
5705,C1,accessible_vehicle,0.7659108125271034,True
5706,B1,ai_severe_prediction,0.7659108125271034,True
5706,C1,accessible_vehicle,0.7659108125271034,True
5707,B1,ai_severe_prediction,0.7659108125271034,True
5707,C1,accessible_vehicle,0.7659108125271034,True
5708,B1,ai_severe_prediction,0.7659108125271034,True
5708,C1,accessible_vehicle,0.7659108125271034,True
5709,B1,ai_severe_prediction,0.7659108125271034,True
5709,C1,accessible_vehicle,0.7659108125271034,True
5710,B1,ai_severe_prediction,0.7659108125271034,True
5710,C1,accessible_vehicle,0.7659108125271034,True
5711,B1,ai_severe_prediction,0.7659108125271034,True
5711,C1,accessible_vehicle,0.7659108125271034,True
5712,B1,ai_severe_prediction,0.7659108125271034,True
5712,C1,accessible_vehicle,0.7659108125271034,True
5713,B1,ai_severe_prediction,0.7659108125271034,True
5713,C1,accessible_vehicle,0.7659108125271034,True
5714,B1,ai_severe_prediction,0.7659108125271036,True
5714,C1,accessible_vehicle,0.7659108125271034,True
5715,B1,ai_severe_prediction,0.7659108125271034,True
5715,C1,accessible_vehicle,0.7659108125271034,True
5716,B1,ai_severe_prediction,0.7659108125271034,True
5716,C1,accessible_vehicle,0.7659108125271034,True
5717,B1,ai_severe_prediction,0.7659108125271036,True
5717,C1,accessible_vehicle,0.7659108125271034,True
5718,B1,ai_severe_prediction,0.7659108125271034,True
5718,C1,accessible_vehicle,0.7659108125271034,True
5719,B1,ai_severe_prediction,0.7659108125271034,True
5719,C1,accessible_vehicle,0.7659108125271034,True
5720,B1,ai_severe_prediction,0.7659108125271034,True
5720,C1,accessible_vehicle,0.7659108125271034,True
5721,B1,ai_severe_prediction,0.7659108125271034,True
5721,C1,accessible_vehicle,0.7659108125271034,True
5722,B1,ai_severe_prediction,0.7659108125271034,True
5722,C1,accessible_vehicle,0.7659108125271034,True
5723,B1,ai_severe_prediction,0.7659108125271036,True
5723,C1,accessible_vehicle,0.7659108125271034,True
5724,B1,ai_severe_prediction,0.7659108125271034,True
5724,C1,accessible_vehicle,0.7659108125271034,True
5725,B1,ai_severe_prediction,0.7659108125271034,True
5725,C1,accessible_vehicle,0.7659108125271034,True
5726,B1,ai_severe_prediction,0.7659108125271034,True
5726,C1,accessible_vehicle,0.7659108125271034,True
5727,B1,ai_severe_prediction,0.7659108125271034,True
5727,C1,accessible_vehicle,0.7659108125271034,True
5728,B1,ai_severe_prediction,0.7659108125271034,True
5728,C1,accessible_vehicle,0.7659108125271034,True
5729,B1,ai_severe_prediction,0.7659108125271034,True
5729,C1,accessible_vehicle,0.7659108125271034,True
5730,B1,ai_severe_prediction,0.7659108125271034,True
5730,C1,accessible_vehicle,0.7659108125271034,True
5731,B1,ai_severe_prediction,0.7659108125271034,True
5731,C1,accessible_vehicle,0.7659108125271037,True
5732,B1,ai_severe_prediction,0.7659108125271034,True
5732,C1,accessible_vehicle,0.7659108125271034,True
5733,B1,ai_severe_prediction,0.7659108125271034,True
5733,C1,accessible_vehicle,0.7659108125271034,True
5734,B1,ai_severe_prediction,0.7659108125271034,True
5734,C1,accessible_vehicle,0.7659108125271034,True
5735,B1,ai_severe_prediction,0.7659108125271034,True
5735,C1,accessible_vehicle,0.7659108125271034,True
5736,B1,ai_severe_prediction,0.7659108125271034,True
5736,C1,accessible_vehicle,0.7659108125271034,True
5737,B1,ai_severe_prediction,0.7659108125271034,True
5737,C1,accessible_vehicle,0.7659108125271034,True
5738,B1,ai_severe_prediction,0.7659108125271034,True
5738,C1,accessible_vehicle,0.7659108125271034,True
5739,B1,ai_severe_prediction,0.7659108125271034,True
5739,C1,accessible_vehicle,0.7659108125271034,True
5740,B1,ai_severe_prediction,0.7659108125271034,True
5740,C1,accessible_vehicle,0.7659108125271034,True
5741,B1,ai_severe_prediction,0.7659108125271034,True
5741,C1,accessible_vehicle,0.7659108125271034,True
5742,B1,ai_severe_prediction,0.7659108125271034,True
5742,C1,accessible_vehicle,0.7659108125271034,True
5743,B1,ai_severe_prediction,0.7659108125271034,True
5743,C1,accessible_vehicle,0.7659108125271034,True
5744,B1,ai_severe_prediction,0.7659108125271034,True
5744,C1,accessible_vehicle,0.7659108125271034,True
5745,B1,ai_severe_prediction,0.7659108125271034,True
5745,C1,accessible_vehicle,0.7659108125271034,True
5746,B1,ai_severe_prediction,0.7659108125271034,True
5746,C1,accessible_vehicle,0.7659108125271034,True
5747,B1,ai_severe_prediction,0.7659108125271034,True
5747,C1,accessible_vehicle,0.7659108125271034,True
5748,B1,ai_severe_prediction,0.7659108125271034,True
5748,C1,accessible_vehicle,0.7659108125271034,True
5749,B1,ai_severe_prediction,0.7659108125271034,True
5749,C1,accessible_vehicle,0.7659108125271034,True
5750,B1,ai_severe_prediction,0.7659108125271034,True
5750,C1,accessible_vehicle,0.7659108125271034,True
5751,B1,ai_severe_prediction,0.7659108125271034,True
5751,C1,accessible_vehicle,0.7659108125271034,True
5752,B1,ai_severe_prediction,0.7659108125271034,True
5752,C1,accessible_vehicle,0.7659108125271034,True
5753,B1,ai_severe_prediction,0.7659108125271034,True
5753,C1,accessible_vehicle,0.7659108125271034,True
5754,B1,ai_severe_prediction,0.7659108125271032,True
5754,C1,accessible_vehicle,0.7659108125271036,True
5755,B1,ai_severe_prediction,0.7659108125271034,True
5755,C1,accessible_vehicle,0.7659108125271034,True
5756,B1,ai_severe_prediction,0.7659108125271034,True
5756,C1,accessible_vehicle,0.7659108125271034,True
5757,B1,ai_severe_prediction,0.7659108125271034,True
5757,C1,accessible_vehicle,0.7659108125271034,True
5758,B1,ai_severe_prediction,0.7659108125271034,True
5758,C1,accessible_vehicle,0.7659108125271034,True
5759,B1,ai_severe_prediction,0.7659108125271034,True
5759,C1,accessible_vehicle,0.7659108125271034,True
5760,B1,ai_severe_prediction,0.767218802912716,True
5760,C1,accessible_vehicle,0.767218802912716,True
5761,B1,ai_severe_prediction,0.767218802912716,True
5761,C1,accessible_vehicle,0.767218802912716,True
5762,B1,ai_severe_prediction,0.767218802912716,True
5762,C1,accessible_vehicle,0.767218802912716,True
5763,B1,ai_severe_prediction,0.767218802912716,True
5763,C1,accessible_vehicle,0.767218802912716,True
5764,B1,ai_severe_prediction,0.767218802912716,True
5764,C1,accessible_vehicle,0.7672188029127159,True
5765,B1,ai_severe_prediction,0.767218802912716,True
5765,C1,accessible_vehicle,0.767218802912716,True
5766,B1,ai_severe_prediction,0.767218802912716,True
5766,C1,accessible_vehicle,0.767218802912716,True
5767,B1,ai_severe_prediction,0.767218802912716,True
5767,C1,accessible_vehicle,0.767218802912716,True
5768,B1,ai_severe_prediction,0.767218802912716,True
5768,C1,accessible_vehicle,0.767218802912716,True
5769,B1,ai_severe_prediction,0.767218802912716,True
5769,C1,accessible_vehicle,0.767218802912716,True
5770,B1,ai_severe_prediction,0.767218802912716,True
5770,C1,accessible_vehicle,0.767218802912716,True
5771,B1,ai_severe_prediction,0.767218802912716,True
5771,C1,accessible_vehicle,0.767218802912716,True
5772,B1,ai_severe_prediction,0.767218802912716,True
5772,C1,accessible_vehicle,0.767218802912716,True
5773,B1,ai_severe_prediction,0.767218802912716,True
5773,C1,accessible_vehicle,0.767218802912716,True
5774,B1,ai_severe_prediction,0.767218802912716,True
5774,C1,accessible_vehicle,0.767218802912716,True
5775,B1,ai_severe_prediction,0.767218802912716,True
5775,C1,accessible_vehicle,0.767218802912716,True
5776,B1,ai_severe_prediction,0.767218802912716,True
5776,C1,accessible_vehicle,0.767218802912716,True
5777,B1,ai_severe_prediction,0.767218802912716,True
5777,C1,accessible_vehicle,0.767218802912716,True
5778,B1,ai_severe_prediction,0.767218802912716,True
5778,C1,accessible_vehicle,0.767218802912716,True
5779,B1,ai_severe_prediction,0.767218802912716,True
5779,C1,accessible_vehicle,0.767218802912716,True
5780,B1,ai_severe_prediction,0.767218802912716,True
5780,C1,accessible_vehicle,0.767218802912716,True
5781,B1,ai_severe_prediction,0.767218802912716,True
5781,C1,accessible_vehicle,0.767218802912716,True
5782,B1,ai_severe_prediction,0.767218802912716,True
5782,C1,accessible_vehicle,0.767218802912716,True
5783,B1,ai_severe_prediction,0.767218802912716,True
5783,C1,accessible_vehicle,0.767218802912716,True
5784,B1,ai_severe_prediction,0.767218802912716,True
5784,C1,accessible_vehicle,0.767218802912716,True
5785,B1,ai_severe_prediction,0.767218802912716,True
5785,C1,accessible_vehicle,0.767218802912716,True
5786,B1,ai_severe_prediction,0.767218802912716,True
5786,C1,accessible_vehicle,0.767218802912716,True
5787,B1,ai_severe_prediction,0.767218802912716,True
5787,C1,accessible_vehicle,0.767218802912716,True
5788,B1,ai_severe_prediction,0.767218802912716,True
5788,C1,accessible_vehicle,0.767218802912716,True
5789,B1,ai_severe_prediction,0.767218802912716,True
5789,C1,accessible_vehicle,0.767218802912716,True
5790,B1,ai_severe_prediction,0.767218802912716,True
5790,C1,accessible_vehicle,0.7672188029127159,True
5791,B1,ai_severe_prediction,0.767218802912716,True
5791,C1,accessible_vehicle,0.767218802912716,True
5792,B1,ai_severe_prediction,0.767218802912716,True
5792,C1,accessible_vehicle,0.767218802912716,True
5793,B1,ai_severe_prediction,0.767218802912716,True
5793,C1,accessible_vehicle,0.767218802912716,True
5794,B1,ai_severe_prediction,0.767218802912716,True
5794,C1,accessible_vehicle,0.767218802912716,True
5795,B1,ai_severe_prediction,0.767218802912716,True
5795,C1,accessible_vehicle,0.767218802912716,True
5796,B1,ai_severe_prediction,0.767218802912716,True
5796,C1,accessible_vehicle,0.767218802912716,True
5797,B1,ai_severe_prediction,0.767218802912716,True
5797,C1,accessible_vehicle,0.767218802912716,True
5798,B1,ai_severe_prediction,0.7672188029127159,True
5798,C1,accessible_vehicle,0.767218802912716,True
5799,B1,ai_severe_prediction,0.767218802912716,True
5799,C1,accessible_vehicle,0.767218802912716,True
5800,B1,ai_severe_prediction,0.767218802912716,True
5800,C1,accessible_vehicle,0.767218802912716,True
5801,B1,ai_severe_prediction,0.767218802912716,True
5801,C1,accessible_vehicle,0.7672188029127162,True
5802,B1,ai_severe_prediction,0.767218802912716,True
5802,C1,accessible_vehicle,0.767218802912716,True
5803,B1,ai_severe_prediction,0.767218802912716,True
5803,C1,accessible_vehicle,0.767218802912716,True
5804,B1,ai_severe_prediction,0.767218802912716,True
5804,C1,accessible_vehicle,0.7672188029127162,True
5805,B1,ai_severe_prediction,0.7672188029127162,True
5805,C1,accessible_vehicle,0.767218802912716,True
5806,B1,ai_severe_prediction,0.767218802912716,True
5806,C1,accessible_vehicle,0.767218802912716,True
5807,B1,ai_severe_prediction,0.767218802912716,True
5807,C1,accessible_vehicle,0.767218802912716,True
5808,B1,ai_severe_prediction,0.767218802912716,True
5808,C1,accessible_vehicle,0.767218802912716,True
5809,B1,ai_severe_prediction,0.767218802912716,True
5809,C1,accessible_vehicle,0.767218802912716,True
5810,B1,ai_severe_prediction,0.767218802912716,True
5810,C1,accessible_vehicle,0.767218802912716,True
5811,B1,ai_severe_prediction,0.767218802912716,True
5811,C1,accessible_vehicle,0.767218802912716,True
5812,B1,ai_severe_prediction,0.767218802912716,True
5812,C1,accessible_vehicle,0.767218802912716,True
5813,B1,ai_severe_prediction,0.767218802912716,True
5813,C1,accessible_vehicle,0.767218802912716,True
5814,B1,ai_severe_prediction,0.767218802912716,True
5814,C1,accessible_vehicle,0.767218802912716,True
5815,B1,ai_severe_prediction,0.767218802912716,True
5815,C1,accessible_vehicle,0.767218802912716,True
5816,B1,ai_severe_prediction,0.767218802912716,True
5816,C1,accessible_vehicle,0.767218802912716,True
5817,B1,ai_severe_prediction,0.767218802912716,True
5817,C1,accessible_vehicle,0.767218802912716,True
5818,B1,ai_severe_prediction,0.767218802912716,True
5818,C1,accessible_vehicle,0.767218802912716,True
5819,B1,ai_severe_prediction,0.767218802912716,True
5819,C1,accessible_vehicle,0.767218802912716,True
5820,B1,ai_severe_prediction,0.767218802912716,True
5820,C1,accessible_vehicle,0.767218802912716,True
5821,B1,ai_severe_prediction,0.767218802912716,True
5821,C1,accessible_vehicle,0.767218802912716,True
5822,B1,ai_severe_prediction,0.767218802912716,True
5822,C1,accessible_vehicle,0.767218802912716,True
5823,B1,ai_severe_prediction,0.767218802912716,True
5823,C1,accessible_vehicle,0.767218802912716,True
5824,B1,ai_severe_prediction,0.767218802912716,True
5824,C1,accessible_vehicle,0.767218802912716,True
5825,B1,ai_severe_prediction,0.767218802912716,True
5825,C1,accessible_vehicle,0.767218802912716,True
5826,B1,ai_severe_prediction,0.767218802912716,True
5826,C1,accessible_vehicle,0.767218802912716,True
5827,B1,ai_severe_prediction,0.767218802912716,True
5827,C1,accessible_vehicle,0.767218802912716,True
5828,B1,ai_severe_prediction,0.7672188029127159,True
5828,C1,accessible_vehicle,0.767218802912716,True
5829,B1,ai_severe_prediction,0.767218802912716,True
5829,C1,accessible_vehicle,0.767218802912716,True
5830,B1,ai_severe_prediction,0.767218802912716,True
5830,C1,accessible_vehicle,0.767218802912716,True
5831,B1,ai_severe_prediction,0.767218802912716,True
5831,C1,accessible_vehicle,0.767218802912716,True
5832,B1,ai_severe_prediction,0.7672188029127162,True
5832,C1,accessible_vehicle,0.7672188029127162,True
5833,B1,ai_severe_prediction,0.767218802912716,True
5833,C1,accessible_vehicle,0.767218802912716,True
5834,B1,ai_severe_prediction,0.7672188029127159,True
5834,C1,accessible_vehicle,0.767218802912716,True
5835,B1,ai_severe_prediction,0.7672188029127162,True
5835,C1,accessible_vehicle,0.7672188029127162,True
5836,B1,ai_severe_prediction,0.767218802912716,True
5836,C1,accessible_vehicle,0.767218802912716,True
5837,B1,ai_severe_prediction,0.767218802912716,True
5837,C1,accessible_vehicle,0.767218802912716,True
5838,B1,ai_severe_prediction,0.767218802912716,True
5838,C1,accessible_vehicle,0.767218802912716,True
5839,B1,ai_severe_prediction,0.767218802912716,True
5839,C1,accessible_vehicle,0.767218802912716,True
5840,B1,ai_severe_prediction,0.767218802912716,True
5840,C1,accessible_vehicle,0.767218802912716,True
5841,B1,ai_severe_prediction,0.767218802912716,True
5841,C1,accessible_vehicle,0.767218802912716,True
5842,B1,ai_severe_prediction,0.767218802912716,True
5842,C1,accessible_vehicle,0.767218802912716,True
5843,B1,ai_severe_prediction,0.767218802912716,True
5843,C1,accessible_vehicle,0.767218802912716,True
5844,B1,ai_severe_prediction,0.767218802912716,True
5844,C1,accessible_vehicle,0.767218802912716,True
5845,B1,ai_severe_prediction,0.767218802912716,True
5845,C1,accessible_vehicle,0.767218802912716,True
5846,B1,ai_severe_prediction,0.767218802912716,True
5846,C1,accessible_vehicle,0.767218802912716,True
5847,B1,ai_severe_prediction,0.767218802912716,True
5847,C1,accessible_vehicle,0.767218802912716,True
5848,B1,ai_severe_prediction,0.767218802912716,True
5848,C1,accessible_vehicle,0.767218802912716,True
5849,B1,ai_severe_prediction,0.767218802912716,True
5849,C1,accessible_vehicle,0.767218802912716,True
5850,B1,ai_severe_prediction,0.767218802912716,True
5850,C1,accessible_vehicle,0.767218802912716,True
5851,B1,ai_severe_prediction,0.767218802912716,True
5851,C1,accessible_vehicle,0.767218802912716,True
5852,B1,ai_severe_prediction,0.767218802912716,True
5852,C1,accessible_vehicle,0.767218802912716,True
5853,B1,ai_severe_prediction,0.767218802912716,True
5853,C1,accessible_vehicle,0.767218802912716,True
5854,B1,ai_severe_prediction,0.767218802912716,True
5854,C1,accessible_vehicle,0.767218802912716,True
5855,B1,ai_severe_prediction,0.767218802912716,True
5855,C1,accessible_vehicle,0.767218802912716,True
5856,B1,ai_severe_prediction,0.767218802912716,True
5856,C1,accessible_vehicle,0.767218802912716,True
5857,B1,ai_severe_prediction,0.767218802912716,True
5857,C1,accessible_vehicle,0.767218802912716,True
5858,B1,ai_severe_prediction,0.767218802912716,True
5858,C1,accessible_vehicle,0.767218802912716,True
5859,B1,ai_severe_prediction,0.767218802912716,True
5859,C1,accessible_vehicle,0.767218802912716,True
5860,B1,ai_severe_prediction,0.767218802912716,True
5860,C1,accessible_vehicle,0.767218802912716,True
5861,B1,ai_severe_prediction,0.767218802912716,True
5861,C1,accessible_vehicle,0.767218802912716,True
5862,B1,ai_severe_prediction,0.767218802912716,True
5862,C1,accessible_vehicle,0.767218802912716,True
5863,B1,ai_severe_prediction,0.767218802912716,True
5863,C1,accessible_vehicle,0.767218802912716,True
5864,B1,ai_severe_prediction,0.767218802912716,True
5864,C1,accessible_vehicle,0.767218802912716,True
5865,B1,ai_severe_prediction,0.767218802912716,True
5865,C1,accessible_vehicle,0.767218802912716,True
5866,B1,ai_severe_prediction,0.767218802912716,True
5866,C1,accessible_vehicle,0.767218802912716,True
5867,B1,ai_severe_prediction,0.767218802912716,True
5867,C1,accessible_vehicle,0.767218802912716,True
5868,B1,ai_severe_prediction,0.767218802912716,True
5868,C1,accessible_vehicle,0.767218802912716,True
5869,B1,ai_severe_prediction,0.767218802912716,True
5869,C1,accessible_vehicle,0.767218802912716,True
5870,B1,ai_severe_prediction,0.767218802912716,True
5870,C1,accessible_vehicle,0.767218802912716,True
5871,B1,ai_severe_prediction,0.767218802912716,True
5871,C1,accessible_vehicle,0.767218802912716,True
5872,B1,ai_severe_prediction,0.767218802912716,True
5872,C1,accessible_vehicle,0.767218802912716,True
5873,B1,ai_severe_prediction,0.767218802912716,True
5873,C1,accessible_vehicle,0.767218802912716,True
5874,B1,ai_severe_prediction,0.767218802912716,True
5874,C1,accessible_vehicle,0.767218802912716,True
5875,B1,ai_severe_prediction,0.767218802912716,True
5875,C1,accessible_vehicle,0.767218802912716,True
5876,B1,ai_severe_prediction,0.767218802912716,True
5876,C1,accessible_vehicle,0.767218802912716,True
5877,B1,ai_severe_prediction,0.767218802912716,True
5877,C1,accessible_vehicle,0.767218802912716,True
5878,B1,ai_severe_prediction,0.767218802912716,True
5878,C1,accessible_vehicle,0.767218802912716,True
5879,B1,ai_severe_prediction,0.767218802912716,True
5879,C1,accessible_vehicle,0.767218802912716,True
5880,B1,ai_severe_prediction,0.767218802912716,True
5880,C1,accessible_vehicle,0.767218802912716,True
5881,B1,ai_severe_prediction,0.767218802912716,True
5881,C1,accessible_vehicle,0.767218802912716,True
5882,B1,ai_severe_prediction,0.767218802912716,True
5882,C1,accessible_vehicle,0.767218802912716,True
5883,B1,ai_severe_prediction,0.767218802912716,True
5883,C1,accessible_vehicle,0.767218802912716,True
5884,B1,ai_severe_prediction,0.7672188029127162,True
5884,C1,accessible_vehicle,0.767218802912716,True
5885,B1,ai_severe_prediction,0.767218802912716,True
5885,C1,accessible_vehicle,0.767218802912716,True
5886,B1,ai_severe_prediction,0.767218802912716,True
5886,C1,accessible_vehicle,0.767218802912716,True
5887,B1,ai_severe_prediction,0.767218802912716,True
5887,C1,accessible_vehicle,0.767218802912716,True
5888,B1,ai_severe_prediction,0.767218802912716,True
5888,C1,accessible_vehicle,0.767218802912716,True
5889,B1,ai_severe_prediction,0.767218802912716,True
5889,C1,accessible_vehicle,0.767218802912716,True
5890,B1,ai_severe_prediction,0.767218802912716,True
5890,C1,accessible_vehicle,0.767218802912716,True
5891,B1,ai_severe_prediction,0.767218802912716,True
5891,C1,accessible_vehicle,0.767218802912716,True
5892,B1,ai_severe_prediction,0.7672188029127159,True
5892,C1,accessible_vehicle,0.767218802912716,True
5893,B1,ai_severe_prediction,0.767218802912716,True
5893,C1,accessible_vehicle,0.767218802912716,True
5894,B1,ai_severe_prediction,0.767218802912716,True
5894,C1,accessible_vehicle,0.767218802912716,True
5895,B1,ai_severe_prediction,0.767218802912716,True
5895,C1,accessible_vehicle,0.767218802912716,True
5896,B1,ai_severe_prediction,0.767218802912716,True
5896,C1,accessible_vehicle,0.767218802912716,True
5897,B1,ai_severe_prediction,0.767218802912716,True
5897,C1,accessible_vehicle,0.767218802912716,True
5898,B1,ai_severe_prediction,0.767218802912716,True
5898,C1,accessible_vehicle,0.7672188029127162,True
5899,B1,ai_severe_prediction,0.767218802912716,True
5899,C1,accessible_vehicle,0.767218802912716,True
5900,B1,ai_severe_prediction,0.767218802912716,True
5900,C1,accessible_vehicle,0.767218802912716,True
5901,B1,ai_severe_prediction,0.767218802912716,True
5901,C1,accessible_vehicle,0.767218802912716,True
5902,B1,ai_severe_prediction,0.7672188029127162,True
5902,C1,accessible_vehicle,0.767218802912716,True
5903,B1,ai_severe_prediction,0.767218802912716,True
5903,C1,accessible_vehicle,0.767218802912716,True
5904,B1,ai_severe_prediction,0.767218802912716,True
5904,C1,accessible_vehicle,0.767218802912716,True
5905,B1,ai_severe_prediction,0.767218802912716,True
5905,C1,accessible_vehicle,0.767218802912716,True
5906,B1,ai_severe_prediction,0.767218802912716,True
5906,C1,accessible_vehicle,0.767218802912716,True
5907,B1,ai_severe_prediction,0.767218802912716,True
5907,C1,accessible_vehicle,0.767218802912716,True
5908,B1,ai_severe_prediction,0.767218802912716,True
5908,C1,accessible_vehicle,0.767218802912716,True
5909,B1,ai_severe_prediction,0.767218802912716,True
5909,C1,accessible_vehicle,0.767218802912716,True
5910,B1,ai_severe_prediction,0.767218802912716,True
5910,C1,accessible_vehicle,0.767218802912716,True
5911,B1,ai_severe_prediction,0.767218802912716,True
5911,C1,accessible_vehicle,0.767218802912716,True
5912,B1,ai_severe_prediction,0.767218802912716,True
5912,C1,accessible_vehicle,0.767218802912716,True
5913,B1,ai_severe_prediction,0.767218802912716,True
5913,C1,accessible_vehicle,0.767218802912716,True
5914,B1,ai_severe_prediction,0.767218802912716,True
5914,C1,accessible_vehicle,0.767218802912716,True
5915,B1,ai_severe_prediction,0.767218802912716,True
5915,C1,accessible_vehicle,0.767218802912716,True
5916,B1,ai_severe_prediction,0.767218802912716,True
5916,C1,accessible_vehicle,0.767218802912716,True
5917,B1,ai_severe_prediction,0.767218802912716,True
5917,C1,accessible_vehicle,0.767218802912716,True
5918,B1,ai_severe_prediction,0.767218802912716,True
5918,C1,accessible_vehicle,0.767218802912716,True
5919,B1,ai_severe_prediction,0.767218802912716,True
5919,C1,accessible_vehicle,0.767218802912716,True
5920,B1,ai_severe_prediction,0.767218802912716,True
5920,C1,accessible_vehicle,0.767218802912716,True
5921,B1,ai_severe_prediction,0.7672188029127162,True
5921,C1,accessible_vehicle,0.767218802912716,True
5922,B1,ai_severe_prediction,0.7672188029127162,True
5922,C1,accessible_vehicle,0.767218802912716,True
5923,B1,ai_severe_prediction,0.767218802912716,True
5923,C1,accessible_vehicle,0.767218802912716,True
5924,B1,ai_severe_prediction,0.767218802912716,True
5924,C1,accessible_vehicle,0.767218802912716,True
5925,B1,ai_severe_prediction,0.767218802912716,True
5925,C1,accessible_vehicle,0.767218802912716,True
5926,B1,ai_severe_prediction,0.767218802912716,True
5926,C1,accessible_vehicle,0.767218802912716,True
5927,B1,ai_severe_prediction,0.767218802912716,True
5927,C1,accessible_vehicle,0.767218802912716,True
5928,B1,ai_severe_prediction,0.7672188029127162,True
5928,C1,accessible_vehicle,0.767218802912716,True
5929,B1,ai_severe_prediction,0.767218802912716,True
5929,C1,accessible_vehicle,0.767218802912716,True
5930,B1,ai_severe_prediction,0.767218802912716,True
5930,C1,accessible_vehicle,0.7672188029127162,True
5931,B1,ai_severe_prediction,0.767218802912716,True
5931,C1,accessible_vehicle,0.767218802912716,True
5932,B1,ai_severe_prediction,0.767218802912716,True
5932,C1,accessible_vehicle,0.767218802912716,True
5933,B1,ai_severe_prediction,0.767218802912716,True
5933,C1,accessible_vehicle,0.767218802912716,True
5934,B1,ai_severe_prediction,0.767218802912716,True
5934,C1,accessible_vehicle,0.767218802912716,True
5935,B1,ai_severe_prediction,0.767218802912716,True
5935,C1,accessible_vehicle,0.767218802912716,True
5936,B1,ai_severe_prediction,0.767218802912716,True
5936,C1,accessible_vehicle,0.767218802912716,True
5937,B1,ai_severe_prediction,0.767218802912716,True
5937,C1,accessible_vehicle,0.767218802912716,True
5938,B1,ai_severe_prediction,0.767218802912716,True
5938,C1,accessible_vehicle,0.767218802912716,True
5939,B1,ai_severe_prediction,0.767218802912716,True
5939,C1,accessible_vehicle,0.767218802912716,True
5940,B1,ai_severe_prediction,0.767218802912716,True
5940,C1,accessible_vehicle,0.767218802912716,True
5941,B1,ai_severe_prediction,0.767218802912716,True
5941,C1,accessible_vehicle,0.767218802912716,True
5942,B1,ai_severe_prediction,0.767218802912716,True
5942,C1,accessible_vehicle,0.767218802912716,True
5943,B1,ai_severe_prediction,0.767218802912716,True
5943,C1,accessible_vehicle,0.767218802912716,True
5944,B1,ai_severe_prediction,0.767218802912716,True
5944,C1,accessible_vehicle,0.767218802912716,True
5945,B1,ai_severe_prediction,0.767218802912716,True
5945,C1,accessible_vehicle,0.767218802912716,True
5946,B1,ai_severe_prediction,0.767218802912716,True
5946,C1,accessible_vehicle,0.767218802912716,True
5947,B1,ai_severe_prediction,0.767218802912716,True
5947,C1,accessible_vehicle,0.767218802912716,True
5948,B1,ai_severe_prediction,0.767218802912716,True
5948,C1,accessible_vehicle,0.7672188029127162,True
5949,B1,ai_severe_prediction,0.767218802912716,True
5949,C1,accessible_vehicle,0.767218802912716,True
5950,B1,ai_severe_prediction,0.767218802912716,True
5950,C1,accessible_vehicle,0.767218802912716,True
5951,B1,ai_severe_prediction,0.767218802912716,True
5951,C1,accessible_vehicle,0.767218802912716,True
5952,B1,ai_severe_prediction,0.767218802912716,True
5952,C1,accessible_vehicle,0.767218802912716,True
5953,B1,ai_severe_prediction,0.767218802912716,True
5953,C1,accessible_vehicle,0.767218802912716,True
5954,B1,ai_severe_prediction,0.767218802912716,True
5954,C1,accessible_vehicle,0.767218802912716,True
5955,B1,ai_severe_prediction,0.767218802912716,True
5955,C1,accessible_vehicle,0.767218802912716,True
5956,B1,ai_severe_prediction,0.767218802912716,True
5956,C1,accessible_vehicle,0.767218802912716,True
5957,B1,ai_severe_prediction,0.767218802912716,True
5957,C1,accessible_vehicle,0.767218802912716,True
5958,B1,ai_severe_prediction,0.767218802912716,True
5958,C1,accessible_vehicle,0.767218802912716,True
5959,B1,ai_severe_prediction,0.767218802912716,True
5959,C1,accessible_vehicle,0.767218802912716,True
5960,B1,ai_severe_prediction,0.767218802912716,True
5960,C1,accessible_vehicle,0.7672188029127162,True
5961,B1,ai_severe_prediction,0.7672188029127162,True
5961,C1,accessible_vehicle,0.767218802912716,True
5962,B1,ai_severe_prediction,0.7672188029127162,True
5962,C1,accessible_vehicle,0.767218802912716,True
5963,B1,ai_severe_prediction,0.767218802912716,True
5963,C1,accessible_vehicle,0.767218802912716,True
5964,B1,ai_severe_prediction,0.767218802912716,True
5964,C1,accessible_vehicle,0.767218802912716,True
5965,B1,ai_severe_prediction,0.767218802912716,True
5965,C1,accessible_vehicle,0.767218802912716,True
5966,B1,ai_severe_prediction,0.767218802912716,True
5966,C1,accessible_vehicle,0.7672188029127162,True
5967,B1,ai_severe_prediction,0.7672188029127162,True
5967,C1,accessible_vehicle,0.767218802912716,True
5968,B1,ai_severe_prediction,0.767218802912716,True
5968,C1,accessible_vehicle,0.767218802912716,True
5969,B1,ai_severe_prediction,0.767218802912716,True
5969,C1,accessible_vehicle,0.767218802912716,True
5970,B1,ai_severe_prediction,0.767218802912716,True
5970,C1,accessible_vehicle,0.767218802912716,True
5971,B1,ai_severe_prediction,0.767218802912716,True
5971,C1,accessible_vehicle,0.767218802912716,True
5972,B1,ai_severe_prediction,0.767218802912716,True
5972,C1,accessible_vehicle,0.7672188029127162,True
5973,B1,ai_severe_prediction,0.767218802912716,True
5973,C1,accessible_vehicle,0.767218802912716,True
5974,B1,ai_severe_prediction,0.7672188029127162,True
5974,C1,accessible_vehicle,0.767218802912716,True
5975,B1,ai_severe_prediction,0.767218802912716,True
5975,C1,accessible_vehicle,0.767218802912716,True
5976,B1,ai_severe_prediction,0.767218802912716,True
5976,C1,accessible_vehicle,0.767218802912716,True
5977,B1,ai_severe_prediction,0.767218802912716,True
5977,C1,accessible_vehicle,0.767218802912716,True
5978,B1,ai_severe_prediction,0.767218802912716,True
5978,C1,accessible_vehicle,0.767218802912716,True
5979,B1,ai_severe_prediction,0.767218802912716,True
5979,C1,accessible_vehicle,0.767218802912716,True
5980,B1,ai_severe_prediction,0.767218802912716,True
5980,C1,accessible_vehicle,0.7672188029127162,True
5981,B1,ai_severe_prediction,0.767218802912716,True
5981,C1,accessible_vehicle,0.7672188029127162,True
5982,B1,ai_severe_prediction,0.767218802912716,True
5982,C1,accessible_vehicle,0.767218802912716,True
5983,B1,ai_severe_prediction,0.7672188029127159,True
5983,C1,accessible_vehicle,0.767218802912716,True
5984,B1,ai_severe_prediction,0.767218802912716,True
5984,C1,accessible_vehicle,0.767218802912716,True
5985,B1,ai_severe_prediction,0.767218802912716,True
5985,C1,accessible_vehicle,0.767218802912716,True
5986,B1,ai_severe_prediction,0.7672188029127162,True
5986,C1,accessible_vehicle,0.7672188029127159,True
5987,B1,ai_severe_prediction,0.767218802912716,True
5987,C1,accessible_vehicle,0.767218802912716,True
5988,B1,ai_severe_prediction,0.767218802912716,True
5988,C1,accessible_vehicle,0.767218802912716,True
5989,B1,ai_severe_prediction,0.767218802912716,True
5989,C1,accessible_vehicle,0.767218802912716,True
5990,B1,ai_severe_prediction,0.767218802912716,True
5990,C1,accessible_vehicle,0.767218802912716,True
5991,B1,ai_severe_prediction,0.7672188029127159,True
5991,C1,accessible_vehicle,0.767218802912716,True
5992,B1,ai_severe_prediction,0.767218802912716,True
5992,C1,accessible_vehicle,0.767218802912716,True
5993,B1,ai_severe_prediction,0.767218802912716,True
5993,C1,accessible_vehicle,0.767218802912716,True
5994,B1,ai_severe_prediction,0.767218802912716,True
5994,C1,accessible_vehicle,0.767218802912716,True
5995,B1,ai_severe_prediction,0.767218802912716,True
5995,C1,accessible_vehicle,0.767218802912716,True
5996,B1,ai_severe_prediction,0.767218802912716,True
5996,C1,accessible_vehicle,0.767218802912716,True
5997,B1,ai_severe_prediction,0.767218802912716,True
5997,C1,accessible_vehicle,0.767218802912716,True
5998,B1,ai_severe_prediction,0.767218802912716,True
5998,C1,accessible_vehicle,0.767218802912716,True
5999,B1,ai_severe_prediction,0.767218802912716,True
5999,C1,accessible_vehicle,0.767218802912716,True
6000,B1,ai_severe_prediction,0.767218802912716,True
6000,C1,accessible_vehicle,0.7672188029127162,True
6001,B1,ai_severe_prediction,0.767218802912716,True
6001,C1,accessible_vehicle,0.767218802912716,True
6002,B1,ai_severe_prediction,0.7672188029127159,True
6002,C1,accessible_vehicle,0.767218802912716,True
6003,B1,ai_severe_prediction,0.767218802912716,True
6003,C1,accessible_vehicle,0.767218802912716,True
6004,B1,ai_severe_prediction,0.767218802912716,True
6004,C1,accessible_vehicle,0.767218802912716,True
6005,B1,ai_severe_prediction,0.767218802912716,True
6005,C1,accessible_vehicle,0.767218802912716,True
6006,B1,ai_severe_prediction,0.767218802912716,True
6006,C1,accessible_vehicle,0.767218802912716,True
6007,B1,ai_severe_prediction,0.767218802912716,True
6007,C1,accessible_vehicle,0.7672188029127162,True
6008,B1,ai_severe_prediction,0.767218802912716,True
6008,C1,accessible_vehicle,0.767218802912716,True
6009,B1,ai_severe_prediction,0.767218802912716,True
6009,C1,accessible_vehicle,0.767218802912716,True
6010,B1,ai_severe_prediction,0.767218802912716,True
6010,C1,accessible_vehicle,0.767218802912716,True
6011,B1,ai_severe_prediction,0.767218802912716,True
6011,C1,accessible_vehicle,0.767218802912716,True
6012,B1,ai_severe_prediction,0.767218802912716,True
6012,C1,accessible_vehicle,0.767218802912716,True
6013,B1,ai_severe_prediction,0.767218802912716,True
6013,C1,accessible_vehicle,0.767218802912716,True
6014,B1,ai_severe_prediction,0.767218802912716,True
6014,C1,accessible_vehicle,0.767218802912716,True
6015,B1,ai_severe_prediction,0.767218802912716,True
6015,C1,accessible_vehicle,0.767218802912716,True
6016,B1,ai_severe_prediction,0.767218802912716,True
6016,C1,accessible_vehicle,0.767218802912716,True
6017,B1,ai_severe_prediction,0.767218802912716,True
6017,C1,accessible_vehicle,0.767218802912716,True
6018,B1,ai_severe_prediction,0.767218802912716,True
6018,C1,accessible_vehicle,0.767218802912716,True
6019,B1,ai_severe_prediction,0.767218802912716,True
6019,C1,accessible_vehicle,0.767218802912716,True
6020,B1,ai_severe_prediction,0.767218802912716,True
6020,C1,accessible_vehicle,0.7672188029127162,True
6021,B1,ai_severe_prediction,0.767218802912716,True
6021,C1,accessible_vehicle,0.767218802912716,True
6022,B1,ai_severe_prediction,0.767218802912716,True
6022,C1,accessible_vehicle,0.767218802912716,True
6023,B1,ai_severe_prediction,0.767218802912716,True
6023,C1,accessible_vehicle,0.767218802912716,True
6024,B1,ai_severe_prediction,0.767218802912716,True
6024,C1,accessible_vehicle,0.767218802912716,True
6025,B1,ai_severe_prediction,0.767218802912716,True
6025,C1,accessible_vehicle,0.767218802912716,True
6026,B1,ai_severe_prediction,0.767218802912716,True
6026,C1,accessible_vehicle,0.767218802912716,True
6027,B1,ai_severe_prediction,0.767218802912716,True
6027,C1,accessible_vehicle,0.767218802912716,True
6028,B1,ai_severe_prediction,0.767218802912716,True
6028,C1,accessible_vehicle,0.767218802912716,True
6029,B1,ai_severe_prediction,0.767218802912716,True
6029,C1,accessible_vehicle,0.767218802912716,True
6030,B1,ai_severe_prediction,0.767218802912716,True
6030,C1,accessible_vehicle,0.767218802912716,True
6031,B1,ai_severe_prediction,0.767218802912716,True
6031,C1,accessible_vehicle,0.767218802912716,True
6032,B1,ai_severe_prediction,0.767218802912716,True
6032,C1,accessible_vehicle,0.767218802912716,True
6033,B1,ai_severe_prediction,0.767218802912716,True
6033,C1,accessible_vehicle,0.767218802912716,True
6034,B1,ai_severe_prediction,0.767218802912716,True
6034,C1,accessible_vehicle,0.767218802912716,True
6035,B1,ai_severe_prediction,0.767218802912716,True
6035,C1,accessible_vehicle,0.767218802912716,True
6036,B1,ai_severe_prediction,0.7672188029127162,True
6036,C1,accessible_vehicle,0.767218802912716,True
6037,B1,ai_severe_prediction,0.767218802912716,True
6037,C1,accessible_vehicle,0.767218802912716,True
6038,B1,ai_severe_prediction,0.767218802912716,True
6038,C1,accessible_vehicle,0.767218802912716,True
6039,B1,ai_severe_prediction,0.767218802912716,True
6039,C1,accessible_vehicle,0.767218802912716,True
6040,B1,ai_severe_prediction,0.767218802912716,True
6040,C1,accessible_vehicle,0.767218802912716,True
6041,B1,ai_severe_prediction,0.767218802912716,True
6041,C1,accessible_vehicle,0.767218802912716,True
6042,B1,ai_severe_prediction,0.767218802912716,True
6042,C1,accessible_vehicle,0.767218802912716,True
6043,B1,ai_severe_prediction,0.767218802912716,True
6043,C1,accessible_vehicle,0.767218802912716,True
6044,B1,ai_severe_prediction,0.767218802912716,True
6044,C1,accessible_vehicle,0.767218802912716,True
6045,B1,ai_severe_prediction,0.767218802912716,True
6045,C1,accessible_vehicle,0.767218802912716,True
6046,B1,ai_severe_prediction,0.767218802912716,True
6046,C1,accessible_vehicle,0.767218802912716,True
6047,B1,ai_severe_prediction,0.767218802912716,True
6047,C1,accessible_vehicle,0.767218802912716,True
6048,B1,ai_severe_prediction,0.767218802912716,True
6048,C1,accessible_vehicle,0.767218802912716,True
6049,B1,ai_severe_prediction,0.767218802912716,True
6049,C1,accessible_vehicle,0.767218802912716,True
6050,B1,ai_severe_prediction,0.767218802912716,True
6050,C1,accessible_vehicle,0.767218802912716,True
6051,B1,ai_severe_prediction,0.767218802912716,True
6051,C1,accessible_vehicle,0.767218802912716,True
6052,B1,ai_severe_prediction,0.767218802912716,True
6052,C1,accessible_vehicle,0.767218802912716,True
6053,B1,ai_severe_prediction,0.767218802912716,True
6053,C1,accessible_vehicle,0.767218802912716,True
6054,B1,ai_severe_prediction,0.767218802912716,True
6054,C1,accessible_vehicle,0.767218802912716,True
6055,B1,ai_severe_prediction,0.767218802912716,True
6055,C1,accessible_vehicle,0.767218802912716,True
6056,B1,ai_severe_prediction,0.7672188029127162,True
6056,C1,accessible_vehicle,0.767218802912716,True
6057,B1,ai_severe_prediction,0.7672188029127162,True
6057,C1,accessible_vehicle,0.767218802912716,True
6058,B1,ai_severe_prediction,0.767218802912716,True
6058,C1,accessible_vehicle,0.767218802912716,True
6059,B1,ai_severe_prediction,0.767218802912716,True
6059,C1,accessible_vehicle,0.767218802912716,True
6060,B1,ai_severe_prediction,0.767218802912716,True
6060,C1,accessible_vehicle,0.767218802912716,True
6061,B1,ai_severe_prediction,0.767218802912716,True
6061,C1,accessible_vehicle,0.767218802912716,True
6062,B1,ai_severe_prediction,0.767218802912716,True
6062,C1,accessible_vehicle,0.767218802912716,True
6063,B1,ai_severe_prediction,0.767218802912716,True
6063,C1,accessible_vehicle,0.767218802912716,True
6064,B1,ai_severe_prediction,0.767218802912716,True
6064,C1,accessible_vehicle,0.767218802912716,True
6065,B1,ai_severe_prediction,0.767218802912716,True
6065,C1,accessible_vehicle,0.767218802912716,True
6066,B1,ai_severe_prediction,0.767218802912716,True
6066,C1,accessible_vehicle,0.7672188029127162,True
6067,B1,ai_severe_prediction,0.767218802912716,True
6067,C1,accessible_vehicle,0.767218802912716,True
6068,B1,ai_severe_prediction,0.767218802912716,True
6068,C1,accessible_vehicle,0.767218802912716,True
6069,B1,ai_severe_prediction,0.767218802912716,True
6069,C1,accessible_vehicle,0.767218802912716,True
6070,B1,ai_severe_prediction,0.767218802912716,True
6070,C1,accessible_vehicle,0.767218802912716,True
6071,B1,ai_severe_prediction,0.767218802912716,True
6071,C1,accessible_vehicle,0.767218802912716,True
6072,B1,ai_severe_prediction,0.767218802912716,True
6072,C1,accessible_vehicle,0.767218802912716,True
6073,B1,ai_severe_prediction,0.767218802912716,True
6073,C1,accessible_vehicle,0.767218802912716,True
6074,B1,ai_severe_prediction,0.767218802912716,True
6074,C1,accessible_vehicle,0.767218802912716,True
6075,B1,ai_severe_prediction,0.767218802912716,True
6075,C1,accessible_vehicle,0.767218802912716,True
6076,B1,ai_severe_prediction,0.767218802912716,True
6076,C1,accessible_vehicle,0.767218802912716,True
6077,B1,ai_severe_prediction,0.767218802912716,True
6077,C1,accessible_vehicle,0.767218802912716,True
6078,B1,ai_severe_prediction,0.767218802912716,True
6078,C1,accessible_vehicle,0.767218802912716,True
6079,B1,ai_severe_prediction,0.767218802912716,True
6079,C1,accessible_vehicle,0.767218802912716,True
6080,B1,ai_severe_prediction,0.767218802912716,True
6080,C1,accessible_vehicle,0.767218802912716,True
6081,B1,ai_severe_prediction,0.767218802912716,True
6081,C1,accessible_vehicle,0.767218802912716,True
6082,B1,ai_severe_prediction,0.767218802912716,True
6082,C1,accessible_vehicle,0.767218802912716,True
6083,B1,ai_severe_prediction,0.7672188029127162,True
6083,C1,accessible_vehicle,0.767218802912716,True
6084,B1,ai_severe_prediction,0.767218802912716,True
6084,C1,accessible_vehicle,0.767218802912716,True
6085,B1,ai_severe_prediction,0.767218802912716,True
6085,C1,accessible_vehicle,0.767218802912716,True
6086,B1,ai_severe_prediction,0.767218802912716,True
6086,C1,accessible_vehicle,0.767218802912716,True
6087,B1,ai_severe_prediction,0.767218802912716,True
6087,C1,accessible_vehicle,0.767218802912716,True
6088,B1,ai_severe_prediction,0.767218802912716,True
6088,C1,accessible_vehicle,0.767218802912716,True
6089,B1,ai_severe_prediction,0.767218802912716,True
6089,C1,accessible_vehicle,0.767218802912716,True
6090,B1,ai_severe_prediction,0.767218802912716,True
6090,C1,accessible_vehicle,0.767218802912716,True
6091,B1,ai_severe_prediction,0.767218802912716,True
6091,C1,accessible_vehicle,0.767218802912716,True
6092,B1,ai_severe_prediction,0.767218802912716,True
6092,C1,accessible_vehicle,0.767218802912716,True
6093,B1,ai_severe_prediction,0.767218802912716,True
6093,C1,accessible_vehicle,0.767218802912716,True
6094,B1,ai_severe_prediction,0.767218802912716,True
6094,C1,accessible_vehicle,0.767218802912716,True
6095,B1,ai_severe_prediction,0.767218802912716,True
6095,C1,accessible_vehicle,0.767218802912716,True
6096,B1,ai_severe_prediction,0.767218802912716,True
6096,C1,accessible_vehicle,0.767218802912716,True
6097,B1,ai_severe_prediction,0.767218802912716,True
6097,C1,accessible_vehicle,0.767218802912716,True
6098,B1,ai_severe_prediction,0.767218802912716,True
6098,C1,accessible_vehicle,0.767218802912716,True
6099,B1,ai_severe_prediction,0.767218802912716,True
6099,C1,accessible_vehicle,0.767218802912716,True
6100,B1,ai_severe_prediction,0.767218802912716,True
6100,C1,accessible_vehicle,0.767218802912716,True
6101,B1,ai_severe_prediction,0.767218802912716,True
6101,C1,accessible_vehicle,0.7672188029127162,True
6102,B1,ai_severe_prediction,0.767218802912716,True
6102,C1,accessible_vehicle,0.7672188029127162,True
6103,B1,ai_severe_prediction,0.7672188029127162,True
6103,C1,accessible_vehicle,0.767218802912716,True
6104,B1,ai_severe_prediction,0.767218802912716,True
6104,C1,accessible_vehicle,0.767218802912716,True
6105,B1,ai_severe_prediction,0.767218802912716,True
6105,C1,accessible_vehicle,0.7672188029127162,True
6106,B1,ai_severe_prediction,0.767218802912716,True
6106,C1,accessible_vehicle,0.767218802912716,True
6107,B1,ai_severe_prediction,0.767218802912716,True
6107,C1,accessible_vehicle,0.767218802912716,True
6108,B1,ai_severe_prediction,0.767218802912716,True
6108,C1,accessible_vehicle,0.767218802912716,True
6109,B1,ai_severe_prediction,0.767218802912716,True
6109,C1,accessible_vehicle,0.767218802912716,True
6110,B1,ai_severe_prediction,0.767218802912716,True
6110,C1,accessible_vehicle,0.767218802912716,True
6111,B1,ai_severe_prediction,0.767218802912716,True
6111,C1,accessible_vehicle,0.767218802912716,True
6112,B1,ai_severe_prediction,0.767218802912716,True
6112,C1,accessible_vehicle,0.767218802912716,True
6113,B1,ai_severe_prediction,0.767218802912716,True
6113,C1,accessible_vehicle,0.767218802912716,True
6114,B1,ai_severe_prediction,0.767218802912716,True
6114,C1,accessible_vehicle,0.767218802912716,True
6115,B1,ai_severe_prediction,0.767218802912716,True
6115,C1,accessible_vehicle,0.767218802912716,True
6116,B1,ai_severe_prediction,0.767218802912716,True
6116,C1,accessible_vehicle,0.767218802912716,True
6117,B1,ai_severe_prediction,0.767218802912716,True
6117,C1,accessible_vehicle,0.767218802912716,True
6118,B1,ai_severe_prediction,0.7672188029127162,True
6118,C1,accessible_vehicle,0.767218802912716,True
6119,B1,ai_severe_prediction,0.767218802912716,True
6119,C1,accessible_vehicle,0.767218802912716,True
6120,B1,ai_severe_prediction,0.767218802912716,True
6120,C1,accessible_vehicle,0.767218802912716,True
6121,B1,ai_severe_prediction,0.767218802912716,True
6121,C1,accessible_vehicle,0.767218802912716,True
6122,B1,ai_severe_prediction,0.767218802912716,True
6122,C1,accessible_vehicle,0.767218802912716,True
6123,B1,ai_severe_prediction,0.767218802912716,True
6123,C1,accessible_vehicle,0.767218802912716,True
6124,B1,ai_severe_prediction,0.767218802912716,True
6124,C1,accessible_vehicle,0.767218802912716,True
6125,B1,ai_severe_prediction,0.767218802912716,True
6125,C1,accessible_vehicle,0.767218802912716,True
6126,B1,ai_severe_prediction,0.767218802912716,True
6126,C1,accessible_vehicle,0.767218802912716,True
6127,B1,ai_severe_prediction,0.767218802912716,True
6127,C1,accessible_vehicle,0.767218802912716,True
6128,B1,ai_severe_prediction,0.767218802912716,True
6128,C1,accessible_vehicle,0.767218802912716,True
6129,B1,ai_severe_prediction,0.767218802912716,True
6129,C1,accessible_vehicle,0.767218802912716,True
6130,B1,ai_severe_prediction,0.767218802912716,True
6130,C1,accessible_vehicle,0.767218802912716,True
6131,B1,ai_severe_prediction,0.767218802912716,True
6131,C1,accessible_vehicle,0.767218802912716,True
6132,B1,ai_severe_prediction,0.7672188029127162,True
6132,C1,accessible_vehicle,0.7672188029127162,True
6133,B1,ai_severe_prediction,0.7672188029127162,True
6133,C1,accessible_vehicle,0.767218802912716,True
6134,B1,ai_severe_prediction,0.767218802912716,True
6134,C1,accessible_vehicle,0.767218802912716,True
6135,B1,ai_severe_prediction,0.767218802912716,True
6135,C1,accessible_vehicle,0.767218802912716,True
6136,B1,ai_severe_prediction,0.767218802912716,True
6136,C1,accessible_vehicle,0.767218802912716,True
6137,B1,ai_severe_prediction,0.767218802912716,True
6137,C1,accessible_vehicle,0.767218802912716,True
6138,B1,ai_severe_prediction,0.767218802912716,True
6138,C1,accessible_vehicle,0.767218802912716,True
6139,B1,ai_severe_prediction,0.767218802912716,True
6139,C1,accessible_vehicle,0.767218802912716,True
6140,B1,ai_severe_prediction,0.767218802912716,True
6140,C1,accessible_vehicle,0.767218802912716,True
6141,B1,ai_severe_prediction,0.767218802912716,True
6141,C1,accessible_vehicle,0.7672188029127162,True
6142,B1,ai_severe_prediction,0.767218802912716,True
6142,C1,accessible_vehicle,0.767218802912716,True
6143,B1,ai_severe_prediction,0.767218802912716,True
6143,C1,accessible_vehicle,0.767218802912716,True
6144,B1,ai_severe_prediction,0.767218802912716,True
6144,C1,accessible_vehicle,0.767218802912716,True
6145,B1,ai_severe_prediction,0.767218802912716,True
6145,C1,accessible_vehicle,0.767218802912716,True
6146,B1,ai_severe_prediction,0.767218802912716,True
6146,C1,accessible_vehicle,0.7672188029127162,True
6147,B1,ai_severe_prediction,0.767218802912716,True
6147,C1,accessible_vehicle,0.767218802912716,True
6148,B1,ai_severe_prediction,0.767218802912716,True
6148,C1,accessible_vehicle,0.767218802912716,True
6149,B1,ai_severe_prediction,0.767218802912716,True
6149,C1,accessible_vehicle,0.767218802912716,True
6150,B1,ai_severe_prediction,0.767218802912716,True
6150,C1,accessible_vehicle,0.767218802912716,True
6151,B1,ai_severe_prediction,0.767218802912716,True
6151,C1,accessible_vehicle,0.767218802912716,True
6152,B1,ai_severe_prediction,0.767218802912716,True
6152,C1,accessible_vehicle,0.767218802912716,True
6153,B1,ai_severe_prediction,0.767218802912716,True
6153,C1,accessible_vehicle,0.767218802912716,True
6154,B1,ai_severe_prediction,0.767218802912716,True
6154,C1,accessible_vehicle,0.767218802912716,True
6155,B1,ai_severe_prediction,0.767218802912716,True
6155,C1,accessible_vehicle,0.767218802912716,True
6156,B1,ai_severe_prediction,0.767218802912716,True
6156,C1,accessible_vehicle,0.767218802912716,True
6157,B1,ai_severe_prediction,0.767218802912716,True
6157,C1,accessible_vehicle,0.767218802912716,True
6158,B1,ai_severe_prediction,0.767218802912716,True
6158,C1,accessible_vehicle,0.7672188029127162,True
6159,B1,ai_severe_prediction,0.767218802912716,True
6159,C1,accessible_vehicle,0.767218802912716,True
6160,B1,ai_severe_prediction,0.767218802912716,True
6160,C1,accessible_vehicle,0.767218802912716,True
6161,B1,ai_severe_prediction,0.767218802912716,True
6161,C1,accessible_vehicle,0.767218802912716,True
6162,B1,ai_severe_prediction,0.767218802912716,True
6162,C1,accessible_vehicle,0.767218802912716,True
6163,B1,ai_severe_prediction,0.767218802912716,True
6163,C1,accessible_vehicle,0.767218802912716,True
6164,B1,ai_severe_prediction,0.767218802912716,True
6164,C1,accessible_vehicle,0.767218802912716,True
6165,B1,ai_severe_prediction,0.767218802912716,True
6165,C1,accessible_vehicle,0.7672188029127162,True
6166,B1,ai_severe_prediction,0.767218802912716,True
6166,C1,accessible_vehicle,0.767218802912716,True
6167,B1,ai_severe_prediction,0.767218802912716,True
6167,C1,accessible_vehicle,0.767218802912716,True
6168,B1,ai_severe_prediction,0.767218802912716,True
6168,C1,accessible_vehicle,0.767218802912716,True
6169,B1,ai_severe_prediction,0.767218802912716,True
6169,C1,accessible_vehicle,0.767218802912716,True
6170,B1,ai_severe_prediction,0.767218802912716,True
6170,C1,accessible_vehicle,0.767218802912716,True
6171,B1,ai_severe_prediction,0.767218802912716,True
6171,C1,accessible_vehicle,0.767218802912716,True
6172,B1,ai_severe_prediction,0.767218802912716,True
6172,C1,accessible_vehicle,0.767218802912716,True
6173,B1,ai_severe_prediction,0.767218802912716,True
6173,C1,accessible_vehicle,0.7672188029127162,True
6174,B1,ai_severe_prediction,0.767218802912716,True
6174,C1,accessible_vehicle,0.767218802912716,True
6175,B1,ai_severe_prediction,0.767218802912716,True
6175,C1,accessible_vehicle,0.767218802912716,True
6176,B1,ai_severe_prediction,0.767218802912716,True
6176,C1,accessible_vehicle,0.767218802912716,True
6177,B1,ai_severe_prediction,0.767218802912716,True
6177,C1,accessible_vehicle,0.767218802912716,True
6178,B1,ai_severe_prediction,0.767218802912716,True
6178,C1,accessible_vehicle,0.767218802912716,True
6179,B1,ai_severe_prediction,0.767218802912716,True
6179,C1,accessible_vehicle,0.767218802912716,True
6180,B1,ai_severe_prediction,0.7653869357807883,True
6180,C1,accessible_vehicle,0.7653869357807883,True
6181,B1,ai_severe_prediction,0.7653869357807883,True
6181,C1,accessible_vehicle,0.7653869357807883,True
6182,B1,ai_severe_prediction,0.7653869357807883,True
6182,C1,accessible_vehicle,0.7653869357807883,True
6183,B1,ai_severe_prediction,0.7653869357807883,True
6183,C1,accessible_vehicle,0.7653869357807885,True
6184,B1,ai_severe_prediction,0.7653869357807883,True
6184,C1,accessible_vehicle,0.7653869357807883,True
6185,B1,ai_severe_prediction,0.7653869357807886,True
6185,C1,accessible_vehicle,0.7653869357807883,True
6186,B1,ai_severe_prediction,0.7653869357807883,True
6186,C1,accessible_vehicle,0.7653869357807883,True
6187,B1,ai_severe_prediction,0.7653869357807883,True
6187,C1,accessible_vehicle,0.7653869357807883,True
6188,B1,ai_severe_prediction,0.7653869357807883,True
6188,C1,accessible_vehicle,0.7653869357807883,True
6189,B1,ai_severe_prediction,0.7653869357807883,True
6189,C1,accessible_vehicle,0.7653869357807883,True
6190,B1,ai_severe_prediction,0.7653869357807883,True
6190,C1,accessible_vehicle,0.7653869357807883,True
6191,B1,ai_severe_prediction,0.7653869357807883,True
6191,C1,accessible_vehicle,0.7653869357807883,True
6192,B1,ai_severe_prediction,0.7653869357807883,True
6192,C1,accessible_vehicle,0.7653869357807883,True
6193,B1,ai_severe_prediction,0.7653869357807883,True
6193,C1,accessible_vehicle,0.7653869357807883,True
6194,B1,ai_severe_prediction,0.7653869357807883,True
6194,C1,accessible_vehicle,0.7653869357807885,True
6195,B1,ai_severe_prediction,0.7653869357807883,True
6195,C1,accessible_vehicle,0.7653869357807883,True
6196,B1,ai_severe_prediction,0.7653869357807883,True
6196,C1,accessible_vehicle,0.7653869357807883,True
6197,B1,ai_severe_prediction,0.7653869357807883,True
6197,C1,accessible_vehicle,0.7653869357807883,True
6198,B1,ai_severe_prediction,0.7653869357807883,True
6198,C1,accessible_vehicle,0.7653869357807883,True
6199,B1,ai_severe_prediction,0.7653869357807883,True
6199,C1,accessible_vehicle,0.7653869357807883,True
6200,B1,ai_severe_prediction,0.7653869357807883,True
6200,C1,accessible_vehicle,0.7653869357807883,True
6201,B1,ai_severe_prediction,0.7653869357807883,True
6201,C1,accessible_vehicle,0.7653869357807883,True
6202,B1,ai_severe_prediction,0.7653869357807883,True
6202,C1,accessible_vehicle,0.7653869357807883,True
6203,B1,ai_severe_prediction,0.7653869357807883,True
6203,C1,accessible_vehicle,0.7653869357807883,True
6204,B1,ai_severe_prediction,0.7653869357807883,True
6204,C1,accessible_vehicle,0.7653869357807883,True
6205,B1,ai_severe_prediction,0.7653869357807883,True
6205,C1,accessible_vehicle,0.7653869357807883,True
6206,B1,ai_severe_prediction,0.7653869357807883,True
6206,C1,accessible_vehicle,0.7653869357807882,True
6207,B1,ai_severe_prediction,0.7653869357807885,True
6207,C1,accessible_vehicle,0.7653869357807883,True
6208,B1,ai_severe_prediction,0.7653869357807883,True
6208,C1,accessible_vehicle,0.7653869357807883,True
6209,B1,ai_severe_prediction,0.7653869357807883,True
6209,C1,accessible_vehicle,0.7653869357807883,True
6210,B1,ai_severe_prediction,0.7653869357807883,True
6210,C1,accessible_vehicle,0.7653869357807883,True
6211,B1,ai_severe_prediction,0.7653869357807883,True
6211,C1,accessible_vehicle,0.7653869357807885,True
6212,B1,ai_severe_prediction,0.7653869357807883,True
6212,C1,accessible_vehicle,0.7653869357807883,True
6213,B1,ai_severe_prediction,0.7653869357807883,True
6213,C1,accessible_vehicle,0.7653869357807883,True
6214,B1,ai_severe_prediction,0.7653869357807883,True
6214,C1,accessible_vehicle,0.7653869357807883,True
6215,B1,ai_severe_prediction,0.7653869357807883,True
6215,C1,accessible_vehicle,0.7653869357807883,True
6216,B1,ai_severe_prediction,0.7653869357807883,True
6216,C1,accessible_vehicle,0.7653869357807883,True
6217,B1,ai_severe_prediction,0.7653869357807883,True
6217,C1,accessible_vehicle,0.7653869357807883,True
6218,B1,ai_severe_prediction,0.7653869357807885,True
6218,C1,accessible_vehicle,0.7653869357807883,True
6219,B1,ai_severe_prediction,0.7653869357807882,True
6219,C1,accessible_vehicle,0.7653869357807883,True
6220,B1,ai_severe_prediction,0.7653869357807883,True
6220,C1,accessible_vehicle,0.7653869357807883,True
6221,B1,ai_severe_prediction,0.7653869357807883,True
6221,C1,accessible_vehicle,0.7653869357807883,True
6222,B1,ai_severe_prediction,0.7653869357807883,True
6222,C1,accessible_vehicle,0.7653869357807883,True
6223,B1,ai_severe_prediction,0.7653869357807883,True
6223,C1,accessible_vehicle,0.7653869357807883,True
6224,B1,ai_severe_prediction,0.7653869357807883,True
6224,C1,accessible_vehicle,0.7653869357807883,True
6225,B1,ai_severe_prediction,0.7653869357807883,True
6225,C1,accessible_vehicle,0.7653869357807883,True
6226,B1,ai_severe_prediction,0.7653869357807883,True
6226,C1,accessible_vehicle,0.7653869357807883,True
6227,B1,ai_severe_prediction,0.7653869357807883,True
6227,C1,accessible_vehicle,0.7653869357807883,True
6228,B1,ai_severe_prediction,0.7653869357807883,True
6228,C1,accessible_vehicle,0.7653869357807883,True
6229,B1,ai_severe_prediction,0.7653869357807883,True
6229,C1,accessible_vehicle,0.7653869357807883,True
6230,B1,ai_severe_prediction,0.7653869357807883,True
6230,C1,accessible_vehicle,0.7653869357807883,True
6231,B1,ai_severe_prediction,0.7653869357807882,True
6231,C1,accessible_vehicle,0.7653869357807883,True
6232,B1,ai_severe_prediction,0.7653869357807883,True
6232,C1,accessible_vehicle,0.7653869357807883,True
6233,B1,ai_severe_prediction,0.7653869357807883,True
6233,C1,accessible_vehicle,0.7653869357807883,True
6234,B1,ai_severe_prediction,0.7653869357807883,True
6234,C1,accessible_vehicle,0.7653869357807883,True
6235,B1,ai_severe_prediction,0.7653869357807883,True
6235,C1,accessible_vehicle,0.7653869357807885,True
6236,B1,ai_severe_prediction,0.7653869357807883,True
6236,C1,accessible_vehicle,0.7653869357807883,True
6237,B1,ai_severe_prediction,0.7653869357807883,True
6237,C1,accessible_vehicle,0.7653869357807883,True
6238,B1,ai_severe_prediction,0.7653869357807883,True
6238,C1,accessible_vehicle,0.7653869357807883,True
6239,B1,ai_severe_prediction,0.7653869357807883,True
6239,C1,accessible_vehicle,0.7653869357807883,True
6240,B1,ai_severe_prediction,0.7653869357807883,True
6240,C1,accessible_vehicle,0.7653869357807883,True
6241,B1,ai_severe_prediction,0.7653869357807883,True
6241,C1,accessible_vehicle,0.7653869357807883,True
6242,B1,ai_severe_prediction,0.7653869357807883,True
6242,C1,accessible_vehicle,0.7653869357807883,True
6243,B1,ai_severe_prediction,0.7653869357807883,True
6243,C1,accessible_vehicle,0.7653869357807883,True
6244,B1,ai_severe_prediction,0.7653869357807883,True
6244,C1,accessible_vehicle,0.7653869357807883,True
6245,B1,ai_severe_prediction,0.7653869357807883,True
6245,C1,accessible_vehicle,0.7653869357807883,True
6246,B1,ai_severe_prediction,0.7653869357807882,True
6246,C1,accessible_vehicle,0.7653869357807883,True
6247,B1,ai_severe_prediction,0.7653869357807883,True
6247,C1,accessible_vehicle,0.7653869357807883,True
6248,B1,ai_severe_prediction,0.7653869357807883,True
6248,C1,accessible_vehicle,0.7653869357807883,True
6249,B1,ai_severe_prediction,0.7653869357807883,True
6249,C1,accessible_vehicle,0.7653869357807883,True
6250,B1,ai_severe_prediction,0.7653869357807883,True
6250,C1,accessible_vehicle,0.7653869357807883,True
6251,B1,ai_severe_prediction,0.7653869357807883,True
6251,C1,accessible_vehicle,0.7653869357807883,True
6252,B1,ai_severe_prediction,0.7653869357807883,True
6252,C1,accessible_vehicle,0.7653869357807883,True
6253,B1,ai_severe_prediction,0.7653869357807883,True
6253,C1,accessible_vehicle,0.7653869357807883,True
6254,B1,ai_severe_prediction,0.7653869357807883,True
6254,C1,accessible_vehicle,0.7653869357807883,True
6255,B1,ai_severe_prediction,0.7653869357807883,True
6255,C1,accessible_vehicle,0.7653869357807883,True
6256,B1,ai_severe_prediction,0.7653869357807883,True
6256,C1,accessible_vehicle,0.7653869357807883,True
6257,B1,ai_severe_prediction,0.7653869357807883,True
6257,C1,accessible_vehicle,0.7653869357807883,True
6258,B1,ai_severe_prediction,0.7653869357807883,True
6258,C1,accessible_vehicle,0.7653869357807883,True
6259,B1,ai_severe_prediction,0.7653869357807883,True
6259,C1,accessible_vehicle,0.7653869357807883,True
6260,B1,ai_severe_prediction,0.7653869357807883,True
6260,C1,accessible_vehicle,0.7653869357807883,True
6261,B1,ai_severe_prediction,0.7653869357807883,True
6261,C1,accessible_vehicle,0.7653869357807883,True
6262,B1,ai_severe_prediction,0.7653869357807883,True
6262,C1,accessible_vehicle,0.7653869357807883,True
6263,B1,ai_severe_prediction,0.7653869357807883,True
6263,C1,accessible_vehicle,0.7653869357807883,True
6264,B1,ai_severe_prediction,0.7653869357807883,True
6264,C1,accessible_vehicle,0.7653869357807883,True
6265,B1,ai_severe_prediction,0.7653869357807883,True
6265,C1,accessible_vehicle,0.7653869357807883,True
6266,B1,ai_severe_prediction,0.7653869357807883,True
6266,C1,accessible_vehicle,0.7653869357807883,True
6267,B1,ai_severe_prediction,0.7653869357807883,True
6267,C1,accessible_vehicle,0.7653869357807883,True
6268,B1,ai_severe_prediction,0.7653869357807883,True
6268,C1,accessible_vehicle,0.7653869357807883,True
6269,B1,ai_severe_prediction,0.7653869357807883,True
6269,C1,accessible_vehicle,0.7653869357807883,True
6270,B1,ai_severe_prediction,0.7653869357807883,True
6270,C1,accessible_vehicle,0.7653869357807883,True
6271,B1,ai_severe_prediction,0.7653869357807883,True
6271,C1,accessible_vehicle,0.7653869357807883,True
6272,B1,ai_severe_prediction,0.7653869357807883,True
6272,C1,accessible_vehicle,0.7653869357807883,True
6273,B1,ai_severe_prediction,0.7653869357807883,True
6273,C1,accessible_vehicle,0.7653869357807883,True
6274,B1,ai_severe_prediction,0.7653869357807883,True
6274,C1,accessible_vehicle,0.7653869357807885,True
6275,B1,ai_severe_prediction,0.7653869357807883,True
6275,C1,accessible_vehicle,0.7653869357807883,True
6276,B1,ai_severe_prediction,0.7653869357807883,True
6276,C1,accessible_vehicle,0.7653869357807883,True
6277,B1,ai_severe_prediction,0.7653869357807885,True
6277,C1,accessible_vehicle,0.7653869357807883,True
6278,B1,ai_severe_prediction,0.7653869357807883,True
6278,C1,accessible_vehicle,0.7653869357807883,True
6279,B1,ai_severe_prediction,0.7653869357807883,True
6279,C1,accessible_vehicle,0.7653869357807883,True
6280,B1,ai_severe_prediction,0.7653869357807883,True
6280,C1,accessible_vehicle,0.7653869357807883,True
6281,B1,ai_severe_prediction,0.7653869357807883,True
6281,C1,accessible_vehicle,0.7653869357807883,True
6282,B1,ai_severe_prediction,0.7653869357807883,True
6282,C1,accessible_vehicle,0.7653869357807883,True
6283,B1,ai_severe_prediction,0.7653869357807883,True
6283,C1,accessible_vehicle,0.7653869357807883,True
6284,B1,ai_severe_prediction,0.7653869357807885,True
6284,C1,accessible_vehicle,0.7653869357807883,True
6285,B1,ai_severe_prediction,0.7653869357807883,True
6285,C1,accessible_vehicle,0.7653869357807883,True
6286,B1,ai_severe_prediction,0.7653869357807883,True
6286,C1,accessible_vehicle,0.7653869357807883,True
6287,B1,ai_severe_prediction,0.7653869357807883,True
6287,C1,accessible_vehicle,0.7653869357807883,True
6288,B1,ai_severe_prediction,0.7653869357807883,True
6288,C1,accessible_vehicle,0.7653869357807883,True
6289,B1,ai_severe_prediction,0.7653869357807885,True
6289,C1,accessible_vehicle,0.7653869357807883,True
6290,B1,ai_severe_prediction,0.7653869357807883,True
6290,C1,accessible_vehicle,0.7653869357807883,True
6291,B1,ai_severe_prediction,0.7653869357807883,True
6291,C1,accessible_vehicle,0.7653869357807885,True
6292,B1,ai_severe_prediction,0.7653869357807883,True
6292,C1,accessible_vehicle,0.7653869357807883,True
6293,B1,ai_severe_prediction,0.7653869357807883,True
6293,C1,accessible_vehicle,0.7653869357807885,True
6294,B1,ai_severe_prediction,0.7653869357807883,True
6294,C1,accessible_vehicle,0.7653869357807883,True
6295,B1,ai_severe_prediction,0.7653869357807883,True
6295,C1,accessible_vehicle,0.7653869357807883,True
6296,B1,ai_severe_prediction,0.7653869357807883,True
6296,C1,accessible_vehicle,0.7653869357807883,True
6297,B1,ai_severe_prediction,0.7653869357807883,True
6297,C1,accessible_vehicle,0.7653869357807883,True
6298,B1,ai_severe_prediction,0.7653869357807885,True
6298,C1,accessible_vehicle,0.7653869357807883,True
6299,B1,ai_severe_prediction,0.7653869357807883,True
6299,C1,accessible_vehicle,0.7653869357807885,True
6300,B1,ai_severe_prediction,0.7653869357807883,True
6300,C1,accessible_vehicle,0.7653869357807883,True
6301,B1,ai_severe_prediction,0.7653869357807883,True
6301,C1,accessible_vehicle,0.7653869357807883,True
6302,B1,ai_severe_prediction,0.7653869357807885,True
6302,C1,accessible_vehicle,0.7653869357807883,True
6303,B1,ai_severe_prediction,0.7653869357807883,True
6303,C1,accessible_vehicle,0.7653869357807883,True
6304,B1,ai_severe_prediction,0.7653869357807883,True
6304,C1,accessible_vehicle,0.7653869357807883,True
6305,B1,ai_severe_prediction,0.7653869357807885,True
6305,C1,accessible_vehicle,0.7653869357807883,True
6306,B1,ai_severe_prediction,0.7653869357807885,True
6306,C1,accessible_vehicle,0.7653869357807883,True
6307,B1,ai_severe_prediction,0.7653869357807883,True
6307,C1,accessible_vehicle,0.7653869357807883,True
6308,B1,ai_severe_prediction,0.7653869357807883,True
6308,C1,accessible_vehicle,0.7653869357807885,True
6309,B1,ai_severe_prediction,0.7653869357807885,True
6309,C1,accessible_vehicle,0.7653869357807883,True
6310,B1,ai_severe_prediction,0.7653869357807883,True
6310,C1,accessible_vehicle,0.7653869357807885,True
6311,B1,ai_severe_prediction,0.7653869357807885,True
6311,C1,accessible_vehicle,0.7653869357807883,True
6312,B1,ai_severe_prediction,0.7653869357807882,True
6312,C1,accessible_vehicle,0.7653869357807883,True
6313,B1,ai_severe_prediction,0.7653869357807885,True
6313,C1,accessible_vehicle,0.7653869357807885,True
6314,B1,ai_severe_prediction,0.7653869357807885,True
6314,C1,accessible_vehicle,0.7653869357807883,True
6315,B1,ai_severe_prediction,0.7653869357807883,True
6315,C1,accessible_vehicle,0.7653869357807883,True
6316,B1,ai_severe_prediction,0.7653869357807883,True
6316,C1,accessible_vehicle,0.7653869357807883,True
6317,B1,ai_severe_prediction,0.7653869357807883,True
6317,C1,accessible_vehicle,0.7653869357807883,True
6318,B1,ai_severe_prediction,0.7653869357807883,True
6318,C1,accessible_vehicle,0.7653869357807883,True
6319,B1,ai_severe_prediction,0.7653869357807885,True
6319,C1,accessible_vehicle,0.7653869357807885,True
6320,B1,ai_severe_prediction,0.7653869357807882,True
6320,C1,accessible_vehicle,0.7653869357807883,True
6321,B1,ai_severe_prediction,0.7653869357807883,True
6321,C1,accessible_vehicle,0.7653869357807883,True
6322,B1,ai_severe_prediction,0.7653869357807883,True
6322,C1,accessible_vehicle,0.7653869357807885,True
6323,B1,ai_severe_prediction,0.7653869357807883,True
6323,C1,accessible_vehicle,0.7653869357807883,True
6324,B1,ai_severe_prediction,0.7653869357807883,True
6324,C1,accessible_vehicle,0.7653869357807883,True
6325,B1,ai_severe_prediction,0.7653869357807883,True
6325,C1,accessible_vehicle,0.7653869357807883,True
6326,B1,ai_severe_prediction,0.7653869357807883,True
6326,C1,accessible_vehicle,0.7653869357807883,True
6327,B1,ai_severe_prediction,0.7653869357807885,True
6327,C1,accessible_vehicle,0.7653869357807883,True
6328,B1,ai_severe_prediction,0.7653869357807885,True
6328,C1,accessible_vehicle,0.7653869357807883,True
6329,B1,ai_severe_prediction,0.7653869357807883,True
6329,C1,accessible_vehicle,0.7653869357807883,True
6330,B1,ai_severe_prediction,0.7653869357807885,True
6330,C1,accessible_vehicle,0.7653869357807883,True
6331,B1,ai_severe_prediction,0.7653869357807885,True
6331,C1,accessible_vehicle,0.7653869357807885,True
6332,B1,ai_severe_prediction,0.7653869357807883,True
6332,C1,accessible_vehicle,0.7653869357807883,True
6333,B1,ai_severe_prediction,0.7653869357807883,True
6333,C1,accessible_vehicle,0.7653869357807883,True
6334,B1,ai_severe_prediction,0.7653869357807885,True
6334,C1,accessible_vehicle,0.7653869357807883,True
6335,B1,ai_severe_prediction,0.7653869357807883,True
6335,C1,accessible_vehicle,0.7653869357807885,True
6336,B1,ai_severe_prediction,0.7653869357807883,True
6336,C1,accessible_vehicle,0.7653869357807883,True
6337,B1,ai_severe_prediction,0.7653869357807883,True
6337,C1,accessible_vehicle,0.7653869357807883,True
6338,B1,ai_severe_prediction,0.7653869357807883,True
6338,C1,accessible_vehicle,0.7653869357807883,True
6339,B1,ai_severe_prediction,0.7653869357807883,True
6339,C1,accessible_vehicle,0.7653869357807883,True
6340,B1,ai_severe_prediction,0.7653869357807883,True
6340,C1,accessible_vehicle,0.7653869357807883,True
6341,B1,ai_severe_prediction,0.7653869357807883,True
6341,C1,accessible_vehicle,0.7653869357807883,True
6342,B1,ai_severe_prediction,0.7653869357807885,True
6342,C1,accessible_vehicle,0.7653869357807883,True
6343,B1,ai_severe_prediction,0.7653869357807883,True
6343,C1,accessible_vehicle,0.7653869357807883,True
6344,B1,ai_severe_prediction,0.7653869357807885,True
6344,C1,accessible_vehicle,0.7653869357807883,True
6345,B1,ai_severe_prediction,0.7653869357807883,True
6345,C1,accessible_vehicle,0.7653869357807883,True
6346,B1,ai_severe_prediction,0.7653869357807883,True
6346,C1,accessible_vehicle,0.7653869357807883,True
6347,B1,ai_severe_prediction,0.7653869357807883,True
6347,C1,accessible_vehicle,0.7653869357807883,True
6348,B1,ai_severe_prediction,0.7653869357807883,True
6348,C1,accessible_vehicle,0.7653869357807883,True
6349,B1,ai_severe_prediction,0.7653869357807883,True
6349,C1,accessible_vehicle,0.7653869357807883,True
6350,B1,ai_severe_prediction,0.7653869357807883,True
6350,C1,accessible_vehicle,0.7653869357807883,True
6351,B1,ai_severe_prediction,0.7653869357807885,True
6351,C1,accessible_vehicle,0.7653869357807883,True
6352,B1,ai_severe_prediction,0.7653869357807883,True
6352,C1,accessible_vehicle,0.7653869357807885,True
6353,B1,ai_severe_prediction,0.7653869357807882,True
6353,C1,accessible_vehicle,0.7653869357807883,True
6354,B1,ai_severe_prediction,0.7653869357807883,True
6354,C1,accessible_vehicle,0.7653869357807883,True
6355,B1,ai_severe_prediction,0.7653869357807883,True
6355,C1,accessible_vehicle,0.7653869357807883,True
6356,B1,ai_severe_prediction,0.7653869357807883,True
6356,C1,accessible_vehicle,0.7653869357807883,True
6357,B1,ai_severe_prediction,0.7653869357807883,True
6357,C1,accessible_vehicle,0.7653869357807885,True
6358,B1,ai_severe_prediction,0.7653869357807883,True
6358,C1,accessible_vehicle,0.7653869357807883,True
6359,B1,ai_severe_prediction,0.7653869357807883,True
6359,C1,accessible_vehicle,0.7653869357807883,True
6360,B1,ai_severe_prediction,0.7653869357807885,True
6360,C1,accessible_vehicle,0.7653869357807883,True
6361,B1,ai_severe_prediction,0.7653869357807885,True
6361,C1,accessible_vehicle,0.7653869357807885,True
6362,B1,ai_severe_prediction,0.7653869357807883,True
6362,C1,accessible_vehicle,0.7653869357807883,True
6363,B1,ai_severe_prediction,0.7653869357807883,True
6363,C1,accessible_vehicle,0.7653869357807883,True
6364,B1,ai_severe_prediction,0.7653869357807883,True
6364,C1,accessible_vehicle,0.7653869357807883,True
6365,B1,ai_severe_prediction,0.7653869357807883,True
6365,C1,accessible_vehicle,0.7653869357807885,True
6366,B1,ai_severe_prediction,0.7653869357807883,True
6366,C1,accessible_vehicle,0.7653869357807883,True
6367,B1,ai_severe_prediction,0.7653869357807883,True
6367,C1,accessible_vehicle,0.7653869357807883,True
6368,B1,ai_severe_prediction,0.7653869357807883,True
6368,C1,accessible_vehicle,0.7653869357807883,True
6369,B1,ai_severe_prediction,0.7653869357807883,True
6369,C1,accessible_vehicle,0.7653869357807883,True
6370,B1,ai_severe_prediction,0.7653869357807883,True
6370,C1,accessible_vehicle,0.7653869357807883,True
6371,B1,ai_severe_prediction,0.7653869357807882,True
6371,C1,accessible_vehicle,0.7653869357807883,True
6372,B1,ai_severe_prediction,0.7653869357807883,True
6372,C1,accessible_vehicle,0.7653869357807885,True
6373,B1,ai_severe_prediction,0.7653869357807883,True
6373,C1,accessible_vehicle,0.7653869357807883,True
6374,B1,ai_severe_prediction,0.7653869357807883,True
6374,C1,accessible_vehicle,0.7653869357807883,True
6375,B1,ai_severe_prediction,0.7653869357807883,True
6375,C1,accessible_vehicle,0.7653869357807883,True
6376,B1,ai_severe_prediction,0.7653869357807883,True
6376,C1,accessible_vehicle,0.7653869357807883,True
6377,B1,ai_severe_prediction,0.7653869357807883,True
6377,C1,accessible_vehicle,0.7653869357807883,True
6378,B1,ai_severe_prediction,0.7653869357807883,True
6378,C1,accessible_vehicle,0.7653869357807883,True
6379,B1,ai_severe_prediction,0.7653869357807883,True
6379,C1,accessible_vehicle,0.7653869357807883,True
6380,B1,ai_severe_prediction,0.7653869357807885,True
6380,C1,accessible_vehicle,0.7653869357807883,True
6381,B1,ai_severe_prediction,0.7653869357807882,True
6381,C1,accessible_vehicle,0.7653869357807883,True
6382,B1,ai_severe_prediction,0.7653869357807885,True
6382,C1,accessible_vehicle,0.7653869357807883,True
6383,B1,ai_severe_prediction,0.7653869357807885,True
6383,C1,accessible_vehicle,0.7653869357807883,True
6384,B1,ai_severe_prediction,0.7653869357807885,True
6384,C1,accessible_vehicle,0.7653869357807883,True
6385,B1,ai_severe_prediction,0.7653869357807883,True
6385,C1,accessible_vehicle,0.7653869357807883,True
6386,B1,ai_severe_prediction,0.7653869357807883,True
6386,C1,accessible_vehicle,0.7653869357807882,True
6387,B1,ai_severe_prediction,0.7653869357807883,True
6387,C1,accessible_vehicle,0.7653869357807883,True
6388,B1,ai_severe_prediction,0.7653869357807885,True
6388,C1,accessible_vehicle,0.7653869357807883,True
6389,B1,ai_severe_prediction,0.7653869357807883,True
6389,C1,accessible_vehicle,0.7653869357807883,True
6390,B1,ai_severe_prediction,0.7653869357807885,True
6390,C1,accessible_vehicle,0.7653869357807883,True
6391,B1,ai_severe_prediction,0.7653869357807883,True
6391,C1,accessible_vehicle,0.7653869357807883,True
6392,B1,ai_severe_prediction,0.7653869357807883,True
6392,C1,accessible_vehicle,0.7653869357807883,True
6393,B1,ai_severe_prediction,0.7653869357807885,True
6393,C1,accessible_vehicle,0.7653869357807883,True
6394,B1,ai_severe_prediction,0.7653869357807883,True
6394,C1,accessible_vehicle,0.7653869357807882,True
6395,B1,ai_severe_prediction,0.7653869357807883,True
6395,C1,accessible_vehicle,0.7653869357807883,True
6396,B1,ai_severe_prediction,0.7653869357807883,True
6396,C1,accessible_vehicle,0.7653869357807883,True
6397,B1,ai_severe_prediction,0.7653869357807883,True
6397,C1,accessible_vehicle,0.7653869357807886,True
6398,B1,ai_severe_prediction,0.7653869357807883,True
6398,C1,accessible_vehicle,0.7653869357807883,True
6399,B1,ai_severe_prediction,0.7653869357807883,True
6399,C1,accessible_vehicle,0.7653869357807883,True
6400,B1,ai_severe_prediction,0.7653869357807883,True
6400,C1,accessible_vehicle,0.7653869357807883,True
6401,B1,ai_severe_prediction,0.7653869357807885,True
6401,C1,accessible_vehicle,0.7653869357807883,True
6402,B1,ai_severe_prediction,0.7653869357807883,True
6402,C1,accessible_vehicle,0.7653869357807883,True
6403,B1,ai_severe_prediction,0.7653869357807883,True
6403,C1,accessible_vehicle,0.7653869357807883,True
6404,B1,ai_severe_prediction,0.7653869357807883,True
6404,C1,accessible_vehicle,0.7653869357807883,True
6405,B1,ai_severe_prediction,0.7653869357807883,True
6405,C1,accessible_vehicle,0.7653869357807883,True
6406,B1,ai_severe_prediction,0.7653869357807885,True
6406,C1,accessible_vehicle,0.7653869357807883,True
6407,B1,ai_severe_prediction,0.7653869357807883,True
6407,C1,accessible_vehicle,0.7653869357807883,True
6408,B1,ai_severe_prediction,0.7653869357807883,True
6408,C1,accessible_vehicle,0.7653869357807883,True
6409,B1,ai_severe_prediction,0.7653869357807883,True
6409,C1,accessible_vehicle,0.7653869357807883,True
6410,B1,ai_severe_prediction,0.7653869357807885,True
6410,C1,accessible_vehicle,0.7653869357807883,True
6411,B1,ai_severe_prediction,0.7653869357807883,True
6411,C1,accessible_vehicle,0.7653869357807883,True
6412,B1,ai_severe_prediction,0.7653869357807883,True
6412,C1,accessible_vehicle,0.7653869357807885,True
6413,B1,ai_severe_prediction,0.7653869357807883,True
6413,C1,accessible_vehicle,0.7653869357807883,True
6414,B1,ai_severe_prediction,0.7653869357807883,True
6414,C1,accessible_vehicle,0.7653869357807883,True
6415,B1,ai_severe_prediction,0.7653869357807883,True
6415,C1,accessible_vehicle,0.7653869357807883,True
6416,B1,ai_severe_prediction,0.7653869357807883,True
6416,C1,accessible_vehicle,0.7653869357807883,True
6417,B1,ai_severe_prediction,0.7653869357807885,True
6417,C1,accessible_vehicle,0.7653869357807883,True
6418,B1,ai_severe_prediction,0.7653869357807883,True
6418,C1,accessible_vehicle,0.7653869357807883,True
6419,B1,ai_severe_prediction,0.7653869357807883,True
6419,C1,accessible_vehicle,0.7653869357807883,True
6420,B1,ai_severe_prediction,0.7653869357807883,True
6420,C1,accessible_vehicle,0.7653869357807885,True
6421,B1,ai_severe_prediction,0.7653869357807883,True
6421,C1,accessible_vehicle,0.7653869357807883,True
6422,B1,ai_severe_prediction,0.7653869357807883,True
6422,C1,accessible_vehicle,0.7653869357807883,True
6423,B1,ai_severe_prediction,0.7653869357807885,True
6423,C1,accessible_vehicle,0.7653869357807883,True
6424,B1,ai_severe_prediction,0.7653869357807885,True
6424,C1,accessible_vehicle,0.7653869357807883,True
6425,B1,ai_severe_prediction,0.7653869357807883,True
6425,C1,accessible_vehicle,0.7653869357807883,True
6426,B1,ai_severe_prediction,0.7653869357807883,True
6426,C1,accessible_vehicle,0.7653869357807885,True
6427,B1,ai_severe_prediction,0.7653869357807883,True
6427,C1,accessible_vehicle,0.7653869357807885,True
6428,B1,ai_severe_prediction,0.7653869357807883,True
6428,C1,accessible_vehicle,0.7653869357807883,True
6429,B1,ai_severe_prediction,0.7653869357807883,True
6429,C1,accessible_vehicle,0.7653869357807883,True
6430,B1,ai_severe_prediction,0.7653869357807883,True
6430,C1,accessible_vehicle,0.7653869357807883,True
6431,B1,ai_severe_prediction,0.7653869357807883,True
6431,C1,accessible_vehicle,0.7653869357807883,True
6432,B1,ai_severe_prediction,0.7653869357807883,True
6432,C1,accessible_vehicle,0.7653869357807883,True
6433,B1,ai_severe_prediction,0.7653869357807883,True
6433,C1,accessible_vehicle,0.7653869357807883,True
6434,B1,ai_severe_prediction,0.7653869357807883,True
6434,C1,accessible_vehicle,0.7653869357807883,True
6435,B1,ai_severe_prediction,0.7653869357807883,True
6435,C1,accessible_vehicle,0.7653869357807885,True
6436,B1,ai_severe_prediction,0.7653869357807885,True
6436,C1,accessible_vehicle,0.7653869357807883,True
6437,B1,ai_severe_prediction,0.7653869357807883,True
6437,C1,accessible_vehicle,0.7653869357807883,True
6438,B1,ai_severe_prediction,0.7653869357807883,True
6438,C1,accessible_vehicle,0.7653869357807883,True
6439,B1,ai_severe_prediction,0.7653869357807883,True
6439,C1,accessible_vehicle,0.7653869357807885,True
6440,B1,ai_severe_prediction,0.7653869357807883,True
6440,C1,accessible_vehicle,0.7653869357807883,True
6441,B1,ai_severe_prediction,0.7653869357807883,True
6441,C1,accessible_vehicle,0.7653869357807883,True
6442,B1,ai_severe_prediction,0.7653869357807883,True
6442,C1,accessible_vehicle,0.7653869357807883,True
6443,B1,ai_severe_prediction,0.7653869357807885,True
6443,C1,accessible_vehicle,0.7653869357807883,True
6444,B1,ai_severe_prediction,0.7653869357807883,True
6444,C1,accessible_vehicle,0.7653869357807883,True
6445,B1,ai_severe_prediction,0.7653869357807883,True
6445,C1,accessible_vehicle,0.7653869357807885,True
6446,B1,ai_severe_prediction,0.7653869357807883,True
6446,C1,accessible_vehicle,0.7653869357807885,True
6447,B1,ai_severe_prediction,0.7653869357807883,True
6447,C1,accessible_vehicle,0.7653869357807883,True
6448,B1,ai_severe_prediction,0.7653869357807883,True
6448,C1,accessible_vehicle,0.7653869357807883,True
6449,B1,ai_severe_prediction,0.7653869357807883,True
6449,C1,accessible_vehicle,0.7653869357807885,True
6450,B1,ai_severe_prediction,0.7653869357807883,True
6450,C1,accessible_vehicle,0.7653869357807883,True
6451,B1,ai_severe_prediction,0.7653869357807883,True
6451,C1,accessible_vehicle,0.7653869357807883,True
6452,B1,ai_severe_prediction,0.7653869357807883,True
6452,C1,accessible_vehicle,0.7653869357807883,True
6453,B1,ai_severe_prediction,0.7653869357807883,True
6453,C1,accessible_vehicle,0.7653869357807883,True
6454,B1,ai_severe_prediction,0.7653869357807883,True
6454,C1,accessible_vehicle,0.7653869357807885,True
6455,B1,ai_severe_prediction,0.7653869357807883,True
6455,C1,accessible_vehicle,0.7653869357807885,True
6456,B1,ai_severe_prediction,0.7653869357807883,True
6456,C1,accessible_vehicle,0.7653869357807883,True
6457,B1,ai_severe_prediction,0.7653869357807883,True
6457,C1,accessible_vehicle,0.7653869357807883,True
6458,B1,ai_severe_prediction,0.7653869357807885,True
6458,C1,accessible_vehicle,0.7653869357807883,True
6459,B1,ai_severe_prediction,0.7653869357807883,True
6459,C1,accessible_vehicle,0.7653869357807883,True
6460,B1,ai_severe_prediction,0.7653869357807883,True
6460,C1,accessible_vehicle,0.7653869357807883,True
6461,B1,ai_severe_prediction,0.7653869357807883,True
6461,C1,accessible_vehicle,0.7653869357807883,True
6462,B1,ai_severe_prediction,0.7653869357807883,True
6462,C1,accessible_vehicle,0.7653869357807883,True
6463,B1,ai_severe_prediction,0.7653869357807883,True
6463,C1,accessible_vehicle,0.7653869357807883,True
6464,B1,ai_severe_prediction,0.7653869357807885,True
6464,C1,accessible_vehicle,0.7653869357807883,True
6465,B1,ai_severe_prediction,0.7653869357807883,True
6465,C1,accessible_vehicle,0.7653869357807883,True
6466,B1,ai_severe_prediction,0.7653869357807883,True
6466,C1,accessible_vehicle,0.7653869357807883,True
6467,B1,ai_severe_prediction,0.7653869357807883,True
6467,C1,accessible_vehicle,0.7653869357807885,True
6468,B1,ai_severe_prediction,0.7653869357807883,True
6468,C1,accessible_vehicle,0.7653869357807883,True
6469,B1,ai_severe_prediction,0.7653869357807883,True
6469,C1,accessible_vehicle,0.7653869357807883,True
6470,B1,ai_severe_prediction,0.7653869357807883,True
6470,C1,accessible_vehicle,0.7653869357807885,True
6471,B1,ai_severe_prediction,0.7653869357807883,True
6471,C1,accessible_vehicle,0.7653869357807883,True
6472,B1,ai_severe_prediction,0.7653869357807883,True
6472,C1,accessible_vehicle,0.7653869357807883,True
6473,B1,ai_severe_prediction,0.7653869357807883,True
6473,C1,accessible_vehicle,0.7653869357807883,True
6474,B1,ai_severe_prediction,0.7653869357807883,True
6474,C1,accessible_vehicle,0.7653869357807883,True
6475,B1,ai_severe_prediction,0.7653869357807883,True
6475,C1,accessible_vehicle,0.7653869357807883,True
6476,B1,ai_severe_prediction,0.7653869357807883,True
6476,C1,accessible_vehicle,0.7653869357807883,True
6477,B1,ai_severe_prediction,0.7653869357807885,True
6477,C1,accessible_vehicle,0.7653869357807883,True
6478,B1,ai_severe_prediction,0.7653869357807885,True
6478,C1,accessible_vehicle,0.7653869357807882,True
6479,B1,ai_severe_prediction,0.7653869357807883,True
6479,C1,accessible_vehicle,0.7653869357807883,True
6480,B1,ai_severe_prediction,0.7669784274549007,True
6480,C1,accessible_vehicle,0.766978427454901,True
6481,B1,ai_severe_prediction,0.766978427454901,True
6481,C1,accessible_vehicle,0.7669784274549007,True
6482,B1,ai_severe_prediction,0.766978427454901,True
6482,C1,accessible_vehicle,0.766978427454901,True
6483,B1,ai_severe_prediction,0.7669784274549007,True
6483,C1,accessible_vehicle,0.7669784274549007,True
6484,B1,ai_severe_prediction,0.7669784274549006,True
6484,C1,accessible_vehicle,0.766978427454901,True
6485,B1,ai_severe_prediction,0.766978427454901,True
6485,C1,accessible_vehicle,0.766978427454901,True
6486,B1,ai_severe_prediction,0.766978427454901,True
6486,C1,accessible_vehicle,0.7669784274549007,True
6487,B1,ai_severe_prediction,0.7669784274549007,True
6487,C1,accessible_vehicle,0.7669784274549007,True
6488,B1,ai_severe_prediction,0.766978427454901,True
6488,C1,accessible_vehicle,0.766978427454901,True
6489,B1,ai_severe_prediction,0.7669784274549007,True
6489,C1,accessible_vehicle,0.7669784274549007,True
6490,B1,ai_severe_prediction,0.7669784274549007,True
6490,C1,accessible_vehicle,0.766978427454901,True
6491,B1,ai_severe_prediction,0.7669784274549007,True
6491,C1,accessible_vehicle,0.7669784274549007,True
6492,B1,ai_severe_prediction,0.7669784274549007,True
6492,C1,accessible_vehicle,0.7669784274549007,True
6493,B1,ai_severe_prediction,0.7669784274549007,True
6493,C1,accessible_vehicle,0.766978427454901,True
6494,B1,ai_severe_prediction,0.7669784274549007,True
6494,C1,accessible_vehicle,0.7669784274549007,True
6495,B1,ai_severe_prediction,0.766978427454901,True
6495,C1,accessible_vehicle,0.7669784274549007,True
6496,B1,ai_severe_prediction,0.7669784274549007,True
6496,C1,accessible_vehicle,0.7669784274549007,True
6497,B1,ai_severe_prediction,0.7669784274549006,True
6497,C1,accessible_vehicle,0.7669784274549007,True
6498,B1,ai_severe_prediction,0.7669784274549007,True
6498,C1,accessible_vehicle,0.766978427454901,True
6499,B1,ai_severe_prediction,0.7669784274549007,True
6499,C1,accessible_vehicle,0.7669784274549007,True
6500,B1,ai_severe_prediction,0.7669784274549007,True
6500,C1,accessible_vehicle,0.7669784274549007,True
6501,B1,ai_severe_prediction,0.7669784274549007,True
6501,C1,accessible_vehicle,0.7669784274549007,True
6502,B1,ai_severe_prediction,0.7669784274549011,True
6502,C1,accessible_vehicle,0.7669784274549007,True
6503,B1,ai_severe_prediction,0.7669784274549007,True
6503,C1,accessible_vehicle,0.7669784274549007,True
6504,B1,ai_severe_prediction,0.7669784274549007,True
6504,C1,accessible_vehicle,0.7669784274549007,True
6505,B1,ai_severe_prediction,0.7669784274549007,True
6505,C1,accessible_vehicle,0.7669784274549007,True
6506,B1,ai_severe_prediction,0.7669784274549007,True
6506,C1,accessible_vehicle,0.7669784274549007,True
6507,B1,ai_severe_prediction,0.7669784274549007,True
6507,C1,accessible_vehicle,0.7669784274549007,True
6508,B1,ai_severe_prediction,0.7669784274549007,True
6508,C1,accessible_vehicle,0.7669784274549007,True
6509,B1,ai_severe_prediction,0.7669784274549007,True
6509,C1,accessible_vehicle,0.7669784274549007,True
6510,B1,ai_severe_prediction,0.7669784274549006,True
6510,C1,accessible_vehicle,0.766978427454901,True
6511,B1,ai_severe_prediction,0.7669784274549007,True
6511,C1,accessible_vehicle,0.7669784274549007,True
6512,B1,ai_severe_prediction,0.7669784274549007,True
6512,C1,accessible_vehicle,0.7669784274549007,True
6513,B1,ai_severe_prediction,0.766978427454901,True
6513,C1,accessible_vehicle,0.7669784274549007,True
6514,B1,ai_severe_prediction,0.7669784274549007,True
6514,C1,accessible_vehicle,0.7669784274549007,True
6515,B1,ai_severe_prediction,0.7669784274549007,True
6515,C1,accessible_vehicle,0.7669784274549007,True
6516,B1,ai_severe_prediction,0.7669784274549007,True
6516,C1,accessible_vehicle,0.7669784274549007,True
6517,B1,ai_severe_prediction,0.7669784274549007,True
6517,C1,accessible_vehicle,0.7669784274549007,True
6518,B1,ai_severe_prediction,0.7669784274549007,True
6518,C1,accessible_vehicle,0.7669784274549007,True
6519,B1,ai_severe_prediction,0.7669784274549007,True
6519,C1,accessible_vehicle,0.7669784274549007,True
6520,B1,ai_severe_prediction,0.7669784274549007,True
6520,C1,accessible_vehicle,0.7669784274549007,True
6521,B1,ai_severe_prediction,0.7669784274549007,True
6521,C1,accessible_vehicle,0.7669784274549007,True
6522,B1,ai_severe_prediction,0.7669784274549007,True
6522,C1,accessible_vehicle,0.7669784274549007,True
6523,B1,ai_severe_prediction,0.7669784274549007,True
6523,C1,accessible_vehicle,0.7669784274549007,True
6524,B1,ai_severe_prediction,0.7669784274549007,True
6524,C1,accessible_vehicle,0.7669784274549007,True
6525,B1,ai_severe_prediction,0.7669784274549007,True
6525,C1,accessible_vehicle,0.766978427454901,True
6526,B1,ai_severe_prediction,0.7669784274549007,True
6526,C1,accessible_vehicle,0.7669784274549007,True
6527,B1,ai_severe_prediction,0.7669784274549007,True
6527,C1,accessible_vehicle,0.7669784274549007,True
6528,B1,ai_severe_prediction,0.7669784274549007,True
6528,C1,accessible_vehicle,0.7669784274549007,True
6529,B1,ai_severe_prediction,0.7669784274549007,True
6529,C1,accessible_vehicle,0.7669784274549011,True
6530,B1,ai_severe_prediction,0.7669784274549007,True
6530,C1,accessible_vehicle,0.7669784274549007,True
6531,B1,ai_severe_prediction,0.766978427454901,True
6531,C1,accessible_vehicle,0.7669784274549007,True
6532,B1,ai_severe_prediction,0.7669784274549007,True
6532,C1,accessible_vehicle,0.766978427454901,True
6533,B1,ai_severe_prediction,0.7669784274549007,True
6533,C1,accessible_vehicle,0.7669784274549007,True
6534,B1,ai_severe_prediction,0.766978427454901,True
6534,C1,accessible_vehicle,0.7669784274549007,True
6535,B1,ai_severe_prediction,0.7669784274549007,True
6535,C1,accessible_vehicle,0.7669784274549007,True
6536,B1,ai_severe_prediction,0.7669784274549007,True
6536,C1,accessible_vehicle,0.7669784274549007,True
6537,B1,ai_severe_prediction,0.7669784274549007,True
6537,C1,accessible_vehicle,0.7669784274549007,True
6538,B1,ai_severe_prediction,0.766978427454901,True
6538,C1,accessible_vehicle,0.7669784274549007,True
6539,B1,ai_severe_prediction,0.7669784274549007,True
6539,C1,accessible_vehicle,0.766978427454901,True
6540,B1,ai_severe_prediction,0.766978427454901,True
6540,C1,accessible_vehicle,0.7669784274549007,True
6541,B1,ai_severe_prediction,0.7669784274549007,True
6541,C1,accessible_vehicle,0.7669784274549007,True
6542,B1,ai_severe_prediction,0.766978427454901,True
6542,C1,accessible_vehicle,0.7669784274549007,True
6543,B1,ai_severe_prediction,0.7669784274549007,True
6543,C1,accessible_vehicle,0.7669784274549007,True
6544,B1,ai_severe_prediction,0.766978427454901,True
6544,C1,accessible_vehicle,0.7669784274549007,True
6545,B1,ai_severe_prediction,0.7669784274549007,True
6545,C1,accessible_vehicle,0.7669784274549007,True
6546,B1,ai_severe_prediction,0.7669784274549007,True
6546,C1,accessible_vehicle,0.7669784274549007,True
6547,B1,ai_severe_prediction,0.766978427454901,True
6547,C1,accessible_vehicle,0.7669784274549007,True
6548,B1,ai_severe_prediction,0.7669784274549007,True
6548,C1,accessible_vehicle,0.7669784274549007,True
6549,B1,ai_severe_prediction,0.7669784274549007,True
6549,C1,accessible_vehicle,0.7669784274549007,True
6550,B1,ai_severe_prediction,0.7669784274549007,True
6550,C1,accessible_vehicle,0.7669784274549007,True
6551,B1,ai_severe_prediction,0.7669784274549007,True
6551,C1,accessible_vehicle,0.7669784274549007,True
6552,B1,ai_severe_prediction,0.7669784274549007,True
6552,C1,accessible_vehicle,0.766978427454901,True
6553,B1,ai_severe_prediction,0.766978427454901,True
6553,C1,accessible_vehicle,0.7669784274549007,True
6554,B1,ai_severe_prediction,0.7669784274549006,True
6554,C1,accessible_vehicle,0.766978427454901,True
6555,B1,ai_severe_prediction,0.7669784274549007,True
6555,C1,accessible_vehicle,0.766978427454901,True
6556,B1,ai_severe_prediction,0.766978427454901,True
6556,C1,accessible_vehicle,0.766978427454901,True
6557,B1,ai_severe_prediction,0.7669784274549007,True
6557,C1,accessible_vehicle,0.766978427454901,True
6558,B1,ai_severe_prediction,0.7669784274549006,True
6558,C1,accessible_vehicle,0.7669784274549007,True
6559,B1,ai_severe_prediction,0.7669784274549007,True
6559,C1,accessible_vehicle,0.766978427454901,True
6560,B1,ai_severe_prediction,0.766978427454901,True
6560,C1,accessible_vehicle,0.7669784274549007,True
6561,B1,ai_severe_prediction,0.7669784274549007,True
6561,C1,accessible_vehicle,0.7669784274549007,True
6562,B1,ai_severe_prediction,0.7669784274549007,True
6562,C1,accessible_vehicle,0.7669784274549007,True
6563,B1,ai_severe_prediction,0.7669784274549007,True
6563,C1,accessible_vehicle,0.7669784274549007,True
6564,B1,ai_severe_prediction,0.766978427454901,True
6564,C1,accessible_vehicle,0.766978427454901,True
6565,B1,ai_severe_prediction,0.7669784274549007,True
6565,C1,accessible_vehicle,0.7669784274549007,True
6566,B1,ai_severe_prediction,0.7669784274549007,True
6566,C1,accessible_vehicle,0.7669784274549007,True
6567,B1,ai_severe_prediction,0.766978427454901,True
6567,C1,accessible_vehicle,0.7669784274549007,True
6568,B1,ai_severe_prediction,0.766978427454901,True
6568,C1,accessible_vehicle,0.7669784274549007,True
6569,B1,ai_severe_prediction,0.7669784274549007,True
6569,C1,accessible_vehicle,0.7669784274549007,True
6570,B1,ai_severe_prediction,0.7669784274549007,True
6570,C1,accessible_vehicle,0.7669784274549007,True
6571,B1,ai_severe_prediction,0.7669784274549007,True
6571,C1,accessible_vehicle,0.7669784274549007,True
6572,B1,ai_severe_prediction,0.766978427454901,True
6572,C1,accessible_vehicle,0.7669784274549007,True
6573,B1,ai_severe_prediction,0.7669784274549007,True
6573,C1,accessible_vehicle,0.7669784274549007,True
6574,B1,ai_severe_prediction,0.766978427454901,True
6574,C1,accessible_vehicle,0.7669784274549007,True
6575,B1,ai_severe_prediction,0.7669784274549007,True
6575,C1,accessible_vehicle,0.7669784274549007,True
6576,B1,ai_severe_prediction,0.7669784274549007,True
6576,C1,accessible_vehicle,0.7669784274549007,True
6577,B1,ai_severe_prediction,0.7669784274549006,True
6577,C1,accessible_vehicle,0.7669784274549007,True
6578,B1,ai_severe_prediction,0.7669784274549006,True
6578,C1,accessible_vehicle,0.7669784274549007,True
6579,B1,ai_severe_prediction,0.7669784274549007,True
6579,C1,accessible_vehicle,0.7669784274549007,True
6580,B1,ai_severe_prediction,0.766978427454901,True
6580,C1,accessible_vehicle,0.7669784274549007,True
6581,B1,ai_severe_prediction,0.7669784274549006,True
6581,C1,accessible_vehicle,0.7669784274549007,True
6582,B1,ai_severe_prediction,0.7669784274549007,True
6582,C1,accessible_vehicle,0.7669784274549007,True
6583,B1,ai_severe_prediction,0.7669784274549007,True
6583,C1,accessible_vehicle,0.7669784274549007,True
6584,B1,ai_severe_prediction,0.7669784274549007,True
6584,C1,accessible_vehicle,0.7669784274549007,True
6585,B1,ai_severe_prediction,0.7669784274549007,True
6585,C1,accessible_vehicle,0.7669784274549006,True
6586,B1,ai_severe_prediction,0.766978427454901,True
6586,C1,accessible_vehicle,0.7669784274549007,True
6587,B1,ai_severe_prediction,0.7669784274549007,True
6587,C1,accessible_vehicle,0.7669784274549007,True
6588,B1,ai_severe_prediction,0.7669784274549007,True
6588,C1,accessible_vehicle,0.7669784274549007,True
6589,B1,ai_severe_prediction,0.7669784274549007,True
6589,C1,accessible_vehicle,0.7669784274549007,True
6590,B1,ai_severe_prediction,0.7669784274549007,True
6590,C1,accessible_vehicle,0.7669784274549007,True
6591,B1,ai_severe_prediction,0.766978427454901,True
6591,C1,accessible_vehicle,0.7669784274549007,True
6592,B1,ai_severe_prediction,0.7669784274549007,True
6592,C1,accessible_vehicle,0.766978427454901,True
6593,B1,ai_severe_prediction,0.7669784274549007,True
6593,C1,accessible_vehicle,0.766978427454901,True
6594,B1,ai_severe_prediction,0.7669784274549007,True
6594,C1,accessible_vehicle,0.7669784274549007,True
6595,B1,ai_severe_prediction,0.7669784274549007,True
6595,C1,accessible_vehicle,0.7669784274549007,True
6596,B1,ai_severe_prediction,0.7669784274549007,True
6596,C1,accessible_vehicle,0.7669784274549007,True
6597,B1,ai_severe_prediction,0.7669784274549006,True
6597,C1,accessible_vehicle,0.7669784274549007,True
6598,B1,ai_severe_prediction,0.7669784274549007,True
6598,C1,accessible_vehicle,0.7669784274549007,True
6599,B1,ai_severe_prediction,0.7669784274549007,True
6599,C1,accessible_vehicle,0.7669784274549007,True
6600,B1,ai_severe_prediction,0.766978427454901,True
6600,C1,accessible_vehicle,0.766978427454901,True
6601,B1,ai_severe_prediction,0.766978427454901,True
6601,C1,accessible_vehicle,0.7669784274549007,True
6602,B1,ai_severe_prediction,0.7669784274549007,True
6602,C1,accessible_vehicle,0.7669784274549007,True
6603,B1,ai_severe_prediction,0.766978427454901,True
6603,C1,accessible_vehicle,0.7669784274549007,True
6604,B1,ai_severe_prediction,0.7669784274549007,True
6604,C1,accessible_vehicle,0.7669784274549007,True
6605,B1,ai_severe_prediction,0.7669784274549007,True
6605,C1,accessible_vehicle,0.7669784274549007,True
6606,B1,ai_severe_prediction,0.766978427454901,True
6606,C1,accessible_vehicle,0.766978427454901,True
6607,B1,ai_severe_prediction,0.7669784274549007,True
6607,C1,accessible_vehicle,0.7669784274549007,True
6608,B1,ai_severe_prediction,0.766978427454901,True
6608,C1,accessible_vehicle,0.7669784274549007,True
6609,B1,ai_severe_prediction,0.7669784274549006,True
6609,C1,accessible_vehicle,0.7669784274549007,True
6610,B1,ai_severe_prediction,0.766978427454901,True
6610,C1,accessible_vehicle,0.7669784274549007,True
6611,B1,ai_severe_prediction,0.7669784274549006,True
6611,C1,accessible_vehicle,0.766978427454901,True
6612,B1,ai_severe_prediction,0.7669784274549007,True
6612,C1,accessible_vehicle,0.7669784274549007,True
6613,B1,ai_severe_prediction,0.7669784274549007,True
6613,C1,accessible_vehicle,0.766978427454901,True
6614,B1,ai_severe_prediction,0.7669784274549007,True
6614,C1,accessible_vehicle,0.7669784274549007,True
6615,B1,ai_severe_prediction,0.7669784274549007,True
6615,C1,accessible_vehicle,0.7669784274549007,True
6616,B1,ai_severe_prediction,0.7669784274549007,True
6616,C1,accessible_vehicle,0.7669784274549006,True
6617,B1,ai_severe_prediction,0.766978427454901,True
6617,C1,accessible_vehicle,0.7669784274549007,True
6618,B1,ai_severe_prediction,0.766978427454901,True
6618,C1,accessible_vehicle,0.766978427454901,True
6619,B1,ai_severe_prediction,0.766978427454901,True
6619,C1,accessible_vehicle,0.7669784274549007,True
6620,B1,ai_severe_prediction,0.7669784274549007,True
6620,C1,accessible_vehicle,0.7669784274549007,True
6621,B1,ai_severe_prediction,0.7669784274549007,True
6621,C1,accessible_vehicle,0.7669784274549007,True
6622,B1,ai_severe_prediction,0.7669784274549007,True
6622,C1,accessible_vehicle,0.7669784274549007,True
6623,B1,ai_severe_prediction,0.7669784274549007,True
6623,C1,accessible_vehicle,0.766978427454901,True
6624,B1,ai_severe_prediction,0.7669784274549006,True
6624,C1,accessible_vehicle,0.7669784274549007,True
6625,B1,ai_severe_prediction,0.7669784274549007,True
6625,C1,accessible_vehicle,0.7669784274549007,True
6626,B1,ai_severe_prediction,0.7669784274549007,True
6626,C1,accessible_vehicle,0.7669784274549007,True
6627,B1,ai_severe_prediction,0.7669784274549007,True
6627,C1,accessible_vehicle,0.7669784274549007,True
6628,B1,ai_severe_prediction,0.7669784274549007,True
6628,C1,accessible_vehicle,0.7669784274549007,True
6629,B1,ai_severe_prediction,0.7669784274549007,True
6629,C1,accessible_vehicle,0.7669784274549007,True
6630,B1,ai_severe_prediction,0.7669784274549007,True
6630,C1,accessible_vehicle,0.7669784274549007,True
6631,B1,ai_severe_prediction,0.7669784274549007,True
6631,C1,accessible_vehicle,0.7669784274549007,True
6632,B1,ai_severe_prediction,0.7669784274549007,True
6632,C1,accessible_vehicle,0.7669784274549007,True
6633,B1,ai_severe_prediction,0.766978427454901,True
6633,C1,accessible_vehicle,0.7669784274549007,True
6634,B1,ai_severe_prediction,0.7669784274549007,True
6634,C1,accessible_vehicle,0.766978427454901,True
6635,B1,ai_severe_prediction,0.7669784274549007,True
6635,C1,accessible_vehicle,0.7669784274549007,True
6636,B1,ai_severe_prediction,0.766978427454901,True
6636,C1,accessible_vehicle,0.766978427454901,True
6637,B1,ai_severe_prediction,0.766978427454901,True
6637,C1,accessible_vehicle,0.7669784274549007,True
6638,B1,ai_severe_prediction,0.766978427454901,True
6638,C1,accessible_vehicle,0.766978427454901,True
6639,B1,ai_severe_prediction,0.7669784274549007,True
6639,C1,accessible_vehicle,0.766978427454901,True
6640,B1,ai_severe_prediction,0.7669784274549007,True
6640,C1,accessible_vehicle,0.7669784274549007,True
6641,B1,ai_severe_prediction,0.766978427454901,True
6641,C1,accessible_vehicle,0.7669784274549007,True
6642,B1,ai_severe_prediction,0.7669784274549007,True
6642,C1,accessible_vehicle,0.7669784274549007,True
6643,B1,ai_severe_prediction,0.7669784274549007,True
6643,C1,accessible_vehicle,0.766978427454901,True
6644,B1,ai_severe_prediction,0.766978427454901,True
6644,C1,accessible_vehicle,0.7669784274549007,True
6645,B1,ai_severe_prediction,0.7669784274549007,True
6645,C1,accessible_vehicle,0.7669784274549007,True
6646,B1,ai_severe_prediction,0.7669784274549007,True
6646,C1,accessible_vehicle,0.7669784274549007,True
6647,B1,ai_severe_prediction,0.766978427454901,True
6647,C1,accessible_vehicle,0.7669784274549007,True
6648,B1,ai_severe_prediction,0.766978427454901,True
6648,C1,accessible_vehicle,0.7669784274549007,True
6649,B1,ai_severe_prediction,0.7669784274549007,True
6649,C1,accessible_vehicle,0.7669784274549007,True
6650,B1,ai_severe_prediction,0.7669784274549007,True
6650,C1,accessible_vehicle,0.7669784274549007,True
6651,B1,ai_severe_prediction,0.7669784274549007,True
6651,C1,accessible_vehicle,0.7669784274549006,True
6652,B1,ai_severe_prediction,0.7669784274549007,True
6652,C1,accessible_vehicle,0.766978427454901,True
6653,B1,ai_severe_prediction,0.7669784274549007,True
6653,C1,accessible_vehicle,0.7669784274549007,True
6654,B1,ai_severe_prediction,0.766978427454901,True
6654,C1,accessible_vehicle,0.7669784274549007,True
6655,B1,ai_severe_prediction,0.7669784274549007,True
6655,C1,accessible_vehicle,0.7669784274549007,True
6656,B1,ai_severe_prediction,0.7669784274549007,True
6656,C1,accessible_vehicle,0.7669784274549007,True
6657,B1,ai_severe_prediction,0.7669784274549007,True
6657,C1,accessible_vehicle,0.7669784274549007,True
6658,B1,ai_severe_prediction,0.7669784274549007,True
6658,C1,accessible_vehicle,0.7669784274549007,True
6659,B1,ai_severe_prediction,0.7669784274549007,True
6659,C1,accessible_vehicle,0.7669784274549007,True
6660,B1,ai_severe_prediction,0.7669784274549007,True
6660,C1,accessible_vehicle,0.766978427454901,True
6661,B1,ai_severe_prediction,0.766978427454901,True
6661,C1,accessible_vehicle,0.7669784274549007,True
6662,B1,ai_severe_prediction,0.7669784274549007,True
6662,C1,accessible_vehicle,0.766978427454901,True
6663,B1,ai_severe_prediction,0.7669784274549007,True
6663,C1,accessible_vehicle,0.7669784274549007,True
6664,B1,ai_severe_prediction,0.7669784274549007,True
6664,C1,accessible_vehicle,0.7669784274549007,True
6665,B1,ai_severe_prediction,0.7669784274549007,True
6665,C1,accessible_vehicle,0.7669784274549006,True
6666,B1,ai_severe_prediction,0.7669784274549007,True
6666,C1,accessible_vehicle,0.766978427454901,True
6667,B1,ai_severe_prediction,0.7669784274549007,True
6667,C1,accessible_vehicle,0.7669784274549007,True
6668,B1,ai_severe_prediction,0.766978427454901,True
6668,C1,accessible_vehicle,0.7669784274549007,True
6669,B1,ai_severe_prediction,0.766978427454901,True
6669,C1,accessible_vehicle,0.7669784274549007,True
6670,B1,ai_severe_prediction,0.7669784274549007,True
6670,C1,accessible_vehicle,0.766978427454901,True
6671,B1,ai_severe_prediction,0.7669784274549007,True
6671,C1,accessible_vehicle,0.766978427454901,True
6672,B1,ai_severe_prediction,0.7669784274549007,True
6672,C1,accessible_vehicle,0.7669784274549007,True
6673,B1,ai_severe_prediction,0.7669784274549007,True
6673,C1,accessible_vehicle,0.7669784274549007,True
6674,B1,ai_severe_prediction,0.766978427454901,True
6674,C1,accessible_vehicle,0.7669784274549007,True
6675,B1,ai_severe_prediction,0.7669784274549007,True
6675,C1,accessible_vehicle,0.766978427454901,True
6676,B1,ai_severe_prediction,0.766978427454901,True
6676,C1,accessible_vehicle,0.766978427454901,True
6677,B1,ai_severe_prediction,0.7669784274549007,True
6677,C1,accessible_vehicle,0.766978427454901,True
6678,B1,ai_severe_prediction,0.7669784274549007,True
6678,C1,accessible_vehicle,0.7669784274549007,True
6679,B1,ai_severe_prediction,0.7669784274549007,True
6679,C1,accessible_vehicle,0.7669784274549007,True
6680,B1,ai_severe_prediction,0.7669784274549007,True
6680,C1,accessible_vehicle,0.7669784274549007,True
6681,B1,ai_severe_prediction,0.7669784274549007,True
6681,C1,accessible_vehicle,0.7669784274549007,True
6682,B1,ai_severe_prediction,0.7669784274549007,True
6682,C1,accessible_vehicle,0.7669784274549007,True
6683,B1,ai_severe_prediction,0.7669784274549007,True
6683,C1,accessible_vehicle,0.7669784274549007,True
6684,B1,ai_severe_prediction,0.7669784274549007,True
6684,C1,accessible_vehicle,0.7669784274549007,True
6685,B1,ai_severe_prediction,0.7669784274549007,True
6685,C1,accessible_vehicle,0.766978427454901,True
6686,B1,ai_severe_prediction,0.7669784274549007,True
6686,C1,accessible_vehicle,0.7669784274549007,True
6687,B1,ai_severe_prediction,0.7669784274549007,True
6687,C1,accessible_vehicle,0.7669784274549006,True
6688,B1,ai_severe_prediction,0.7669784274549007,True
6688,C1,accessible_vehicle,0.7669784274549007,True
6689,B1,ai_severe_prediction,0.7669784274549007,True
6689,C1,accessible_vehicle,0.7669784274549007,True
6690,B1,ai_severe_prediction,0.7669784274549007,True
6690,C1,accessible_vehicle,0.7669784274549007,True
6691,B1,ai_severe_prediction,0.7669784274549007,True
6691,C1,accessible_vehicle,0.7669784274549007,True
6692,B1,ai_severe_prediction,0.7669784274549007,True
6692,C1,accessible_vehicle,0.7669784274549007,True
6693,B1,ai_severe_prediction,0.7669784274549007,True
6693,C1,accessible_vehicle,0.7669784274549007,True
6694,B1,ai_severe_prediction,0.7669784274549007,True
6694,C1,accessible_vehicle,0.7669784274549007,True
6695,B1,ai_severe_prediction,0.7669784274549007,True
6695,C1,accessible_vehicle,0.7669784274549007,True
6696,B1,ai_severe_prediction,0.7669784274549007,True
6696,C1,accessible_vehicle,0.7669784274549007,True
6697,B1,ai_severe_prediction,0.7669784274549007,True
6697,C1,accessible_vehicle,0.7669784274549007,True
6698,B1,ai_severe_prediction,0.7669784274549007,True
6698,C1,accessible_vehicle,0.7669784274549007,True
6699,B1,ai_severe_prediction,0.7669784274549007,True
6699,C1,accessible_vehicle,0.7669784274549007,True
6700,B1,ai_severe_prediction,0.7669784274549007,True
6700,C1,accessible_vehicle,0.7669784274549007,True
6701,B1,ai_severe_prediction,0.7669784274549007,True
6701,C1,accessible_vehicle,0.7669784274549007,True
6702,B1,ai_severe_prediction,0.7669784274549007,True
6702,C1,accessible_vehicle,0.7669784274549007,True
6703,B1,ai_severe_prediction,0.7669784274549007,True
6703,C1,accessible_vehicle,0.7669784274549007,True
6704,B1,ai_severe_prediction,0.7669784274549007,True
6704,C1,accessible_vehicle,0.7669784274549007,True
6705,B1,ai_severe_prediction,0.7669784274549007,True
6705,C1,accessible_vehicle,0.7669784274549007,True
6706,B1,ai_severe_prediction,0.7669784274549007,True
6706,C1,accessible_vehicle,0.7669784274549007,True
6707,B1,ai_severe_prediction,0.7669784274549007,True
6707,C1,accessible_vehicle,0.7669784274549007,True
6708,B1,ai_severe_prediction,0.7669784274549007,True
6708,C1,accessible_vehicle,0.7669784274549007,True
6709,B1,ai_severe_prediction,0.7669784274549007,True
6709,C1,accessible_vehicle,0.7669784274549007,True
6710,B1,ai_severe_prediction,0.7669784274549007,True
6710,C1,accessible_vehicle,0.7669784274549007,True
6711,B1,ai_severe_prediction,0.7669784274549007,True
6711,C1,accessible_vehicle,0.7669784274549007,True
6712,B1,ai_severe_prediction,0.7669784274549007,True
6712,C1,accessible_vehicle,0.7669784274549007,True
6713,B1,ai_severe_prediction,0.7669784274549007,True
6713,C1,accessible_vehicle,0.7669784274549007,True
6714,B1,ai_severe_prediction,0.7669784274549007,True
6714,C1,accessible_vehicle,0.7669784274549007,True
6715,B1,ai_severe_prediction,0.7669784274549007,True
6715,C1,accessible_vehicle,0.7669784274549007,True
6716,B1,ai_severe_prediction,0.766978427454901,True
6716,C1,accessible_vehicle,0.766978427454901,True
6717,B1,ai_severe_prediction,0.7669784274549007,True
6717,C1,accessible_vehicle,0.7669784274549007,True
6718,B1,ai_severe_prediction,0.7669784274549007,True
6718,C1,accessible_vehicle,0.7669784274549007,True
6719,B1,ai_severe_prediction,0.7669784274549007,True
6719,C1,accessible_vehicle,0.7669784274549007,True
6720,B1,ai_severe_prediction,0.7669784274549007,True
6720,C1,accessible_vehicle,0.7669784274549007,True
6721,B1,ai_severe_prediction,0.7669784274549007,True
6721,C1,accessible_vehicle,0.7669784274549007,True
6722,B1,ai_severe_prediction,0.7669784274549007,True
6722,C1,accessible_vehicle,0.7669784274549007,True
6723,B1,ai_severe_prediction,0.7669784274549007,True
6723,C1,accessible_vehicle,0.7669784274549007,True
6724,B1,ai_severe_prediction,0.7669784274549007,True
6724,C1,accessible_vehicle,0.7669784274549007,True
6725,B1,ai_severe_prediction,0.7669784274549007,True
6725,C1,accessible_vehicle,0.7669784274549007,True
6726,B1,ai_severe_prediction,0.7669784274549007,True
6726,C1,accessible_vehicle,0.7669784274549007,True
6727,B1,ai_severe_prediction,0.7669784274549007,True
6727,C1,accessible_vehicle,0.7669784274549007,True
6728,B1,ai_severe_prediction,0.7669784274549007,True
6728,C1,accessible_vehicle,0.7669784274549007,True
6729,B1,ai_severe_prediction,0.7669784274549007,True
6729,C1,accessible_vehicle,0.7669784274549007,True
6730,B1,ai_severe_prediction,0.7669784274549007,True
6730,C1,accessible_vehicle,0.7669784274549007,True
6731,B1,ai_severe_prediction,0.7669784274549007,True
6731,C1,accessible_vehicle,0.7669784274549007,True
6732,B1,ai_severe_prediction,0.7669784274549007,True
6732,C1,accessible_vehicle,0.7669784274549007,True
6733,B1,ai_severe_prediction,0.7669784274549007,True
6733,C1,accessible_vehicle,0.7669784274549007,True
6734,B1,ai_severe_prediction,0.7669784274549007,True
6734,C1,accessible_vehicle,0.7669784274549007,True
6735,B1,ai_severe_prediction,0.7669784274549007,True
6735,C1,accessible_vehicle,0.7669784274549007,True
6736,B1,ai_severe_prediction,0.7669784274549007,True
6736,C1,accessible_vehicle,0.7669784274549007,True
6737,B1,ai_severe_prediction,0.7669784274549007,True
6737,C1,accessible_vehicle,0.766978427454901,True
6738,B1,ai_severe_prediction,0.7669784274549007,True
6738,C1,accessible_vehicle,0.7669784274549007,True
6739,B1,ai_severe_prediction,0.7669784274549007,True
6739,C1,accessible_vehicle,0.7669784274549006,True
6740,B1,ai_severe_prediction,0.7669784274549007,True
6740,C1,accessible_vehicle,0.7669784274549007,True
6741,B1,ai_severe_prediction,0.7669784274549007,True
6741,C1,accessible_vehicle,0.7669784274549007,True
6742,B1,ai_severe_prediction,0.766978427454901,True
6742,C1,accessible_vehicle,0.7669784274549007,True
6743,B1,ai_severe_prediction,0.7669784274549007,True
6743,C1,accessible_vehicle,0.7669784274549007,True
6744,B1,ai_severe_prediction,0.7669784274549007,True
6744,C1,accessible_vehicle,0.7669784274549007,True
6745,B1,ai_severe_prediction,0.7669784274549007,True
6745,C1,accessible_vehicle,0.7669784274549007,True
6746,B1,ai_severe_prediction,0.7669784274549007,True
6746,C1,accessible_vehicle,0.7669784274549007,True
6747,B1,ai_severe_prediction,0.7669784274549007,True
6747,C1,accessible_vehicle,0.7669784274549007,True
6748,B1,ai_severe_prediction,0.7669784274549007,True
6748,C1,accessible_vehicle,0.7669784274549007,True
6749,B1,ai_severe_prediction,0.7669784274549007,True
6749,C1,accessible_vehicle,0.7669784274549007,True
6750,B1,ai_severe_prediction,0.7669784274549007,True
6750,C1,accessible_vehicle,0.7669784274549007,True
6751,B1,ai_severe_prediction,0.7669784274549007,True
6751,C1,accessible_vehicle,0.7669784274549007,True
6752,B1,ai_severe_prediction,0.7669784274549007,True
6752,C1,accessible_vehicle,0.7669784274549007,True
6753,B1,ai_severe_prediction,0.7669784274549007,True
6753,C1,accessible_vehicle,0.7669784274549007,True
6754,B1,ai_severe_prediction,0.7669784274549007,True
6754,C1,accessible_vehicle,0.7669784274549007,True
6755,B1,ai_severe_prediction,0.7669784274549007,True
6755,C1,accessible_vehicle,0.7669784274549007,True
6756,B1,ai_severe_prediction,0.7669784274549007,True
6756,C1,accessible_vehicle,0.7669784274549007,True
6757,B1,ai_severe_prediction,0.7669784274549007,True
6757,C1,accessible_vehicle,0.7669784274549007,True
6758,B1,ai_severe_prediction,0.7669784274549007,True
6758,C1,accessible_vehicle,0.7669784274549007,True
6759,B1,ai_severe_prediction,0.766978427454901,True
6759,C1,accessible_vehicle,0.7669784274549007,True
6760,B1,ai_severe_prediction,0.7669784274549007,True
6760,C1,accessible_vehicle,0.7669784274549007,True
6761,B1,ai_severe_prediction,0.7669784274549007,True
6761,C1,accessible_vehicle,0.7669784274549007,True
6762,B1,ai_severe_prediction,0.7669784274549007,True
6762,C1,accessible_vehicle,0.7669784274549007,True
6763,B1,ai_severe_prediction,0.7669784274549007,True
6763,C1,accessible_vehicle,0.7669784274549007,True
6764,B1,ai_severe_prediction,0.7669784274549007,True
6764,C1,accessible_vehicle,0.7669784274549007,True
6765,B1,ai_severe_prediction,0.7669784274549007,True
6765,C1,accessible_vehicle,0.7669784274549007,True
6766,B1,ai_severe_prediction,0.7669784274549007,True
6766,C1,accessible_vehicle,0.7669784274549007,True
6767,B1,ai_severe_prediction,0.7669784274549007,True
6767,C1,accessible_vehicle,0.7669784274549007,True
6768,B1,ai_severe_prediction,0.7669784274549007,True
6768,C1,accessible_vehicle,0.7669784274549007,True
6769,B1,ai_severe_prediction,0.7669784274549007,True
6769,C1,accessible_vehicle,0.7669784274549007,True
6770,B1,ai_severe_prediction,0.7669784274549005,True
6770,C1,accessible_vehicle,0.7669784274549007,True
6771,B1,ai_severe_prediction,0.7669784274549007,True
6771,C1,accessible_vehicle,0.7669784274549007,True
6772,B1,ai_severe_prediction,0.7669784274549007,True
6772,C1,accessible_vehicle,0.7669784274549007,True
6773,B1,ai_severe_prediction,0.7669784274549007,True
6773,C1,accessible_vehicle,0.7669784274549007,True
6774,B1,ai_severe_prediction,0.7669784274549007,True
6774,C1,accessible_vehicle,0.7669784274549007,True
6775,B1,ai_severe_prediction,0.7669784274549007,True
6775,C1,accessible_vehicle,0.7669784274549007,True
6776,B1,ai_severe_prediction,0.7669784274549007,True
6776,C1,accessible_vehicle,0.7669784274549007,True
6777,B1,ai_severe_prediction,0.7669784274549007,True
6777,C1,accessible_vehicle,0.7669784274549007,True
6778,B1,ai_severe_prediction,0.766978427454901,True
6778,C1,accessible_vehicle,0.7669784274549007,True
6779,B1,ai_severe_prediction,0.766978427454901,True
6779,C1,accessible_vehicle,0.7669784274549007,True
6780,B1,ai_severe_prediction,0.7669784274549007,True
6780,C1,accessible_vehicle,0.7669784274549007,True
6781,B1,ai_severe_prediction,0.7669784274549007,True
6781,C1,accessible_vehicle,0.766978427454901,True
6782,B1,ai_severe_prediction,0.766978427454901,True
6782,C1,accessible_vehicle,0.766978427454901,True
6783,B1,ai_severe_prediction,0.7669784274549007,True
6783,C1,accessible_vehicle,0.7669784274549007,True
6784,B1,ai_severe_prediction,0.7669784274549007,True
6784,C1,accessible_vehicle,0.7669784274549007,True
6785,B1,ai_severe_prediction,0.7669784274549007,True
6785,C1,accessible_vehicle,0.7669784274549007,True
6786,B1,ai_severe_prediction,0.7669784274549007,True
6786,C1,accessible_vehicle,0.7669784274549007,True
6787,B1,ai_severe_prediction,0.7669784274549007,True
6787,C1,accessible_vehicle,0.7669784274549007,True
6788,B1,ai_severe_prediction,0.7669784274549007,True
6788,C1,accessible_vehicle,0.766978427454901,True
6789,B1,ai_severe_prediction,0.7669784274549007,True
6789,C1,accessible_vehicle,0.7669784274549007,True
6790,B1,ai_severe_prediction,0.7669784274549007,True
6790,C1,accessible_vehicle,0.766978427454901,True
6791,B1,ai_severe_prediction,0.7669784274549007,True
6791,C1,accessible_vehicle,0.766978427454901,True
6792,B1,ai_severe_prediction,0.7669784274549007,True
6792,C1,accessible_vehicle,0.7669784274549007,True
6793,B1,ai_severe_prediction,0.7669784274549007,True
6793,C1,accessible_vehicle,0.7669784274549007,True
6794,B1,ai_severe_prediction,0.7669784274549007,True
6794,C1,accessible_vehicle,0.7669784274549007,True
6795,B1,ai_severe_prediction,0.7669784274549006,True
6795,C1,accessible_vehicle,0.7669784274549007,True
6796,B1,ai_severe_prediction,0.7669784274549007,True
6796,C1,accessible_vehicle,0.7669784274549007,True
6797,B1,ai_severe_prediction,0.7669784274549007,True
6797,C1,accessible_vehicle,0.7669784274549007,True
6798,B1,ai_severe_prediction,0.7669784274549007,True
6798,C1,accessible_vehicle,0.7669784274549007,True
6799,B1,ai_severe_prediction,0.7669784274549007,True
6799,C1,accessible_vehicle,0.7669784274549007,True
6800,B1,ai_severe_prediction,0.7669784274549007,True
6800,C1,accessible_vehicle,0.7669784274549007,True
6801,B1,ai_severe_prediction,0.7669784274549007,True
6801,C1,accessible_vehicle,0.7669784274549007,True
6802,B1,ai_severe_prediction,0.7669784274549007,True
6802,C1,accessible_vehicle,0.7669784274549007,True
6803,B1,ai_severe_prediction,0.7669784274549007,True
6803,C1,accessible_vehicle,0.7669784274549007,True
6804,B1,ai_severe_prediction,0.7669784274549007,True
6804,C1,accessible_vehicle,0.7669784274549007,True
6805,B1,ai_severe_prediction,0.7669784274549007,True
6805,C1,accessible_vehicle,0.7669784274549007,True
6806,B1,ai_severe_prediction,0.7669784274549007,True
6806,C1,accessible_vehicle,0.7669784274549007,True
6807,B1,ai_severe_prediction,0.7669784274549007,True
6807,C1,accessible_vehicle,0.7669784274549007,True
6808,B1,ai_severe_prediction,0.7669784274549007,True
6808,C1,accessible_vehicle,0.7669784274549007,True
6809,B1,ai_severe_prediction,0.7669784274549007,True
6809,C1,accessible_vehicle,0.7669784274549007,True
6810,B1,ai_severe_prediction,0.7669784274549007,True
6810,C1,accessible_vehicle,0.7669784274549007,True
6811,B1,ai_severe_prediction,0.7669784274549007,True
6811,C1,accessible_vehicle,0.7669784274549007,True
6812,B1,ai_severe_prediction,0.7669784274549007,True
6812,C1,accessible_vehicle,0.7669784274549007,True
6813,B1,ai_severe_prediction,0.7669784274549007,True
6813,C1,accessible_vehicle,0.7669784274549007,True
6814,B1,ai_severe_prediction,0.7669784274549007,True
6814,C1,accessible_vehicle,0.7669784274549007,True
6815,B1,ai_severe_prediction,0.7669784274549007,True
6815,C1,accessible_vehicle,0.7669784274549007,True
6816,B1,ai_severe_prediction,0.7669784274549007,True
6816,C1,accessible_vehicle,0.7669784274549007,True
6817,B1,ai_severe_prediction,0.7669784274549007,True
6817,C1,accessible_vehicle,0.766978427454901,True
6818,B1,ai_severe_prediction,0.7669784274549007,True
6818,C1,accessible_vehicle,0.7669784274549007,True
6819,B1,ai_severe_prediction,0.7669784274549006,True
6819,C1,accessible_vehicle,0.7669784274549007,True
6820,B1,ai_severe_prediction,0.766978427454901,True
6820,C1,accessible_vehicle,0.7669784274549007,True
6821,B1,ai_severe_prediction,0.766978427454901,True
6821,C1,accessible_vehicle,0.7669784274549007,True
6822,B1,ai_severe_prediction,0.766978427454901,True
6822,C1,accessible_vehicle,0.7669784274549007,True
6823,B1,ai_severe_prediction,0.7669784274549007,True
6823,C1,accessible_vehicle,0.7669784274549007,True
6824,B1,ai_severe_prediction,0.7669784274549007,True
6824,C1,accessible_vehicle,0.766978427454901,True
6825,B1,ai_severe_prediction,0.766978427454901,True
6825,C1,accessible_vehicle,0.7669784274549007,True
6826,B1,ai_severe_prediction,0.7669784274549007,True
6826,C1,accessible_vehicle,0.7669784274549007,True
6827,B1,ai_severe_prediction,0.7669784274549007,True
6827,C1,accessible_vehicle,0.7669784274549007,True
6828,B1,ai_severe_prediction,0.7669784274549007,True
6828,C1,accessible_vehicle,0.7669784274549007,True
6829,B1,ai_severe_prediction,0.7669784274549007,True
6829,C1,accessible_vehicle,0.766978427454901,True
6830,B1,ai_severe_prediction,0.766978427454901,True
6830,C1,accessible_vehicle,0.7669784274549007,True
6831,B1,ai_severe_prediction,0.7669784274549007,True
6831,C1,accessible_vehicle,0.7669784274549007,True
6832,B1,ai_severe_prediction,0.7669784274549007,True
6832,C1,accessible_vehicle,0.7669784274549007,True
6833,B1,ai_severe_prediction,0.766978427454901,True
6833,C1,accessible_vehicle,0.7669784274549007,True
6834,B1,ai_severe_prediction,0.7669784274549007,True
6834,C1,accessible_vehicle,0.7669784274549007,True
6835,B1,ai_severe_prediction,0.7669784274549007,True
6835,C1,accessible_vehicle,0.7669784274549007,True
6836,B1,ai_severe_prediction,0.766978427454901,True
6836,C1,accessible_vehicle,0.7669784274549007,True
6837,B1,ai_severe_prediction,0.7669784274549007,True
6837,C1,accessible_vehicle,0.7669784274549007,True
6838,B1,ai_severe_prediction,0.766978427454901,True
6838,C1,accessible_vehicle,0.7669784274549007,True
6839,B1,ai_severe_prediction,0.7669784274549007,True
6839,C1,accessible_vehicle,0.7669784274549007,True
6840,B1,ai_severe_prediction,0.7669784274549007,True
6840,C1,accessible_vehicle,0.7669784274549007,True
6841,B1,ai_severe_prediction,0.7669784274549007,True
6841,C1,accessible_vehicle,0.7669784274549007,True
6842,B1,ai_severe_prediction,0.7669784274549007,True
6842,C1,accessible_vehicle,0.7669784274549007,True
6843,B1,ai_severe_prediction,0.7669784274549007,True
6843,C1,accessible_vehicle,0.7669784274549007,True
6844,B1,ai_severe_prediction,0.7669784274549007,True
6844,C1,accessible_vehicle,0.7669784274549007,True
6845,B1,ai_severe_prediction,0.7669784274549007,True
6845,C1,accessible_vehicle,0.7669784274549007,True
6846,B1,ai_severe_prediction,0.7669784274549007,True
6846,C1,accessible_vehicle,0.7669784274549007,True
6847,B1,ai_severe_prediction,0.7669784274549007,True
6847,C1,accessible_vehicle,0.7669784274549007,True
6848,B1,ai_severe_prediction,0.7669784274549007,True
6848,C1,accessible_vehicle,0.7669784274549007,True
6849,B1,ai_severe_prediction,0.7669784274549007,True
6849,C1,accessible_vehicle,0.7669784274549007,True
6850,B1,ai_severe_prediction,0.7669784274549007,True
6850,C1,accessible_vehicle,0.7669784274549007,True
6851,B1,ai_severe_prediction,0.766978427454901,True
6851,C1,accessible_vehicle,0.7669784274549007,True
6852,B1,ai_severe_prediction,0.7669784274549007,True
6852,C1,accessible_vehicle,0.7669784274549007,True
6853,B1,ai_severe_prediction,0.766978427454901,True
6853,C1,accessible_vehicle,0.7669784274549007,True
6854,B1,ai_severe_prediction,0.7669784274549007,True
6854,C1,accessible_vehicle,0.7669784274549007,True
6855,B1,ai_severe_prediction,0.7669784274549007,True
6855,C1,accessible_vehicle,0.7669784274549007,True
6856,B1,ai_severe_prediction,0.7669784274549007,True
6856,C1,accessible_vehicle,0.7669784274549007,True
6857,B1,ai_severe_prediction,0.7669784274549007,True
6857,C1,accessible_vehicle,0.7669784274549007,True
6858,B1,ai_severe_prediction,0.7669784274549007,True
6858,C1,accessible_vehicle,0.7669784274549007,True
6859,B1,ai_severe_prediction,0.7669784274549007,True
6859,C1,accessible_vehicle,0.7669784274549007,True
6860,B1,ai_severe_prediction,0.7669784274549007,True
6860,C1,accessible_vehicle,0.7669784274549006,True
6861,B1,ai_severe_prediction,0.7669784274549007,True
6861,C1,accessible_vehicle,0.7669784274549007,True
6862,B1,ai_severe_prediction,0.7669784274549007,True
6862,C1,accessible_vehicle,0.7669784274549007,True
6863,B1,ai_severe_prediction,0.7669784274549007,True
6863,C1,accessible_vehicle,0.7669784274549007,True
6864,B1,ai_severe_prediction,0.7669784274549007,True
6864,C1,accessible_vehicle,0.7669784274549007,True
6865,B1,ai_severe_prediction,0.7669784274549007,True
6865,C1,accessible_vehicle,0.7669784274549007,True
6866,B1,ai_severe_prediction,0.7669784274549007,True
6866,C1,accessible_vehicle,0.7669784274549007,True
6867,B1,ai_severe_prediction,0.7669784274549007,True
6867,C1,accessible_vehicle,0.7669784274549007,True
6868,B1,ai_severe_prediction,0.7669784274549007,True
6868,C1,accessible_vehicle,0.7669784274549007,True
6869,B1,ai_severe_prediction,0.7669784274549007,True
6869,C1,accessible_vehicle,0.7669784274549007,True
6870,B1,ai_severe_prediction,0.7669784274549007,True
6870,C1,accessible_vehicle,0.7669784274549007,True
6871,B1,ai_severe_prediction,0.7669784274549007,True
6871,C1,accessible_vehicle,0.7669784274549007,True
6872,B1,ai_severe_prediction,0.7669784274549007,True
6872,C1,accessible_vehicle,0.7669784274549007,True
6873,B1,ai_severe_prediction,0.7669784274549007,True
6873,C1,accessible_vehicle,0.7669784274549007,True
6874,B1,ai_severe_prediction,0.7669784274549006,True
6874,C1,accessible_vehicle,0.7669784274549007,True
6875,B1,ai_severe_prediction,0.7669784274549007,True
6875,C1,accessible_vehicle,0.766978427454901,True
6876,B1,ai_severe_prediction,0.766978427454901,True
6876,C1,accessible_vehicle,0.7669784274549007,True
6877,B1,ai_severe_prediction,0.7669784274549007,True
6877,C1,accessible_vehicle,0.7669784274549007,True
6878,B1,ai_severe_prediction,0.766978427454901,True
6878,C1,accessible_vehicle,0.7669784274549007,True
6879,B1,ai_severe_prediction,0.7669784274549007,True
6879,C1,accessible_vehicle,0.7669784274549007,True
6880,B1,ai_severe_prediction,0.7669784274549007,True
6880,C1,accessible_vehicle,0.7669784274549007,True
6881,B1,ai_severe_prediction,0.766978427454901,True
6881,C1,accessible_vehicle,0.7669784274549007,True
6882,B1,ai_severe_prediction,0.7669784274549007,True
6882,C1,accessible_vehicle,0.7669784274549007,True
6883,B1,ai_severe_prediction,0.7669784274549007,True
6883,C1,accessible_vehicle,0.766978427454901,True
6884,B1,ai_severe_prediction,0.7669784274549006,True
6884,C1,accessible_vehicle,0.7669784274549007,True
6885,B1,ai_severe_prediction,0.7669784274549007,True
6885,C1,accessible_vehicle,0.7669784274549007,True
6886,B1,ai_severe_prediction,0.7669784274549007,True
6886,C1,accessible_vehicle,0.7669784274549007,True
6887,B1,ai_severe_prediction,0.7669784274549007,True
6887,C1,accessible_vehicle,0.7669784274549007,True
6888,B1,ai_severe_prediction,0.7669784274549007,True
6888,C1,accessible_vehicle,0.7669784274549007,True
6889,B1,ai_severe_prediction,0.766978427454901,True
6889,C1,accessible_vehicle,0.766978427454901,True
6890,B1,ai_severe_prediction,0.7669784274549007,True
6890,C1,accessible_vehicle,0.7669784274549007,True
6891,B1,ai_severe_prediction,0.7669784274549007,True
6891,C1,accessible_vehicle,0.7669784274549007,True
6892,B1,ai_severe_prediction,0.7669784274549007,True
6892,C1,accessible_vehicle,0.7669784274549007,True
6893,B1,ai_severe_prediction,0.7669784274549007,True
6893,C1,accessible_vehicle,0.7669784274549007,True
6894,B1,ai_severe_prediction,0.7669784274549007,True
6894,C1,accessible_vehicle,0.7669784274549007,True
6895,B1,ai_severe_prediction,0.766978427454901,True
6895,C1,accessible_vehicle,0.7669784274549007,True
6896,B1,ai_severe_prediction,0.7669784274549007,True
6896,C1,accessible_vehicle,0.7669784274549007,True
6897,B1,ai_severe_prediction,0.7669784274549007,True
6897,C1,accessible_vehicle,0.7669784274549007,True
6898,B1,ai_severe_prediction,0.766978427454901,True
6898,C1,accessible_vehicle,0.7669784274549007,True
6899,B1,ai_severe_prediction,0.7669784274549007,True
6899,C1,accessible_vehicle,0.7669784274549007,True
6900,B1,ai_severe_prediction,0.7669784274549007,True
6900,C1,accessible_vehicle,0.7669784274549007,True
6901,B1,ai_severe_prediction,0.7669784274549007,True
6901,C1,accessible_vehicle,0.7669784274549007,True
6902,B1,ai_severe_prediction,0.7669784274549007,True
6902,C1,accessible_vehicle,0.7669784274549007,True
6903,B1,ai_severe_prediction,0.7669784274549007,True
6903,C1,accessible_vehicle,0.7669784274549007,True
6904,B1,ai_severe_prediction,0.7669784274549007,True
6904,C1,accessible_vehicle,0.7669784274549007,True
6905,B1,ai_severe_prediction,0.7669784274549007,True
6905,C1,accessible_vehicle,0.766978427454901,True
6906,B1,ai_severe_prediction,0.7669784274549007,True
6906,C1,accessible_vehicle,0.7669784274549007,True
6907,B1,ai_severe_prediction,0.766978427454901,True
6907,C1,accessible_vehicle,0.7669784274549007,True
6908,B1,ai_severe_prediction,0.7669784274549007,True
6908,C1,accessible_vehicle,0.7669784274549007,True
6909,B1,ai_severe_prediction,0.7669784274549007,True
6909,C1,accessible_vehicle,0.7669784274549007,True
6910,B1,ai_severe_prediction,0.7669784274549007,True
6910,C1,accessible_vehicle,0.7669784274549007,True
6911,B1,ai_severe_prediction,0.7669784274549007,True
6911,C1,accessible_vehicle,0.7669784274549007,True
6912,B1,ai_severe_prediction,0.7669784274549007,True
6912,C1,accessible_vehicle,0.7669784274549007,True
6913,B1,ai_severe_prediction,0.7669784274549007,True
6913,C1,accessible_vehicle,0.7669784274549007,True
6914,B1,ai_severe_prediction,0.7669784274549007,True
6914,C1,accessible_vehicle,0.7669784274549007,True
6915,B1,ai_severe_prediction,0.7669784274549007,True
6915,C1,accessible_vehicle,0.7669784274549007,True
6916,B1,ai_severe_prediction,0.7669784274549007,True
6916,C1,accessible_vehicle,0.7669784274549007,True
6917,B1,ai_severe_prediction,0.7669784274549007,True
6917,C1,accessible_vehicle,0.7669784274549007,True
6918,B1,ai_severe_prediction,0.7669784274549007,True
6918,C1,accessible_vehicle,0.7669784274549007,True
6919,B1,ai_severe_prediction,0.7669784274549007,True
6919,C1,accessible_vehicle,0.7669784274549007,True
6920,B1,ai_severe_prediction,0.7669784274549007,True
6920,C1,accessible_vehicle,0.7669784274549007,True
6921,B1,ai_severe_prediction,0.7669784274549007,True
6921,C1,accessible_vehicle,0.7669784274549007,True
6922,B1,ai_severe_prediction,0.7669784274549007,True
6922,C1,accessible_vehicle,0.7669784274549007,True
6923,B1,ai_severe_prediction,0.7669784274549007,True
6923,C1,accessible_vehicle,0.7669784274549007,True
6924,B1,ai_severe_prediction,0.7669784274549007,True
6924,C1,accessible_vehicle,0.7669784274549007,True
6925,B1,ai_severe_prediction,0.7669784274549007,True
6925,C1,accessible_vehicle,0.7669784274549007,True
6926,B1,ai_severe_prediction,0.7669784274549007,True
6926,C1,accessible_vehicle,0.7669784274549007,True
6927,B1,ai_severe_prediction,0.7669784274549007,True
6927,C1,accessible_vehicle,0.7669784274549007,True
6928,B1,ai_severe_prediction,0.7669784274549007,True
6928,C1,accessible_vehicle,0.766978427454901,True
6929,B1,ai_severe_prediction,0.766978427454901,True
6929,C1,accessible_vehicle,0.7669784274549007,True
6930,B1,ai_severe_prediction,0.766978427454901,True
6930,C1,accessible_vehicle,0.7669784274549007,True
6931,B1,ai_severe_prediction,0.7669784274549007,True
6931,C1,accessible_vehicle,0.7669784274549007,True
6932,B1,ai_severe_prediction,0.7669784274549007,True
6932,C1,accessible_vehicle,0.766978427454901,True
6933,B1,ai_severe_prediction,0.7669784274549007,True
6933,C1,accessible_vehicle,0.7669784274549007,True
6934,B1,ai_severe_prediction,0.7669784274549007,True
6934,C1,accessible_vehicle,0.7669784274549007,True
6935,B1,ai_severe_prediction,0.7669784274549007,True
6935,C1,accessible_vehicle,0.7669784274549007,True
6936,B1,ai_severe_prediction,0.7669784274549007,True
6936,C1,accessible_vehicle,0.7669784274549007,True
6937,B1,ai_severe_prediction,0.7669784274549007,True
6937,C1,accessible_vehicle,0.7669784274549007,True
6938,B1,ai_severe_prediction,0.766978427454901,True
6938,C1,accessible_vehicle,0.7669784274549007,True
6939,B1,ai_severe_prediction,0.7669784274549007,True
6939,C1,accessible_vehicle,0.766978427454901,True
6940,B1,ai_severe_prediction,0.766978427454901,True
6940,C1,accessible_vehicle,0.7669784274549007,True
6941,B1,ai_severe_prediction,0.7669784274549007,True
6941,C1,accessible_vehicle,0.7669784274549007,True
6942,B1,ai_severe_prediction,0.766978427454901,True
6942,C1,accessible_vehicle,0.7669784274549007,True
6943,B1,ai_severe_prediction,0.766978427454901,True
6943,C1,accessible_vehicle,0.766978427454901,True
6944,B1,ai_severe_prediction,0.7669784274549007,True
6944,C1,accessible_vehicle,0.7669784274549007,True
6945,B1,ai_severe_prediction,0.7669784274549007,True
6945,C1,accessible_vehicle,0.7669784274549007,True
6946,B1,ai_severe_prediction,0.7669784274549007,True
6946,C1,accessible_vehicle,0.7669784274549007,True
6947,B1,ai_severe_prediction,0.7669784274549006,True
6947,C1,accessible_vehicle,0.766978427454901,True
6948,B1,ai_severe_prediction,0.7669784274549007,True
6948,C1,accessible_vehicle,0.7669784274549007,True
6949,B1,ai_severe_prediction,0.7669784274549007,True
6949,C1,accessible_vehicle,0.7669784274549007,True
6950,B1,ai_severe_prediction,0.766978427454901,True
6950,C1,accessible_vehicle,0.7669784274549007,True
6951,B1,ai_severe_prediction,0.7669784274549006,True
6951,C1,accessible_vehicle,0.766978427454901,True
6952,B1,ai_severe_prediction,0.766978427454901,True
6952,C1,accessible_vehicle,0.766978427454901,True
6953,B1,ai_severe_prediction,0.7669784274549007,True
6953,C1,accessible_vehicle,0.7669784274549006,True
6954,B1,ai_severe_prediction,0.7669784274549007,True
6954,C1,accessible_vehicle,0.766978427454901,True
6955,B1,ai_severe_prediction,0.7669784274549007,True
6955,C1,accessible_vehicle,0.7669784274549007,True
6956,B1,ai_severe_prediction,0.766978427454901,True
6956,C1,accessible_vehicle,0.7669784274549007,True
6957,B1,ai_severe_prediction,0.766978427454901,True
6957,C1,accessible_vehicle,0.7669784274549007,True
6958,B1,ai_severe_prediction,0.7669784274549007,True
6958,C1,accessible_vehicle,0.766978427454901,True
6959,B1,ai_severe_prediction,0.7669784274549007,True
6959,C1,accessible_vehicle,0.766978427454901,True
6960,B1,ai_severe_prediction,0.7669784274549007,True
6960,C1,accessible_vehicle,0.7669784274549007,True
6961,B1,ai_severe_prediction,0.7669784274549007,True
6961,C1,accessible_vehicle,0.7669784274549007,True
6962,B1,ai_severe_prediction,0.7669784274549007,True
6962,C1,accessible_vehicle,0.7669784274549007,True
6963,B1,ai_severe_prediction,0.766978427454901,True
6963,C1,accessible_vehicle,0.766978427454901,True
6964,B1,ai_severe_prediction,0.7669784274549007,True
6964,C1,accessible_vehicle,0.7669784274549007,True
6965,B1,ai_severe_prediction,0.7669784274549007,True
6965,C1,accessible_vehicle,0.7669784274549007,True
6966,B1,ai_severe_prediction,0.766978427454901,True
6966,C1,accessible_vehicle,0.7669784274549007,True
6967,B1,ai_severe_prediction,0.7669784274549007,True
6967,C1,accessible_vehicle,0.7669784274549007,True
6968,B1,ai_severe_prediction,0.7669784274549007,True
6968,C1,accessible_vehicle,0.7669784274549007,True
6969,B1,ai_severe_prediction,0.7669784274549007,True
6969,C1,accessible_vehicle,0.7669784274549007,True
6970,B1,ai_severe_prediction,0.7669784274549007,True
6970,C1,accessible_vehicle,0.7669784274549007,True
6971,B1,ai_severe_prediction,0.7669784274549007,True
6971,C1,accessible_vehicle,0.7669784274549007,True
6972,B1,ai_severe_prediction,0.7669784274549007,True
6972,C1,accessible_vehicle,0.7669784274549007,True
6973,B1,ai_severe_prediction,0.7669784274549007,True
6973,C1,accessible_vehicle,0.7669784274549007,True
6974,B1,ai_severe_prediction,0.7669784274549007,True
6974,C1,accessible_vehicle,0.7669784274549007,True
6975,B1,ai_severe_prediction,0.7669784274549007,True
6975,C1,accessible_vehicle,0.7669784274549007,True
6976,B1,ai_severe_prediction,0.7669784274549007,True
6976,C1,accessible_vehicle,0.7669784274549007,True
6977,B1,ai_severe_prediction,0.7669784274549007,True
6977,C1,accessible_vehicle,0.7669784274549007,True
6978,B1,ai_severe_prediction,0.7669784274549007,True
6978,C1,accessible_vehicle,0.7669784274549007,True
6979,B1,ai_severe_prediction,0.7669784274549007,True
6979,C1,accessible_vehicle,0.7669784274549007,True
6980,B1,ai_severe_prediction,0.7669784274549007,True
6980,C1,accessible_vehicle,0.7669784274549007,True
6981,B1,ai_severe_prediction,0.7669784274549007,True
6981,C1,accessible_vehicle,0.7669784274549007,True
6982,B1,ai_severe_prediction,0.7669784274549007,True
6982,C1,accessible_vehicle,0.766978427454901,True
6983,B1,ai_severe_prediction,0.7669784274549007,True
6983,C1,accessible_vehicle,0.766978427454901,True
6984,B1,ai_severe_prediction,0.766978427454901,True
6984,C1,accessible_vehicle,0.766978427454901,True
6985,B1,ai_severe_prediction,0.766978427454901,True
6985,C1,accessible_vehicle,0.7669784274549007,True
6986,B1,ai_severe_prediction,0.766978427454901,True
6986,C1,accessible_vehicle,0.7669784274549007,True
6987,B1,ai_severe_prediction,0.7669784274549007,True
6987,C1,accessible_vehicle,0.7669784274549007,True
6988,B1,ai_severe_prediction,0.766978427454901,True
6988,C1,accessible_vehicle,0.7669784274549007,True
6989,B1,ai_severe_prediction,0.7669784274549007,True
6989,C1,accessible_vehicle,0.7669784274549007,True
6990,B1,ai_severe_prediction,0.7669784274549007,True
6990,C1,accessible_vehicle,0.7669784274549007,True
6991,B1,ai_severe_prediction,0.766978427454901,True
6991,C1,accessible_vehicle,0.7669784274549007,True
6992,B1,ai_severe_prediction,0.7669784274549007,True
6992,C1,accessible_vehicle,0.7669784274549007,True
6993,B1,ai_severe_prediction,0.7669784274549007,True
6993,C1,accessible_vehicle,0.7669784274549007,True
6994,B1,ai_severe_prediction,0.7669784274549007,True
6994,C1,accessible_vehicle,0.7669784274549007,True
6995,B1,ai_severe_prediction,0.7669784274549007,True
6995,C1,accessible_vehicle,0.7669784274549007,True
6996,B1,ai_severe_prediction,0.7669784274549007,True
6996,C1,accessible_vehicle,0.7669784274549007,True
6997,B1,ai_severe_prediction,0.7669784274549007,True
6997,C1,accessible_vehicle,0.7669784274549007,True
6998,B1,ai_severe_prediction,0.7669784274549007,True
6998,C1,accessible_vehicle,0.7669784274549007,True
6999,B1,ai_severe_prediction,0.7669784274549006,True
6999,C1,accessible_vehicle,0.7669784274549007,True
7000,B1,ai_severe_prediction,0.7669784274549006,True
7000,C1,accessible_vehicle,0.7669784274549007,True
7001,B1,ai_severe_prediction,0.7669784274549007,True
7001,C1,accessible_vehicle,0.7669784274549007,True
7002,B1,ai_severe_prediction,0.7669784274549007,True
7002,C1,accessible_vehicle,0.7669784274549007,True
7003,B1,ai_severe_prediction,0.7669784274549007,True
7003,C1,accessible_vehicle,0.7669784274549007,True
7004,B1,ai_severe_prediction,0.7669784274549007,True
7004,C1,accessible_vehicle,0.7669784274549007,True
7005,B1,ai_severe_prediction,0.7669784274549007,True
7005,C1,accessible_vehicle,0.7669784274549007,True
7006,B1,ai_severe_prediction,0.7669784274549007,True
7006,C1,accessible_vehicle,0.7669784274549007,True
7007,B1,ai_severe_prediction,0.7669784274549007,True
7007,C1,accessible_vehicle,0.7669784274549007,True
7008,B1,ai_severe_prediction,0.7669784274549007,True
7008,C1,accessible_vehicle,0.7669784274549007,True
7009,B1,ai_severe_prediction,0.7669784274549007,True
7009,C1,accessible_vehicle,0.7669784274549007,True
7010,B1,ai_severe_prediction,0.7669784274549007,True
7010,C1,accessible_vehicle,0.7669784274549007,True
7011,B1,ai_severe_prediction,0.7669784274549007,True
7011,C1,accessible_vehicle,0.7669784274549006,True
7012,B1,ai_severe_prediction,0.7669784274549007,True
7012,C1,accessible_vehicle,0.7669784274549007,True
7013,B1,ai_severe_prediction,0.7669784274549007,True
7013,C1,accessible_vehicle,0.7669784274549007,True
7014,B1,ai_severe_prediction,0.766978427454901,True
7014,C1,accessible_vehicle,0.7669784274549007,True
7015,B1,ai_severe_prediction,0.7669784274549007,True
7015,C1,accessible_vehicle,0.7669784274549007,True
7016,B1,ai_severe_prediction,0.766978427454901,True
7016,C1,accessible_vehicle,0.766978427454901,True
7017,B1,ai_severe_prediction,0.7669784274549007,True
7017,C1,accessible_vehicle,0.766978427454901,True
7018,B1,ai_severe_prediction,0.7669784274549007,True
7018,C1,accessible_vehicle,0.7669784274549007,True
7019,B1,ai_severe_prediction,0.7669784274549007,True
7019,C1,accessible_vehicle,0.766978427454901,True
7020,B1,ai_severe_prediction,0.7669784274549007,True
7020,C1,accessible_vehicle,0.7669784274549007,True
7021,B1,ai_severe_prediction,0.7669784274549007,True
7021,C1,accessible_vehicle,0.7669784274549007,True
7022,B1,ai_severe_prediction,0.7669784274549007,True
7022,C1,accessible_vehicle,0.7669784274549007,True
7023,B1,ai_severe_prediction,0.7669784274549007,True
7023,C1,accessible_vehicle,0.7669784274549007,True
7024,B1,ai_severe_prediction,0.7669784274549007,True
7024,C1,accessible_vehicle,0.7669784274549007,True
7025,B1,ai_severe_prediction,0.7669784274549007,True
7025,C1,accessible_vehicle,0.7669784274549007,True
7026,B1,ai_severe_prediction,0.7669784274549007,True
7026,C1,accessible_vehicle,0.7669784274549007,True
7027,B1,ai_severe_prediction,0.7669784274549007,True
7027,C1,accessible_vehicle,0.7669784274549007,True
7028,B1,ai_severe_prediction,0.7669784274549007,True
7028,C1,accessible_vehicle,0.7669784274549007,True
7029,B1,ai_severe_prediction,0.766978427454901,True
7029,C1,accessible_vehicle,0.766978427454901,True
7030,B1,ai_severe_prediction,0.7669784274549007,True
7030,C1,accessible_vehicle,0.7669784274549007,True
7031,B1,ai_severe_prediction,0.766978427454901,True
7031,C1,accessible_vehicle,0.7669784274549007,True
7032,B1,ai_severe_prediction,0.7669784274549007,True
7032,C1,accessible_vehicle,0.7669784274549007,True
7033,B1,ai_severe_prediction,0.7669784274549007,True
7033,C1,accessible_vehicle,0.7669784274549007,True
7034,B1,ai_severe_prediction,0.7669784274549007,True
7034,C1,accessible_vehicle,0.7669784274549007,True
7035,B1,ai_severe_prediction,0.7669784274549007,True
7035,C1,accessible_vehicle,0.766978427454901,True
7036,B1,ai_severe_prediction,0.7669784274549007,True
7036,C1,accessible_vehicle,0.7669784274549007,True
7037,B1,ai_severe_prediction,0.7669784274549007,True
7037,C1,accessible_vehicle,0.766978427454901,True
7038,B1,ai_severe_prediction,0.7669784274549007,True
7038,C1,accessible_vehicle,0.7669784274549007,True
7039,B1,ai_severe_prediction,0.7669784274549007,True
7039,C1,accessible_vehicle,0.7669784274549007,True
7040,B1,ai_severe_prediction,0.7669784274549007,True
7040,C1,accessible_vehicle,0.7669784274549007,True
7041,B1,ai_severe_prediction,0.7669784274549007,True
7041,C1,accessible_vehicle,0.7669784274549007,True
7042,B1,ai_severe_prediction,0.7669784274549007,True
7042,C1,accessible_vehicle,0.7669784274549007,True
7043,B1,ai_severe_prediction,0.7669784274549007,True
7043,C1,accessible_vehicle,0.7669784274549007,True
7044,B1,ai_severe_prediction,0.7669784274549007,True
7044,C1,accessible_vehicle,0.7669784274549007,True
7045,B1,ai_severe_prediction,0.7669784274549007,True
7045,C1,accessible_vehicle,0.7669784274549007,True
7046,B1,ai_severe_prediction,0.7669784274549007,True
7046,C1,accessible_vehicle,0.7669784274549007,True
7047,B1,ai_severe_prediction,0.7669784274549007,True
7047,C1,accessible_vehicle,0.766978427454901,True
7048,B1,ai_severe_prediction,0.7669784274549007,True
7048,C1,accessible_vehicle,0.7669784274549007,True
7049,B1,ai_severe_prediction,0.7669784274549007,True
7049,C1,accessible_vehicle,0.7669784274549007,True
7050,B1,ai_severe_prediction,0.7669784274549007,True
7050,C1,accessible_vehicle,0.7669784274549007,True
7051,B1,ai_severe_prediction,0.7669784274549007,True
7051,C1,accessible_vehicle,0.7669784274549007,True
7052,B1,ai_severe_prediction,0.7669784274549007,True
7052,C1,accessible_vehicle,0.7669784274549007,True
7053,B1,ai_severe_prediction,0.7669784274549007,True
7053,C1,accessible_vehicle,0.7669784274549007,True
7054,B1,ai_severe_prediction,0.7669784274549007,True
7054,C1,accessible_vehicle,0.7669784274549007,True
7055,B1,ai_severe_prediction,0.766978427454901,True
7055,C1,accessible_vehicle,0.766978427454901,True
7056,B1,ai_severe_prediction,0.7669784274549007,True
7056,C1,accessible_vehicle,0.7669784274549007,True
7057,B1,ai_severe_prediction,0.7669784274549007,True
7057,C1,accessible_vehicle,0.7669784274549011,True
7058,B1,ai_severe_prediction,0.766978427454901,True
7058,C1,accessible_vehicle,0.7669784274549007,True
7059,B1,ai_severe_prediction,0.7669784274549007,True
7059,C1,accessible_vehicle,0.7669784274549007,True
7060,B1,ai_severe_prediction,0.7669784274549007,True
7060,C1,accessible_vehicle,0.7669784274549007,True
7061,B1,ai_severe_prediction,0.7669784274549007,True
7061,C1,accessible_vehicle,0.7669784274549007,True
7062,B1,ai_severe_prediction,0.7669784274549007,True
7062,C1,accessible_vehicle,0.7669784274549007,True
7063,B1,ai_severe_prediction,0.7669784274549007,True
7063,C1,accessible_vehicle,0.7669784274549007,True
7064,B1,ai_severe_prediction,0.7669784274549007,True
7064,C1,accessible_vehicle,0.7669784274549007,True
7065,B1,ai_severe_prediction,0.766978427454901,True
7065,C1,accessible_vehicle,0.7669784274549007,True
7066,B1,ai_severe_prediction,0.7669784274549007,True
7066,C1,accessible_vehicle,0.7669784274549007,True
7067,B1,ai_severe_prediction,0.7669784274549007,True
7067,C1,accessible_vehicle,0.7669784274549007,True
7068,B1,ai_severe_prediction,0.766978427454901,True
7068,C1,accessible_vehicle,0.7669784274549007,True
7069,B1,ai_severe_prediction,0.7669784274549007,True
7069,C1,accessible_vehicle,0.7669784274549007,True
7070,B1,ai_severe_prediction,0.7669784274549007,True
7070,C1,accessible_vehicle,0.7669784274549007,True
7071,B1,ai_severe_prediction,0.7669784274549007,True
7071,C1,accessible_vehicle,0.7669784274549007,True
7072,B1,ai_severe_prediction,0.7669784274549007,True
7072,C1,accessible_vehicle,0.766978427454901,True
7073,B1,ai_severe_prediction,0.7669784274549007,True
7073,C1,accessible_vehicle,0.766978427454901,True
7074,B1,ai_severe_prediction,0.7669784274549007,True
7074,C1,accessible_vehicle,0.7669784274549007,True
7075,B1,ai_severe_prediction,0.7669784274549007,True
7075,C1,accessible_vehicle,0.7669784274549007,True
7076,B1,ai_severe_prediction,0.7669784274549007,True
7076,C1,accessible_vehicle,0.7669784274549007,True
7077,B1,ai_severe_prediction,0.7669784274549007,True
7077,C1,accessible_vehicle,0.7669784274549007,True
7078,B1,ai_severe_prediction,0.7669784274549007,True
7078,C1,accessible_vehicle,0.7669784274549007,True
7079,B1,ai_severe_prediction,0.7669784274549007,True
7079,C1,accessible_vehicle,0.7669784274549007,True
7080,B1,ai_severe_prediction,0.7669784274549007,True
7080,C1,accessible_vehicle,0.7669784274549007,True
7081,B1,ai_severe_prediction,0.7669784274549007,True
7081,C1,accessible_vehicle,0.7669784274549007,True
7082,B1,ai_severe_prediction,0.7669784274549007,True
7082,C1,accessible_vehicle,0.7669784274549007,True
7083,B1,ai_severe_prediction,0.7669784274549007,True
7083,C1,accessible_vehicle,0.7669784274549007,True
7084,B1,ai_severe_prediction,0.7669784274549007,True
7084,C1,accessible_vehicle,0.7669784274549007,True
7085,B1,ai_severe_prediction,0.7669784274549007,True
7085,C1,accessible_vehicle,0.7669784274549007,True
7086,B1,ai_severe_prediction,0.7669784274549007,True
7086,C1,accessible_vehicle,0.7669784274549007,True
7087,B1,ai_severe_prediction,0.7669784274549007,True
7087,C1,accessible_vehicle,0.7669784274549007,True
7088,B1,ai_severe_prediction,0.7669784274549007,True
7088,C1,accessible_vehicle,0.7669784274549007,True
7089,B1,ai_severe_prediction,0.7669784274549007,True
7089,C1,accessible_vehicle,0.7669784274549006,True
7090,B1,ai_severe_prediction,0.7669784274549007,True
7090,C1,accessible_vehicle,0.7669784274549007,True
7091,B1,ai_severe_prediction,0.766978427454901,True
7091,C1,accessible_vehicle,0.7669784274549007,True
7092,B1,ai_severe_prediction,0.7669784274549007,True
7092,C1,accessible_vehicle,0.7669784274549007,True
7093,B1,ai_severe_prediction,0.7669784274549007,True
7093,C1,accessible_vehicle,0.7669784274549007,True
7094,B1,ai_severe_prediction,0.7669784274549007,True
7094,C1,accessible_vehicle,0.7669784274549007,True
7095,B1,ai_severe_prediction,0.766978427454901,True
7095,C1,accessible_vehicle,0.7669784274549007,True
7096,B1,ai_severe_prediction,0.7669784274549007,True
7096,C1,accessible_vehicle,0.766978427454901,True
7097,B1,ai_severe_prediction,0.7669784274549007,True
7097,C1,accessible_vehicle,0.7669784274549007,True
7098,B1,ai_severe_prediction,0.7669784274549007,True
7098,C1,accessible_vehicle,0.7669784274549007,True
7099,B1,ai_severe_prediction,0.7669784274549007,True
7099,C1,accessible_vehicle,0.7669784274549007,True
7100,B1,ai_severe_prediction,0.7669784274549007,True
7100,C1,accessible_vehicle,0.7669784274549007,True
7101,B1,ai_severe_prediction,0.7669784274549007,True
7101,C1,accessible_vehicle,0.7669784274549007,True
7102,B1,ai_severe_prediction,0.7669784274549007,True
7102,C1,accessible_vehicle,0.7669784274549007,True
7103,B1,ai_severe_prediction,0.7669784274549007,True
7103,C1,accessible_vehicle,0.7669784274549007,True
7104,B1,ai_severe_prediction,0.7669784274549007,True
7104,C1,accessible_vehicle,0.7669784274549007,True
7105,B1,ai_severe_prediction,0.7669784274549007,True
7105,C1,accessible_vehicle,0.7669784274549007,True
7106,B1,ai_severe_prediction,0.7669784274549007,True
7106,C1,accessible_vehicle,0.7669784274549007,True
7107,B1,ai_severe_prediction,0.7669784274549007,True
7107,C1,accessible_vehicle,0.7669784274549007,True
7108,B1,ai_severe_prediction,0.7669784274549007,True
7108,C1,accessible_vehicle,0.7669784274549007,True
7109,B1,ai_severe_prediction,0.7669784274549007,True
7109,C1,accessible_vehicle,0.7669784274549007,True
7110,B1,ai_severe_prediction,0.7669784274549007,True
7110,C1,accessible_vehicle,0.7669784274549007,True
7111,B1,ai_severe_prediction,0.7669784274549007,True
7111,C1,accessible_vehicle,0.7669784274549007,True
7112,B1,ai_severe_prediction,0.7669784274549007,True
7112,C1,accessible_vehicle,0.7669784274549007,True
7113,B1,ai_severe_prediction,0.7669784274549007,True
7113,C1,accessible_vehicle,0.7669784274549007,True
7114,B1,ai_severe_prediction,0.7669784274549007,True
7114,C1,accessible_vehicle,0.7669784274549007,True
7115,B1,ai_severe_prediction,0.7669784274549007,True
7115,C1,accessible_vehicle,0.7669784274549007,True
7116,B1,ai_severe_prediction,0.7669784274549007,True
7116,C1,accessible_vehicle,0.7669784274549007,True
7117,B1,ai_severe_prediction,0.7669784274549007,True
7117,C1,accessible_vehicle,0.7669784274549007,True
7118,B1,ai_severe_prediction,0.7669784274549007,True
7118,C1,accessible_vehicle,0.7669784274549007,True
7119,B1,ai_severe_prediction,0.7669784274549007,True
7119,C1,accessible_vehicle,0.7669784274549007,True
7120,B1,ai_severe_prediction,0.7669784274549007,True
7120,C1,accessible_vehicle,0.766978427454901,True
7121,B1,ai_severe_prediction,0.7669784274549007,True
7121,C1,accessible_vehicle,0.766978427454901,True
7122,B1,ai_severe_prediction,0.7669784274549007,True
7122,C1,accessible_vehicle,0.7669784274549007,True
7123,B1,ai_severe_prediction,0.7669784274549007,True
7123,C1,accessible_vehicle,0.7669784274549007,True
7124,B1,ai_severe_prediction,0.7669784274549007,True
7124,C1,accessible_vehicle,0.7669784274549007,True
7125,B1,ai_severe_prediction,0.7669784274549007,True
7125,C1,accessible_vehicle,0.7669784274549007,True
7126,B1,ai_severe_prediction,0.7669784274549006,True
7126,C1,accessible_vehicle,0.7669784274549007,True
7127,B1,ai_severe_prediction,0.7669784274549007,True
7127,C1,accessible_vehicle,0.7669784274549007,True
7128,B1,ai_severe_prediction,0.7669784274549007,True
7128,C1,accessible_vehicle,0.7669784274549007,True
7129,B1,ai_severe_prediction,0.7669784274549007,True
7129,C1,accessible_vehicle,0.7669784274549007,True
7130,B1,ai_severe_prediction,0.7669784274549007,True
7130,C1,accessible_vehicle,0.7669784274549007,True
7131,B1,ai_severe_prediction,0.7669784274549007,True
7131,C1,accessible_vehicle,0.7669784274549007,True
7132,B1,ai_severe_prediction,0.7669784274549007,True
7132,C1,accessible_vehicle,0.7669784274549007,True
7133,B1,ai_severe_prediction,0.7669784274549007,True
7133,C1,accessible_vehicle,0.7669784274549007,True
7134,B1,ai_severe_prediction,0.7669784274549007,True
7134,C1,accessible_vehicle,0.7669784274549007,True
7135,B1,ai_severe_prediction,0.766978427454901,True
7135,C1,accessible_vehicle,0.7669784274549007,True
7136,B1,ai_severe_prediction,0.766978427454901,True
7136,C1,accessible_vehicle,0.7669784274549007,True
7137,B1,ai_severe_prediction,0.7669784274549007,True
7137,C1,accessible_vehicle,0.7669784274549007,True
7138,B1,ai_severe_prediction,0.7669784274549007,True
7138,C1,accessible_vehicle,0.7669784274549007,True
7139,B1,ai_severe_prediction,0.7669784274549007,True
7139,C1,accessible_vehicle,0.7669784274549007,True
7140,B1,ai_severe_prediction,0.7669784274549007,True
7140,C1,accessible_vehicle,0.7669784274549007,True
7141,B1,ai_severe_prediction,0.7669784274549007,True
7141,C1,accessible_vehicle,0.7669784274549007,True
7142,B1,ai_severe_prediction,0.766978427454901,True
7142,C1,accessible_vehicle,0.7669784274549007,True
7143,B1,ai_severe_prediction,0.7669784274549007,True
7143,C1,accessible_vehicle,0.7669784274549007,True
7144,B1,ai_severe_prediction,0.7669784274549007,True
7144,C1,accessible_vehicle,0.7669784274549007,True
7145,B1,ai_severe_prediction,0.7669784274549007,True
7145,C1,accessible_vehicle,0.766978427454901,True
7146,B1,ai_severe_prediction,0.7669784274549007,True
7146,C1,accessible_vehicle,0.7669784274549007,True
7147,B1,ai_severe_prediction,0.7669784274549006,True
7147,C1,accessible_vehicle,0.7669784274549007,True
7148,B1,ai_severe_prediction,0.7669784274549007,True
7148,C1,accessible_vehicle,0.7669784274549007,True
7149,B1,ai_severe_prediction,0.7669784274549007,True
7149,C1,accessible_vehicle,0.7669784274549007,True
7150,B1,ai_severe_prediction,0.7669784274549007,True
7150,C1,accessible_vehicle,0.7669784274549007,True
7151,B1,ai_severe_prediction,0.7669784274549007,True
7151,C1,accessible_vehicle,0.7669784274549007,True
7152,B1,ai_severe_prediction,0.7669784274549007,True
7152,C1,accessible_vehicle,0.7669784274549007,True
7153,B1,ai_severe_prediction,0.7669784274549007,True
7153,C1,accessible_vehicle,0.7669784274549007,True
7154,B1,ai_severe_prediction,0.766978427454901,True
7154,C1,accessible_vehicle,0.7669784274549007,True
7155,B1,ai_severe_prediction,0.7669784274549007,True
7155,C1,accessible_vehicle,0.766978427454901,True
7156,B1,ai_severe_prediction,0.7669784274549006,True
7156,C1,accessible_vehicle,0.766978427454901,True
7157,B1,ai_severe_prediction,0.7669784274549007,True
7157,C1,accessible_vehicle,0.766978427454901,True
7158,B1,ai_severe_prediction,0.766978427454901,True
7158,C1,accessible_vehicle,0.7669784274549007,True
7159,B1,ai_severe_prediction,0.766978427454901,True
7159,C1,accessible_vehicle,0.7669784274549007,True
7160,B1,ai_severe_prediction,0.7669784274549007,True
7160,C1,accessible_vehicle,0.7669784274549007,True
7161,B1,ai_severe_prediction,0.7669784274549007,True
7161,C1,accessible_vehicle,0.7669784274549007,True
7162,B1,ai_severe_prediction,0.7669784274549007,True
7162,C1,accessible_vehicle,0.7669784274549007,True
7163,B1,ai_severe_prediction,0.7669784274549007,True
7163,C1,accessible_vehicle,0.7669784274549007,True
7164,B1,ai_severe_prediction,0.7669784274549007,True
7164,C1,accessible_vehicle,0.766978427454901,True
7165,B1,ai_severe_prediction,0.7669784274549007,True
7165,C1,accessible_vehicle,0.7669784274549007,True
7166,B1,ai_severe_prediction,0.766978427454901,True
7166,C1,accessible_vehicle,0.7669784274549007,True
7167,B1,ai_severe_prediction,0.766978427454901,True
7167,C1,accessible_vehicle,0.7669784274549007,True
7168,B1,ai_severe_prediction,0.766978427454901,True
7168,C1,accessible_vehicle,0.7669784274549007,True
7169,B1,ai_severe_prediction,0.7669784274549007,True
7169,C1,accessible_vehicle,0.7669784274549007,True
7170,B1,ai_severe_prediction,0.7669784274549007,True
7170,C1,accessible_vehicle,0.7669784274549007,True
7171,B1,ai_severe_prediction,0.7669784274549007,True
7171,C1,accessible_vehicle,0.7669784274549007,True
7172,B1,ai_severe_prediction,0.7669784274549007,True
7172,C1,accessible_vehicle,0.766978427454901,True
7173,B1,ai_severe_prediction,0.7669784274549007,True
7173,C1,accessible_vehicle,0.7669784274549007,True
7174,B1,ai_severe_prediction,0.7669784274549007,True
7174,C1,accessible_vehicle,0.7669784274549007,True
7175,B1,ai_severe_prediction,0.7669784274549007,True
7175,C1,accessible_vehicle,0.7669784274549007,True
7176,B1,ai_severe_prediction,0.7669784274549007,True
7176,C1,accessible_vehicle,0.7669784274549007,True
7177,B1,ai_severe_prediction,0.766978427454901,True
7177,C1,accessible_vehicle,0.7669784274549007,True
7178,B1,ai_severe_prediction,0.766978427454901,True
7178,C1,accessible_vehicle,0.7669784274549007,True
7179,B1,ai_severe_prediction,0.7669784274549007,True
7179,C1,accessible_vehicle,0.7669784274549007,True
7180,B1,ai_severe_prediction,0.7669784274549007,True
7180,C1,accessible_vehicle,0.766978427454901,True
7181,B1,ai_severe_prediction,0.7669784274549007,True
7181,C1,accessible_vehicle,0.7669784274549007,True
7182,B1,ai_severe_prediction,0.7669784274549007,True
7182,C1,accessible_vehicle,0.7669784274549007,True
7183,B1,ai_severe_prediction,0.7669784274549007,True
7183,C1,accessible_vehicle,0.7669784274549007,True
7184,B1,ai_severe_prediction,0.7669784274549007,True
7184,C1,accessible_vehicle,0.7669784274549007,True
7185,B1,ai_severe_prediction,0.7669784274549007,True
7185,C1,accessible_vehicle,0.7669784274549007,True
7186,B1,ai_severe_prediction,0.7669784274549007,True
7186,C1,accessible_vehicle,0.7669784274549007,True
7187,B1,ai_severe_prediction,0.7669784274549007,True
7187,C1,accessible_vehicle,0.766978427454901,True
7188,B1,ai_severe_prediction,0.766978427454901,True
7188,C1,accessible_vehicle,0.7669784274549007,True
7189,B1,ai_severe_prediction,0.7669784274549007,True
7189,C1,accessible_vehicle,0.7669784274549007,True
7190,B1,ai_severe_prediction,0.7669784274549007,True
7190,C1,accessible_vehicle,0.7669784274549007,True
7191,B1,ai_severe_prediction,0.7669784274549007,True
7191,C1,accessible_vehicle,0.7669784274549007,True
7192,B1,ai_severe_prediction,0.7669784274549007,True
7192,C1,accessible_vehicle,0.7669784274549007,True
7193,B1,ai_severe_prediction,0.7669784274549007,True
7193,C1,accessible_vehicle,0.7669784274549007,True
7194,B1,ai_severe_prediction,0.7669784274549007,True
7194,C1,accessible_vehicle,0.7669784274549007,True
7195,B1,ai_severe_prediction,0.7669784274549007,True
7195,C1,accessible_vehicle,0.7669784274549007,True
7196,B1,ai_severe_prediction,0.7669784274549007,True
7196,C1,accessible_vehicle,0.7669784274549007,True
7197,B1,ai_severe_prediction,0.7669784274549007,True
7197,C1,accessible_vehicle,0.7669784274549007,True
7198,B1,ai_severe_prediction,0.7669784274549007,True
7198,C1,accessible_vehicle,0.7669784274549007,True
7199,B1,ai_severe_prediction,0.7669784274549007,True
7199,C1,accessible_vehicle,0.7669784274549007,True
7200,B1,ai_severe_prediction,0.7695613449386756,True
7200,C1,accessible_vehicle,0.7695613449386756,True
7201,B1,ai_severe_prediction,0.7695613449386756,True
7201,C1,accessible_vehicle,0.7695613449386756,True
7202,B1,ai_severe_prediction,0.7695613449386756,True
7202,C1,accessible_vehicle,0.7695613449386756,True
7203,B1,ai_severe_prediction,0.7695613449386756,True
7203,C1,accessible_vehicle,0.7695613449386756,True
7204,B1,ai_severe_prediction,0.7695613449386756,True
7204,C1,accessible_vehicle,0.7695613449386756,True
7205,B1,ai_severe_prediction,0.7695613449386756,True
7205,C1,accessible_vehicle,0.7695613449386756,True
7206,B1,ai_severe_prediction,0.7695613449386756,True
7206,C1,accessible_vehicle,0.7695613449386756,True
7207,B1,ai_severe_prediction,0.7695613449386756,True
7207,C1,accessible_vehicle,0.7695613449386756,True
7208,B1,ai_severe_prediction,0.7695613449386756,True
7208,C1,accessible_vehicle,0.7695613449386756,True
7209,B1,ai_severe_prediction,0.7695613449386756,True
7209,C1,accessible_vehicle,0.7695613449386756,True
7210,B1,ai_severe_prediction,0.7695613449386756,True
7210,C1,accessible_vehicle,0.7695613449386756,True
7211,B1,ai_severe_prediction,0.7695613449386756,True
7211,C1,accessible_vehicle,0.7695613449386757,True
7212,B1,ai_severe_prediction,0.7695613449386756,True
7212,C1,accessible_vehicle,0.7695613449386756,True
7213,B1,ai_severe_prediction,0.7695613449386756,True
7213,C1,accessible_vehicle,0.7695613449386756,True
7214,B1,ai_severe_prediction,0.7695613449386756,True
7214,C1,accessible_vehicle,0.7695613449386756,True
7215,B1,ai_severe_prediction,0.7695613449386753,True
7215,C1,accessible_vehicle,0.7695613449386756,True
7216,B1,ai_severe_prediction,0.7695613449386756,True
7216,C1,accessible_vehicle,0.7695613449386756,True
7217,B1,ai_severe_prediction,0.7695613449386756,True
7217,C1,accessible_vehicle,0.7695613449386756,True
7218,B1,ai_severe_prediction,0.7695613449386756,True
7218,C1,accessible_vehicle,0.7695613449386756,True
7219,B1,ai_severe_prediction,0.7695613449386756,True
7219,C1,accessible_vehicle,0.7695613449386756,True
7220,B1,ai_severe_prediction,0.7695613449386756,True
7220,C1,accessible_vehicle,0.7695613449386756,True
7221,B1,ai_severe_prediction,0.7695613449386756,True
7221,C1,accessible_vehicle,0.7695613449386756,True
7222,B1,ai_severe_prediction,0.7695613449386756,True
7222,C1,accessible_vehicle,0.7695613449386756,True
7223,B1,ai_severe_prediction,0.7695613449386756,True
7223,C1,accessible_vehicle,0.7695613449386756,True
7224,B1,ai_severe_prediction,0.7695613449386756,True
7224,C1,accessible_vehicle,0.7695613449386756,True
7225,B1,ai_severe_prediction,0.7695613449386756,True
7225,C1,accessible_vehicle,0.7695613449386756,True
7226,B1,ai_severe_prediction,0.7695613449386757,True
7226,C1,accessible_vehicle,0.7695613449386756,True
7227,B1,ai_severe_prediction,0.7695613449386756,True
7227,C1,accessible_vehicle,0.7695613449386756,True
7228,B1,ai_severe_prediction,0.7695613449386756,True
7228,C1,accessible_vehicle,0.7695613449386756,True
7229,B1,ai_severe_prediction,0.7695613449386756,True
7229,C1,accessible_vehicle,0.7695613449386756,True
7230,B1,ai_severe_prediction,0.7695613449386756,True
7230,C1,accessible_vehicle,0.7695613449386756,True
7231,B1,ai_severe_prediction,0.7695613449386757,True
7231,C1,accessible_vehicle,0.7695613449386756,True
7232,B1,ai_severe_prediction,0.7695613449386757,True
7232,C1,accessible_vehicle,0.7695613449386756,True
7233,B1,ai_severe_prediction,0.7695613449386753,True
7233,C1,accessible_vehicle,0.7695613449386756,True
7234,B1,ai_severe_prediction,0.7695613449386756,True
7234,C1,accessible_vehicle,0.7695613449386756,True
7235,B1,ai_severe_prediction,0.7695613449386756,True
7235,C1,accessible_vehicle,0.7695613449386756,True
7236,B1,ai_severe_prediction,0.7695613449386757,True
7236,C1,accessible_vehicle,0.7695613449386756,True
7237,B1,ai_severe_prediction,0.7695613449386756,True
7237,C1,accessible_vehicle,0.7695613449386756,True
7238,B1,ai_severe_prediction,0.7695613449386756,True
7238,C1,accessible_vehicle,0.7695613449386756,True
7239,B1,ai_severe_prediction,0.7695613449386756,True
7239,C1,accessible_vehicle,0.7695613449386756,True
7240,B1,ai_severe_prediction,0.7695613449386756,True
7240,C1,accessible_vehicle,0.7695613449386756,True
7241,B1,ai_severe_prediction,0.7695613449386756,True
7241,C1,accessible_vehicle,0.7695613449386757,True
7242,B1,ai_severe_prediction,0.7695613449386756,True
7242,C1,accessible_vehicle,0.7695613449386756,True
7243,B1,ai_severe_prediction,0.7695613449386756,True
7243,C1,accessible_vehicle,0.7695613449386756,True
7244,B1,ai_severe_prediction,0.7695613449386756,True
7244,C1,accessible_vehicle,0.7695613449386756,True
7245,B1,ai_severe_prediction,0.7695613449386756,True
7245,C1,accessible_vehicle,0.7695613449386757,True
7246,B1,ai_severe_prediction,0.7695613449386756,True
7246,C1,accessible_vehicle,0.7695613449386756,True
7247,B1,ai_severe_prediction,0.7695613449386756,True
7247,C1,accessible_vehicle,0.7695613449386756,True
7248,B1,ai_severe_prediction,0.7695613449386756,True
7248,C1,accessible_vehicle,0.7695613449386756,True
7249,B1,ai_severe_prediction,0.7695613449386756,True
7249,C1,accessible_vehicle,0.7695613449386756,True
7250,B1,ai_severe_prediction,0.7695613449386753,True
7250,C1,accessible_vehicle,0.7695613449386756,True
7251,B1,ai_severe_prediction,0.7695613449386756,True
7251,C1,accessible_vehicle,0.7695613449386756,True
7252,B1,ai_severe_prediction,0.7695613449386756,True
7252,C1,accessible_vehicle,0.7695613449386756,True
7253,B1,ai_severe_prediction,0.7695613449386756,True
7253,C1,accessible_vehicle,0.7695613449386756,True
7254,B1,ai_severe_prediction,0.7695613449386756,True
7254,C1,accessible_vehicle,0.7695613449386756,True
7255,B1,ai_severe_prediction,0.7695613449386756,True
7255,C1,accessible_vehicle,0.7695613449386756,True
7256,B1,ai_severe_prediction,0.7695613449386756,True
7256,C1,accessible_vehicle,0.7695613449386756,True
7257,B1,ai_severe_prediction,0.7695613449386756,True
7257,C1,accessible_vehicle,0.7695613449386756,True
7258,B1,ai_severe_prediction,0.7695613449386756,True
7258,C1,accessible_vehicle,0.7695613449386756,True
7259,B1,ai_severe_prediction,0.7695613449386756,True
7259,C1,accessible_vehicle,0.7695613449386756,True
7260,B1,ai_severe_prediction,0.7695613449386756,True
7260,C1,accessible_vehicle,0.7695613449386756,True
7261,B1,ai_severe_prediction,0.7695613449386756,True
7261,C1,accessible_vehicle,0.7695613449386756,True
7262,B1,ai_severe_prediction,0.7695613449386756,True
7262,C1,accessible_vehicle,0.7695613449386756,True
7263,B1,ai_severe_prediction,0.7695613449386756,True
7263,C1,accessible_vehicle,0.7695613449386756,True
7264,B1,ai_severe_prediction,0.7695613449386756,True
7264,C1,accessible_vehicle,0.7695613449386756,True
7265,B1,ai_severe_prediction,0.7695613449386756,True
7265,C1,accessible_vehicle,0.7695613449386756,True
7266,B1,ai_severe_prediction,0.7695613449386756,True
7266,C1,accessible_vehicle,0.7695613449386756,True
7267,B1,ai_severe_prediction,0.7695613449386756,True
7267,C1,accessible_vehicle,0.7695613449386756,True
7268,B1,ai_severe_prediction,0.7695613449386756,True
7268,C1,accessible_vehicle,0.7695613449386756,True
7269,B1,ai_severe_prediction,0.7695613449386756,True
7269,C1,accessible_vehicle,0.7695613449386756,True
7270,B1,ai_severe_prediction,0.7695613449386756,True
7270,C1,accessible_vehicle,0.7695613449386756,True
7271,B1,ai_severe_prediction,0.7695613449386756,True
7271,C1,accessible_vehicle,0.7695613449386756,True
7272,B1,ai_severe_prediction,0.7695613449386756,True
7272,C1,accessible_vehicle,0.7695613449386756,True
7273,B1,ai_severe_prediction,0.7695613449386756,True
7273,C1,accessible_vehicle,0.7695613449386756,True
7274,B1,ai_severe_prediction,0.7695613449386756,True
7274,C1,accessible_vehicle,0.7695613449386756,True
7275,B1,ai_severe_prediction,0.7695613449386756,True
7275,C1,accessible_vehicle,0.7695613449386756,True
7276,B1,ai_severe_prediction,0.7695613449386756,True
7276,C1,accessible_vehicle,0.7695613449386756,True
7277,B1,ai_severe_prediction,0.7695613449386756,True
7277,C1,accessible_vehicle,0.7695613449386756,True
7278,B1,ai_severe_prediction,0.7695613449386756,True
7278,C1,accessible_vehicle,0.7695613449386756,True
7279,B1,ai_severe_prediction,0.7695613449386756,True
7279,C1,accessible_vehicle,0.7695613449386756,True
7280,B1,ai_severe_prediction,0.7695613449386756,True
7280,C1,accessible_vehicle,0.7695613449386756,True
7281,B1,ai_severe_prediction,0.7695613449386753,True
7281,C1,accessible_vehicle,0.7695613449386756,True
7282,B1,ai_severe_prediction,0.7695613449386756,True
7282,C1,accessible_vehicle,0.7695613449386756,True
7283,B1,ai_severe_prediction,0.7695613449386757,True
7283,C1,accessible_vehicle,0.7695613449386756,True
7284,B1,ai_severe_prediction,0.7695613449386756,True
7284,C1,accessible_vehicle,0.7695613449386756,True
7285,B1,ai_severe_prediction,0.7695613449386756,True
7285,C1,accessible_vehicle,0.7695613449386756,True
7286,B1,ai_severe_prediction,0.7695613449386756,True
7286,C1,accessible_vehicle,0.7695613449386756,True
7287,B1,ai_severe_prediction,0.7695613449386756,True
7287,C1,accessible_vehicle,0.7695613449386756,True
7288,B1,ai_severe_prediction,0.7695613449386756,True
7288,C1,accessible_vehicle,0.7695613449386756,True
7289,B1,ai_severe_prediction,0.7695613449386756,True
7289,C1,accessible_vehicle,0.7695613449386756,True
7290,B1,ai_severe_prediction,0.7695613449386756,True
7290,C1,accessible_vehicle,0.7695613449386756,True
7291,B1,ai_severe_prediction,0.7695613449386753,True
7291,C1,accessible_vehicle,0.7695613449386756,True
7292,B1,ai_severe_prediction,0.7695613449386756,True
7292,C1,accessible_vehicle,0.7695613449386753,True
7293,B1,ai_severe_prediction,0.7695613449386756,True
7293,C1,accessible_vehicle,0.7695613449386756,True
7294,B1,ai_severe_prediction,0.7695613449386756,True
7294,C1,accessible_vehicle,0.7695613449386756,True
7295,B1,ai_severe_prediction,0.7695613449386756,True
7295,C1,accessible_vehicle,0.7695613449386756,True
7296,B1,ai_severe_prediction,0.7695613449386756,True
7296,C1,accessible_vehicle,0.7695613449386756,True
7297,B1,ai_severe_prediction,0.7695613449386756,True
7297,C1,accessible_vehicle,0.7695613449386756,True
7298,B1,ai_severe_prediction,0.7695613449386756,True
7298,C1,accessible_vehicle,0.7695613449386756,True
7299,B1,ai_severe_prediction,0.7695613449386756,True
7299,C1,accessible_vehicle,0.7695613449386756,True
7300,B1,ai_severe_prediction,0.7695613449386756,True
7300,C1,accessible_vehicle,0.7695613449386756,True
7301,B1,ai_severe_prediction,0.7695613449386756,True
7301,C1,accessible_vehicle,0.7695613449386756,True
7302,B1,ai_severe_prediction,0.7695613449386756,True
7302,C1,accessible_vehicle,0.7695613449386756,True
7303,B1,ai_severe_prediction,0.7695613449386756,True
7303,C1,accessible_vehicle,0.7695613449386756,True
7304,B1,ai_severe_prediction,0.7695613449386756,True
7304,C1,accessible_vehicle,0.7695613449386756,True
7305,B1,ai_severe_prediction,0.7695613449386756,True
7305,C1,accessible_vehicle,0.7695613449386756,True
7306,B1,ai_severe_prediction,0.7695613449386756,True
7306,C1,accessible_vehicle,0.7695613449386756,True
7307,B1,ai_severe_prediction,0.7695613449386756,True
7307,C1,accessible_vehicle,0.7695613449386756,True
7308,B1,ai_severe_prediction,0.7695613449386756,True
7308,C1,accessible_vehicle,0.7695613449386756,True
7309,B1,ai_severe_prediction,0.7695613449386756,True
7309,C1,accessible_vehicle,0.7695613449386756,True
7310,B1,ai_severe_prediction,0.7695613449386756,True
7310,C1,accessible_vehicle,0.7695613449386756,True
7311,B1,ai_severe_prediction,0.7695613449386756,True
7311,C1,accessible_vehicle,0.7695613449386756,True
7312,B1,ai_severe_prediction,0.7695613449386756,True
7312,C1,accessible_vehicle,0.7695613449386756,True
7313,B1,ai_severe_prediction,0.7695613449386756,True
7313,C1,accessible_vehicle,0.7695613449386756,True
7314,B1,ai_severe_prediction,0.7695613449386756,True
7314,C1,accessible_vehicle,0.7695613449386756,True
7315,B1,ai_severe_prediction,0.7695613449386756,True
7315,C1,accessible_vehicle,0.7695613449386756,True
7316,B1,ai_severe_prediction,0.7695613449386756,True
7316,C1,accessible_vehicle,0.7695613449386756,True
7317,B1,ai_severe_prediction,0.7695613449386756,True
7317,C1,accessible_vehicle,0.7695613449386756,True
7318,B1,ai_severe_prediction,0.7695613449386756,True
7318,C1,accessible_vehicle,0.7695613449386756,True
7319,B1,ai_severe_prediction,0.7695613449386756,True
7319,C1,accessible_vehicle,0.7695613449386756,True
7320,B1,ai_severe_prediction,0.7695613449386756,True
7320,C1,accessible_vehicle,0.7695613449386756,True
7321,B1,ai_severe_prediction,0.7695613449386756,True
7321,C1,accessible_vehicle,0.7695613449386756,True
7322,B1,ai_severe_prediction,0.7695613449386756,True
7322,C1,accessible_vehicle,0.7695613449386756,True
7323,B1,ai_severe_prediction,0.7695613449386756,True
7323,C1,accessible_vehicle,0.7695613449386756,True
7324,B1,ai_severe_prediction,0.7695613449386753,True
7324,C1,accessible_vehicle,0.7695613449386756,True
7325,B1,ai_severe_prediction,0.7695613449386756,True
7325,C1,accessible_vehicle,0.7695613449386756,True
7326,B1,ai_severe_prediction,0.7695613449386756,True
7326,C1,accessible_vehicle,0.7695613449386756,True
7327,B1,ai_severe_prediction,0.7695613449386756,True
7327,C1,accessible_vehicle,0.7695613449386756,True
7328,B1,ai_severe_prediction,0.7695613449386756,True
7328,C1,accessible_vehicle,0.7695613449386756,True
7329,B1,ai_severe_prediction,0.7695613449386756,True
7329,C1,accessible_vehicle,0.7695613449386756,True
7330,B1,ai_severe_prediction,0.7695613449386756,True
7330,C1,accessible_vehicle,0.7695613449386756,True
7331,B1,ai_severe_prediction,0.7695613449386756,True
7331,C1,accessible_vehicle,0.7695613449386756,True
7332,B1,ai_severe_prediction,0.7695613449386756,True
7332,C1,accessible_vehicle,0.7695613449386756,True
7333,B1,ai_severe_prediction,0.7695613449386756,True
7333,C1,accessible_vehicle,0.7695613449386756,True
7334,B1,ai_severe_prediction,0.7695613449386756,True
7334,C1,accessible_vehicle,0.7695613449386756,True
7335,B1,ai_severe_prediction,0.7695613449386756,True
7335,C1,accessible_vehicle,0.7695613449386756,True
7336,B1,ai_severe_prediction,0.7695613449386756,True
7336,C1,accessible_vehicle,0.7695613449386756,True
7337,B1,ai_severe_prediction,0.7695613449386756,True
7337,C1,accessible_vehicle,0.7695613449386756,True
7338,B1,ai_severe_prediction,0.7695613449386756,True
7338,C1,accessible_vehicle,0.7695613449386756,True
7339,B1,ai_severe_prediction,0.7695613449386756,True
7339,C1,accessible_vehicle,0.7695613449386756,True
7340,B1,ai_severe_prediction,0.7695613449386756,True
7340,C1,accessible_vehicle,0.7695613449386756,True
7341,B1,ai_severe_prediction,0.7695613449386756,True
7341,C1,accessible_vehicle,0.7695613449386756,True
7342,B1,ai_severe_prediction,0.7695613449386756,True
7342,C1,accessible_vehicle,0.7695613449386756,True
7343,B1,ai_severe_prediction,0.7695613449386756,True
7343,C1,accessible_vehicle,0.7695613449386756,True
7344,B1,ai_severe_prediction,0.7695613449386756,True
7344,C1,accessible_vehicle,0.7695613449386756,True
7345,B1,ai_severe_prediction,0.7695613449386756,True
7345,C1,accessible_vehicle,0.7695613449386756,True
7346,B1,ai_severe_prediction,0.7695613449386756,True
7346,C1,accessible_vehicle,0.7695613449386756,True
7347,B1,ai_severe_prediction,0.7695613449386753,True
7347,C1,accessible_vehicle,0.7695613449386756,True
7348,B1,ai_severe_prediction,0.7695613449386756,True
7348,C1,accessible_vehicle,0.7695613449386756,True
7349,B1,ai_severe_prediction,0.7695613449386756,True
7349,C1,accessible_vehicle,0.7695613449386756,True
7350,B1,ai_severe_prediction,0.7695613449386756,True
7350,C1,accessible_vehicle,0.7695613449386756,True
7351,B1,ai_severe_prediction,0.7695613449386756,True
7351,C1,accessible_vehicle,0.7695613449386756,True
7352,B1,ai_severe_prediction,0.7695613449386756,True
7352,C1,accessible_vehicle,0.7695613449386756,True
7353,B1,ai_severe_prediction,0.7695613449386756,True
7353,C1,accessible_vehicle,0.7695613449386756,True
7354,B1,ai_severe_prediction,0.7695613449386756,True
7354,C1,accessible_vehicle,0.7695613449386756,True
7355,B1,ai_severe_prediction,0.7695613449386756,True
7355,C1,accessible_vehicle,0.7695613449386756,True
7356,B1,ai_severe_prediction,0.7695613449386757,True
7356,C1,accessible_vehicle,0.7695613449386756,True
7357,B1,ai_severe_prediction,0.7695613449386756,True
7357,C1,accessible_vehicle,0.7695613449386756,True
7358,B1,ai_severe_prediction,0.7695613449386756,True
7358,C1,accessible_vehicle,0.7695613449386756,True
7359,B1,ai_severe_prediction,0.7695613449386756,True
7359,C1,accessible_vehicle,0.7695613449386756,True
7360,B1,ai_severe_prediction,0.7695613449386756,True
7360,C1,accessible_vehicle,0.7695613449386756,True
7361,B1,ai_severe_prediction,0.7695613449386756,True
7361,C1,accessible_vehicle,0.7695613449386756,True
7362,B1,ai_severe_prediction,0.7695613449386756,True
7362,C1,accessible_vehicle,0.7695613449386756,True
7363,B1,ai_severe_prediction,0.7695613449386756,True
7363,C1,accessible_vehicle,0.7695613449386756,True
7364,B1,ai_severe_prediction,0.7695613449386756,True
7364,C1,accessible_vehicle,0.7695613449386756,True
7365,B1,ai_severe_prediction,0.7695613449386756,True
7365,C1,accessible_vehicle,0.7695613449386756,True
7366,B1,ai_severe_prediction,0.7695613449386756,True
7366,C1,accessible_vehicle,0.7695613449386756,True
7367,B1,ai_severe_prediction,0.7695613449386756,True
7367,C1,accessible_vehicle,0.7695613449386756,True
7368,B1,ai_severe_prediction,0.7695613449386756,True
7368,C1,accessible_vehicle,0.7695613449386756,True
7369,B1,ai_severe_prediction,0.7695613449386756,True
7369,C1,accessible_vehicle,0.7695613449386756,True
7370,B1,ai_severe_prediction,0.7695613449386756,True
7370,C1,accessible_vehicle,0.7695613449386756,True
7371,B1,ai_severe_prediction,0.7695613449386756,True
7371,C1,accessible_vehicle,0.7695613449386756,True
7372,B1,ai_severe_prediction,0.7695613449386756,True
7372,C1,accessible_vehicle,0.7695613449386756,True
7373,B1,ai_severe_prediction,0.7695613449386756,True
7373,C1,accessible_vehicle,0.7695613449386756,True
7374,B1,ai_severe_prediction,0.7695613449386756,True
7374,C1,accessible_vehicle,0.7695613449386756,True
7375,B1,ai_severe_prediction,0.7695613449386756,True
7375,C1,accessible_vehicle,0.7695613449386756,True
7376,B1,ai_severe_prediction,0.7695613449386756,True
7376,C1,accessible_vehicle,0.7695613449386756,True
7377,B1,ai_severe_prediction,0.7695613449386756,True
7377,C1,accessible_vehicle,0.7695613449386756,True
7378,B1,ai_severe_prediction,0.7695613449386756,True
7378,C1,accessible_vehicle,0.7695613449386756,True
7379,B1,ai_severe_prediction,0.7695613449386756,True
7379,C1,accessible_vehicle,0.7695613449386756,True
7380,B1,ai_severe_prediction,0.7655245267712631,True
7380,C1,accessible_vehicle,0.7655245267712631,True
7381,B1,ai_severe_prediction,0.7655245267712631,True
7381,C1,accessible_vehicle,0.7655245267712631,True
7382,B1,ai_severe_prediction,0.7655245267712631,True
7382,C1,accessible_vehicle,0.7655245267712631,True
7383,B1,ai_severe_prediction,0.7655245267712631,True
7383,C1,accessible_vehicle,0.7655245267712631,True
7384,B1,ai_severe_prediction,0.7655245267712631,True
7384,C1,accessible_vehicle,0.7655245267712631,True
7385,B1,ai_severe_prediction,0.7655245267712631,True
7385,C1,accessible_vehicle,0.7655245267712631,True
7386,B1,ai_severe_prediction,0.7655245267712631,True
7386,C1,accessible_vehicle,0.7655245267712631,True
7387,B1,ai_severe_prediction,0.7655245267712631,True
7387,C1,accessible_vehicle,0.7655245267712631,True
7388,B1,ai_severe_prediction,0.7655245267712631,True
7388,C1,accessible_vehicle,0.7655245267712631,True
7389,B1,ai_severe_prediction,0.7655245267712631,True
7389,C1,accessible_vehicle,0.7655245267712631,True
7390,B1,ai_severe_prediction,0.7655245267712631,True
7390,C1,accessible_vehicle,0.7655245267712631,True
7391,B1,ai_severe_prediction,0.7655245267712631,True
7391,C1,accessible_vehicle,0.7655245267712631,True
7392,B1,ai_severe_prediction,0.7655245267712631,True
7392,C1,accessible_vehicle,0.7655245267712631,True
7393,B1,ai_severe_prediction,0.7655245267712631,True
7393,C1,accessible_vehicle,0.7655245267712631,True
7394,B1,ai_severe_prediction,0.7655245267712631,True
7394,C1,accessible_vehicle,0.7655245267712631,True
7395,B1,ai_severe_prediction,0.7655245267712631,True
7395,C1,accessible_vehicle,0.7655245267712631,True
7396,B1,ai_severe_prediction,0.7655245267712631,True
7396,C1,accessible_vehicle,0.7655245267712631,True
7397,B1,ai_severe_prediction,0.7655245267712631,True
7397,C1,accessible_vehicle,0.7655245267712631,True
7398,B1,ai_severe_prediction,0.7655245267712631,True
7398,C1,accessible_vehicle,0.7655245267712631,True
7399,B1,ai_severe_prediction,0.7655245267712631,True
7399,C1,accessible_vehicle,0.7655245267712631,True
7400,B1,ai_severe_prediction,0.7655245267712631,True
7400,C1,accessible_vehicle,0.7655245267712631,True
7401,B1,ai_severe_prediction,0.7655245267712631,True
7401,C1,accessible_vehicle,0.7655245267712631,True
7402,B1,ai_severe_prediction,0.7655245267712631,True
7402,C1,accessible_vehicle,0.7655245267712631,True
7403,B1,ai_severe_prediction,0.7655245267712631,True
7403,C1,accessible_vehicle,0.7655245267712631,True
7404,B1,ai_severe_prediction,0.7655245267712631,True
7404,C1,accessible_vehicle,0.7655245267712631,True
7405,B1,ai_severe_prediction,0.7655245267712631,True
7405,C1,accessible_vehicle,0.7655245267712631,True
7406,B1,ai_severe_prediction,0.7655245267712631,True
7406,C1,accessible_vehicle,0.7655245267712631,True
7407,B1,ai_severe_prediction,0.7655245267712631,True
7407,C1,accessible_vehicle,0.7655245267712631,True
7408,B1,ai_severe_prediction,0.7655245267712631,True
7408,C1,accessible_vehicle,0.7655245267712631,True
7409,B1,ai_severe_prediction,0.7655245267712631,True
7409,C1,accessible_vehicle,0.7655245267712631,True
7410,B1,ai_severe_prediction,0.7655245267712631,True
7410,C1,accessible_vehicle,0.7655245267712631,True
7411,B1,ai_severe_prediction,0.7655245267712631,True
7411,C1,accessible_vehicle,0.7655245267712629,True
7412,B1,ai_severe_prediction,0.7655245267712631,True
7412,C1,accessible_vehicle,0.7655245267712631,True
7413,B1,ai_severe_prediction,0.7655245267712629,True
7413,C1,accessible_vehicle,0.7655245267712629,True
7414,B1,ai_severe_prediction,0.7655245267712629,True
7414,C1,accessible_vehicle,0.7655245267712631,True
7415,B1,ai_severe_prediction,0.7655245267712629,True
7415,C1,accessible_vehicle,0.7655245267712631,True
7416,B1,ai_severe_prediction,0.7655245267712631,True
7416,C1,accessible_vehicle,0.7655245267712631,True
7417,B1,ai_severe_prediction,0.7655245267712631,True
7417,C1,accessible_vehicle,0.7655245267712629,True
7418,B1,ai_severe_prediction,0.7655245267712631,True
7418,C1,accessible_vehicle,0.7655245267712631,True
7419,B1,ai_severe_prediction,0.7655245267712631,True
7419,C1,accessible_vehicle,0.7655245267712629,True
7420,B1,ai_severe_prediction,0.7655245267712631,True
7420,C1,accessible_vehicle,0.7655245267712631,True
7421,B1,ai_severe_prediction,0.7655245267712631,True
7421,C1,accessible_vehicle,0.7655245267712631,True
7422,B1,ai_severe_prediction,0.7655245267712631,True
7422,C1,accessible_vehicle,0.7655245267712631,True
7423,B1,ai_severe_prediction,0.7655245267712631,True
7423,C1,accessible_vehicle,0.7655245267712631,True
7424,B1,ai_severe_prediction,0.7655245267712631,True
7424,C1,accessible_vehicle,0.7655245267712631,True
7425,B1,ai_severe_prediction,0.7655245267712631,True
7425,C1,accessible_vehicle,0.7655245267712631,True
7426,B1,ai_severe_prediction,0.7655245267712631,True
7426,C1,accessible_vehicle,0.7655245267712631,True
7427,B1,ai_severe_prediction,0.7655245267712631,True
7427,C1,accessible_vehicle,0.7655245267712631,True
7428,B1,ai_severe_prediction,0.7655245267712631,True
7428,C1,accessible_vehicle,0.7655245267712631,True
7429,B1,ai_severe_prediction,0.7655245267712631,True
7429,C1,accessible_vehicle,0.7655245267712631,True
7430,B1,ai_severe_prediction,0.7655245267712631,True
7430,C1,accessible_vehicle,0.7655245267712631,True
7431,B1,ai_severe_prediction,0.7655245267712631,True
7431,C1,accessible_vehicle,0.7655245267712631,True
7432,B1,ai_severe_prediction,0.7655245267712631,True
7432,C1,accessible_vehicle,0.7655245267712631,True
7433,B1,ai_severe_prediction,0.7655245267712631,True
7433,C1,accessible_vehicle,0.7655245267712631,True
7434,B1,ai_severe_prediction,0.7655245267712631,True
7434,C1,accessible_vehicle,0.7655245267712631,True
7435,B1,ai_severe_prediction,0.7655245267712631,True
7435,C1,accessible_vehicle,0.7655245267712631,True
7436,B1,ai_severe_prediction,0.7655245267712631,True
7436,C1,accessible_vehicle,0.7655245267712631,True
7437,B1,ai_severe_prediction,0.7655245267712631,True
7437,C1,accessible_vehicle,0.7655245267712631,True
7438,B1,ai_severe_prediction,0.7655245267712631,True
7438,C1,accessible_vehicle,0.7655245267712631,True
7439,B1,ai_severe_prediction,0.7655245267712631,True
7439,C1,accessible_vehicle,0.7655245267712631,True
7440,B1,ai_severe_prediction,0.7655245267712631,True
7440,C1,accessible_vehicle,0.7655245267712631,True
7441,B1,ai_severe_prediction,0.7655245267712631,True
7441,C1,accessible_vehicle,0.7655245267712631,True
7442,B1,ai_severe_prediction,0.7655245267712631,True
7442,C1,accessible_vehicle,0.7655245267712631,True
7443,B1,ai_severe_prediction,0.7655245267712631,True
7443,C1,accessible_vehicle,0.7655245267712631,True
7444,B1,ai_severe_prediction,0.7655245267712631,True
7444,C1,accessible_vehicle,0.7655245267712631,True
7445,B1,ai_severe_prediction,0.7655245267712631,True
7445,C1,accessible_vehicle,0.7655245267712631,True
7446,B1,ai_severe_prediction,0.7655245267712631,True
7446,C1,accessible_vehicle,0.7655245267712631,True
7447,B1,ai_severe_prediction,0.7655245267712631,True
7447,C1,accessible_vehicle,0.7655245267712631,True
7448,B1,ai_severe_prediction,0.7655245267712631,True
7448,C1,accessible_vehicle,0.7655245267712631,True
7449,B1,ai_severe_prediction,0.7655245267712631,True
7449,C1,accessible_vehicle,0.7655245267712631,True
7450,B1,ai_severe_prediction,0.7655245267712631,True
7450,C1,accessible_vehicle,0.7655245267712631,True
7451,B1,ai_severe_prediction,0.7655245267712631,True
7451,C1,accessible_vehicle,0.7655245267712631,True
7452,B1,ai_severe_prediction,0.7655245267712631,True
7452,C1,accessible_vehicle,0.7655245267712631,True
7453,B1,ai_severe_prediction,0.7655245267712631,True
7453,C1,accessible_vehicle,0.7655245267712631,True
7454,B1,ai_severe_prediction,0.7655245267712631,True
7454,C1,accessible_vehicle,0.7655245267712631,True
7455,B1,ai_severe_prediction,0.7655245267712631,True
7455,C1,accessible_vehicle,0.7655245267712631,True
7456,B1,ai_severe_prediction,0.7655245267712631,True
7456,C1,accessible_vehicle,0.7655245267712631,True
7457,B1,ai_severe_prediction,0.7655245267712631,True
7457,C1,accessible_vehicle,0.7655245267712631,True
7458,B1,ai_severe_prediction,0.7655245267712631,True
7458,C1,accessible_vehicle,0.7655245267712631,True
7459,B1,ai_severe_prediction,0.7655245267712631,True
7459,C1,accessible_vehicle,0.7655245267712631,True
7460,B1,ai_severe_prediction,0.7655245267712631,True
7460,C1,accessible_vehicle,0.7655245267712631,True
7461,B1,ai_severe_prediction,0.7655245267712631,True
7461,C1,accessible_vehicle,0.7655245267712631,True
7462,B1,ai_severe_prediction,0.7655245267712631,True
7462,C1,accessible_vehicle,0.7655245267712631,True
7463,B1,ai_severe_prediction,0.7655245267712631,True
7463,C1,accessible_vehicle,0.7655245267712631,True
7464,B1,ai_severe_prediction,0.7655245267712631,True
7464,C1,accessible_vehicle,0.7655245267712631,True
7465,B1,ai_severe_prediction,0.7655245267712631,True
7465,C1,accessible_vehicle,0.7655245267712631,True
7466,B1,ai_severe_prediction,0.7655245267712631,True
7466,C1,accessible_vehicle,0.7655245267712631,True
7467,B1,ai_severe_prediction,0.7655245267712631,True
7467,C1,accessible_vehicle,0.7655245267712631,True
7468,B1,ai_severe_prediction,0.7655245267712631,True
7468,C1,accessible_vehicle,0.7655245267712631,True
7469,B1,ai_severe_prediction,0.7655245267712631,True
7469,C1,accessible_vehicle,0.7655245267712631,True
7470,B1,ai_severe_prediction,0.7655245267712631,True
7470,C1,accessible_vehicle,0.7655245267712631,True
7471,B1,ai_severe_prediction,0.7655245267712631,True
7471,C1,accessible_vehicle,0.7655245267712631,True
7472,B1,ai_severe_prediction,0.7655245267712631,True
7472,C1,accessible_vehicle,0.7655245267712631,True
7473,B1,ai_severe_prediction,0.7655245267712631,True
7473,C1,accessible_vehicle,0.7655245267712631,True
7474,B1,ai_severe_prediction,0.7655245267712631,True
7474,C1,accessible_vehicle,0.7655245267712631,True
7475,B1,ai_severe_prediction,0.7655245267712631,True
7475,C1,accessible_vehicle,0.7655245267712631,True
7476,B1,ai_severe_prediction,0.7655245267712631,True
7476,C1,accessible_vehicle,0.7655245267712631,True
7477,B1,ai_severe_prediction,0.7655245267712631,True
7477,C1,accessible_vehicle,0.7655245267712631,True
7478,B1,ai_severe_prediction,0.7655245267712631,True
7478,C1,accessible_vehicle,0.7655245267712631,True
7479,B1,ai_severe_prediction,0.7655245267712631,True
7479,C1,accessible_vehicle,0.7655245267712631,True
7480,B1,ai_severe_prediction,0.7655245267712631,True
7480,C1,accessible_vehicle,0.7655245267712631,True
7481,B1,ai_severe_prediction,0.7655245267712631,True
7481,C1,accessible_vehicle,0.7655245267712631,True
7482,B1,ai_severe_prediction,0.7655245267712631,True
7482,C1,accessible_vehicle,0.7655245267712631,True
7483,B1,ai_severe_prediction,0.7655245267712629,True
7483,C1,accessible_vehicle,0.7655245267712631,True
7484,B1,ai_severe_prediction,0.7655245267712631,True
7484,C1,accessible_vehicle,0.7655245267712631,True
7485,B1,ai_severe_prediction,0.7655245267712633,True
7485,C1,accessible_vehicle,0.7655245267712631,True
7486,B1,ai_severe_prediction,0.7655245267712631,True
7486,C1,accessible_vehicle,0.7655245267712631,True
7487,B1,ai_severe_prediction,0.7655245267712631,True
7487,C1,accessible_vehicle,0.7655245267712631,True
7488,B1,ai_severe_prediction,0.7655245267712631,True
7488,C1,accessible_vehicle,0.7655245267712631,True
7489,B1,ai_severe_prediction,0.7655245267712631,True
7489,C1,accessible_vehicle,0.7655245267712631,True
7490,B1,ai_severe_prediction,0.7655245267712631,True
7490,C1,accessible_vehicle,0.7655245267712631,True
7491,B1,ai_severe_prediction,0.7655245267712631,True
7491,C1,accessible_vehicle,0.7655245267712631,True
7492,B1,ai_severe_prediction,0.7655245267712631,True
7492,C1,accessible_vehicle,0.7655245267712631,True
7493,B1,ai_severe_prediction,0.7655245267712631,True
7493,C1,accessible_vehicle,0.7655245267712631,True
7494,B1,ai_severe_prediction,0.7655245267712631,True
7494,C1,accessible_vehicle,0.7655245267712631,True
7495,B1,ai_severe_prediction,0.7655245267712631,True
7495,C1,accessible_vehicle,0.7655245267712631,True
7496,B1,ai_severe_prediction,0.7655245267712631,True
7496,C1,accessible_vehicle,0.7655245267712631,True
7497,B1,ai_severe_prediction,0.7655245267712629,True
7497,C1,accessible_vehicle,0.7655245267712631,True
7498,B1,ai_severe_prediction,0.7655245267712631,True
7498,C1,accessible_vehicle,0.7655245267712631,True
7499,B1,ai_severe_prediction,0.7655245267712631,True
7499,C1,accessible_vehicle,0.7655245267712631,True
7500,B1,ai_severe_prediction,0.7655245267712631,True
7500,C1,accessible_vehicle,0.7655245267712631,True
7501,B1,ai_severe_prediction,0.7655245267712631,True
7501,C1,accessible_vehicle,0.7655245267712631,True
7502,B1,ai_severe_prediction,0.7655245267712631,True
7502,C1,accessible_vehicle,0.7655245267712631,True
7503,B1,ai_severe_prediction,0.7655245267712631,True
7503,C1,accessible_vehicle,0.7655245267712631,True
7504,B1,ai_severe_prediction,0.7655245267712631,True
7504,C1,accessible_vehicle,0.7655245267712631,True
7505,B1,ai_severe_prediction,0.7655245267712631,True
7505,C1,accessible_vehicle,0.7655245267712631,True
7506,B1,ai_severe_prediction,0.7655245267712631,True
7506,C1,accessible_vehicle,0.7655245267712631,True
7507,B1,ai_severe_prediction,0.7655245267712631,True
7507,C1,accessible_vehicle,0.7655245267712631,True
7508,B1,ai_severe_prediction,0.7655245267712631,True
7508,C1,accessible_vehicle,0.7655245267712631,True
7509,B1,ai_severe_prediction,0.7655245267712631,True
7509,C1,accessible_vehicle,0.7655245267712631,True
7510,B1,ai_severe_prediction,0.7655245267712631,True
7510,C1,accessible_vehicle,0.7655245267712631,True
7511,B1,ai_severe_prediction,0.7655245267712631,True
7511,C1,accessible_vehicle,0.7655245267712631,True
7512,B1,ai_severe_prediction,0.7655245267712631,True
7512,C1,accessible_vehicle,0.7655245267712631,True
7513,B1,ai_severe_prediction,0.7655245267712631,True
7513,C1,accessible_vehicle,0.7655245267712631,True
7514,B1,ai_severe_prediction,0.7655245267712631,True
7514,C1,accessible_vehicle,0.7655245267712631,True
7515,B1,ai_severe_prediction,0.7655245267712631,True
7515,C1,accessible_vehicle,0.7655245267712631,True
7516,B1,ai_severe_prediction,0.7655245267712631,True
7516,C1,accessible_vehicle,0.7655245267712631,True
7517,B1,ai_severe_prediction,0.7655245267712631,True
7517,C1,accessible_vehicle,0.7655245267712631,True
7518,B1,ai_severe_prediction,0.7655245267712631,True
7518,C1,accessible_vehicle,0.7655245267712631,True
7519,B1,ai_severe_prediction,0.7655245267712631,True
7519,C1,accessible_vehicle,0.7655245267712631,True
7520,B1,ai_severe_prediction,0.7655245267712631,True
7520,C1,accessible_vehicle,0.7655245267712631,True
7521,B1,ai_severe_prediction,0.7655245267712631,True
7521,C1,accessible_vehicle,0.7655245267712631,True
7522,B1,ai_severe_prediction,0.7655245267712631,True
7522,C1,accessible_vehicle,0.7655245267712631,True
7523,B1,ai_severe_prediction,0.7655245267712631,True
7523,C1,accessible_vehicle,0.7655245267712631,True
7524,B1,ai_severe_prediction,0.7655245267712631,True
7524,C1,accessible_vehicle,0.7655245267712631,True
7525,B1,ai_severe_prediction,0.7655245267712631,True
7525,C1,accessible_vehicle,0.7655245267712631,True
7526,B1,ai_severe_prediction,0.7655245267712631,True
7526,C1,accessible_vehicle,0.7655245267712631,True
7527,B1,ai_severe_prediction,0.7655245267712631,True
7527,C1,accessible_vehicle,0.7655245267712631,True
7528,B1,ai_severe_prediction,0.7655245267712629,True
7528,C1,accessible_vehicle,0.7655245267712631,True
7529,B1,ai_severe_prediction,0.7655245267712631,True
7529,C1,accessible_vehicle,0.7655245267712631,True
7530,B1,ai_severe_prediction,0.7655245267712631,True
7530,C1,accessible_vehicle,0.7655245267712631,True
7531,B1,ai_severe_prediction,0.7655245267712631,True
7531,C1,accessible_vehicle,0.7655245267712631,True
7532,B1,ai_severe_prediction,0.7655245267712631,True
7532,C1,accessible_vehicle,0.7655245267712631,True
7533,B1,ai_severe_prediction,0.7655245267712631,True
7533,C1,accessible_vehicle,0.7655245267712631,True
7534,B1,ai_severe_prediction,0.7655245267712631,True
7534,C1,accessible_vehicle,0.7655245267712631,True
7535,B1,ai_severe_prediction,0.7655245267712629,True
7535,C1,accessible_vehicle,0.7655245267712631,True
7536,B1,ai_severe_prediction,0.7655245267712631,True
7536,C1,accessible_vehicle,0.7655245267712631,True
7537,B1,ai_severe_prediction,0.7655245267712631,True
7537,C1,accessible_vehicle,0.7655245267712631,True
7538,B1,ai_severe_prediction,0.7655245267712631,True
7538,C1,accessible_vehicle,0.7655245267712631,True
7539,B1,ai_severe_prediction,0.7655245267712631,True
7539,C1,accessible_vehicle,0.7655245267712631,True
7540,B1,ai_severe_prediction,0.7655245267712631,True
7540,C1,accessible_vehicle,0.7655245267712631,True
7541,B1,ai_severe_prediction,0.7655245267712631,True
7541,C1,accessible_vehicle,0.7655245267712631,True
7542,B1,ai_severe_prediction,0.7655245267712631,True
7542,C1,accessible_vehicle,0.7655245267712631,True
7543,B1,ai_severe_prediction,0.7655245267712631,True
7543,C1,accessible_vehicle,0.7655245267712631,True
7544,B1,ai_severe_prediction,0.7655245267712631,True
7544,C1,accessible_vehicle,0.7655245267712631,True
7545,B1,ai_severe_prediction,0.7655245267712631,True
7545,C1,accessible_vehicle,0.7655245267712631,True
7546,B1,ai_severe_prediction,0.7655245267712631,True
7546,C1,accessible_vehicle,0.7655245267712631,True
7547,B1,ai_severe_prediction,0.7655245267712631,True
7547,C1,accessible_vehicle,0.7655245267712631,True
7548,B1,ai_severe_prediction,0.7655245267712631,True
7548,C1,accessible_vehicle,0.7655245267712631,True
7549,B1,ai_severe_prediction,0.7655245267712631,True
7549,C1,accessible_vehicle,0.7655245267712631,True
7550,B1,ai_severe_prediction,0.7655245267712631,True
7550,C1,accessible_vehicle,0.7655245267712631,True
7551,B1,ai_severe_prediction,0.7655245267712631,True
7551,C1,accessible_vehicle,0.7655245267712629,True
7552,B1,ai_severe_prediction,0.7655245267712629,True
7552,C1,accessible_vehicle,0.7655245267712631,True
7553,B1,ai_severe_prediction,0.7655245267712631,True
7553,C1,accessible_vehicle,0.7655245267712631,True
7554,B1,ai_severe_prediction,0.7655245267712631,True
7554,C1,accessible_vehicle,0.7655245267712631,True
7555,B1,ai_severe_prediction,0.7655245267712631,True
7555,C1,accessible_vehicle,0.7655245267712631,True
7556,B1,ai_severe_prediction,0.7655245267712631,True
7556,C1,accessible_vehicle,0.7655245267712631,True
7557,B1,ai_severe_prediction,0.7655245267712631,True
7557,C1,accessible_vehicle,0.7655245267712631,True
7558,B1,ai_severe_prediction,0.7655245267712631,True
7558,C1,accessible_vehicle,0.7655245267712631,True
7559,B1,ai_severe_prediction,0.7655245267712631,True
7559,C1,accessible_vehicle,0.7655245267712631,True
7560,B1,ai_severe_prediction,0.7643846255950497,True
7560,C1,accessible_vehicle,0.7643846255950497,True
7561,B1,ai_severe_prediction,0.7643846255950497,True
7561,C1,accessible_vehicle,0.7643846255950497,True
7562,B1,ai_severe_prediction,0.7643846255950498,True
7562,C1,accessible_vehicle,0.7643846255950497,True
7563,B1,ai_severe_prediction,0.7643846255950497,True
7563,C1,accessible_vehicle,0.7643846255950497,True
7564,B1,ai_severe_prediction,0.7643846255950497,True
7564,C1,accessible_vehicle,0.7643846255950497,True
7565,B1,ai_severe_prediction,0.7643846255950497,True
7565,C1,accessible_vehicle,0.7643846255950497,True
7566,B1,ai_severe_prediction,0.7643846255950497,True
7566,C1,accessible_vehicle,0.7643846255950497,True
7567,B1,ai_severe_prediction,0.7643846255950497,True
7567,C1,accessible_vehicle,0.7643846255950497,True
7568,B1,ai_severe_prediction,0.7643846255950497,True
7568,C1,accessible_vehicle,0.7643846255950497,True
7569,B1,ai_severe_prediction,0.7643846255950497,True
7569,C1,accessible_vehicle,0.7643846255950497,True
7570,B1,ai_severe_prediction,0.7643846255950497,True
7570,C1,accessible_vehicle,0.7643846255950497,True
7571,B1,ai_severe_prediction,0.7643846255950497,True
7571,C1,accessible_vehicle,0.7643846255950497,True
7572,B1,ai_severe_prediction,0.7643846255950497,True
7572,C1,accessible_vehicle,0.7643846255950498,True
7573,B1,ai_severe_prediction,0.7643846255950498,True
7573,C1,accessible_vehicle,0.7643846255950497,True
7574,B1,ai_severe_prediction,0.7643846255950497,True
7574,C1,accessible_vehicle,0.7643846255950497,True
7575,B1,ai_severe_prediction,0.7643846255950497,True
7575,C1,accessible_vehicle,0.7643846255950497,True
7576,B1,ai_severe_prediction,0.7643846255950497,True
7576,C1,accessible_vehicle,0.7643846255950497,True
7577,B1,ai_severe_prediction,0.7643846255950497,True
7577,C1,accessible_vehicle,0.7643846255950497,True
7578,B1,ai_severe_prediction,0.7643846255950497,True
7578,C1,accessible_vehicle,0.7643846255950497,True
7579,B1,ai_severe_prediction,0.7643846255950497,True
7579,C1,accessible_vehicle,0.7643846255950497,True
7580,B1,ai_severe_prediction,0.7643846255950497,True
7580,C1,accessible_vehicle,0.7643846255950497,True
7581,B1,ai_severe_prediction,0.7643846255950497,True
7581,C1,accessible_vehicle,0.7643846255950497,True
7582,B1,ai_severe_prediction,0.7643846255950497,True
7582,C1,accessible_vehicle,0.7643846255950497,True
7583,B1,ai_severe_prediction,0.7643846255950497,True
7583,C1,accessible_vehicle,0.7643846255950497,True
7584,B1,ai_severe_prediction,0.7643846255950497,True
7584,C1,accessible_vehicle,0.7643846255950497,True
7585,B1,ai_severe_prediction,0.7643846255950497,True
7585,C1,accessible_vehicle,0.7643846255950497,True
7586,B1,ai_severe_prediction,0.7643846255950497,True
7586,C1,accessible_vehicle,0.7643846255950497,True
7587,B1,ai_severe_prediction,0.7643846255950497,True
7587,C1,accessible_vehicle,0.7643846255950497,True
7588,B1,ai_severe_prediction,0.7643846255950497,True
7588,C1,accessible_vehicle,0.7643846255950497,True
7589,B1,ai_severe_prediction,0.7643846255950498,True
7589,C1,accessible_vehicle,0.7643846255950497,True
7590,B1,ai_severe_prediction,0.7643846255950497,True
7590,C1,accessible_vehicle,0.7643846255950497,True
7591,B1,ai_severe_prediction,0.7643846255950497,True
7591,C1,accessible_vehicle,0.7643846255950497,True
7592,B1,ai_severe_prediction,0.7643846255950497,True
7592,C1,accessible_vehicle,0.7643846255950497,True
7593,B1,ai_severe_prediction,0.7643846255950497,True
7593,C1,accessible_vehicle,0.7643846255950497,True
7594,B1,ai_severe_prediction,0.7643846255950497,True
7594,C1,accessible_vehicle,0.7643846255950497,True
7595,B1,ai_severe_prediction,0.7643846255950497,True
7595,C1,accessible_vehicle,0.7643846255950497,True
7596,B1,ai_severe_prediction,0.7643846255950497,True
7596,C1,accessible_vehicle,0.7643846255950498,True
7597,B1,ai_severe_prediction,0.7643846255950497,True
7597,C1,accessible_vehicle,0.7643846255950497,True
7598,B1,ai_severe_prediction,0.7643846255950497,True
7598,C1,accessible_vehicle,0.7643846255950497,True
7599,B1,ai_severe_prediction,0.7643846255950497,True
7599,C1,accessible_vehicle,0.7643846255950497,True
7600,B1,ai_severe_prediction,0.7643846255950497,True
7600,C1,accessible_vehicle,0.7643846255950497,True
7601,B1,ai_severe_prediction,0.7643846255950497,True
7601,C1,accessible_vehicle,0.7643846255950497,True
7602,B1,ai_severe_prediction,0.7643846255950497,True
7602,C1,accessible_vehicle,0.7643846255950497,True
7603,B1,ai_severe_prediction,0.7643846255950498,True
7603,C1,accessible_vehicle,0.7643846255950497,True
7604,B1,ai_severe_prediction,0.7643846255950497,True
7604,C1,accessible_vehicle,0.7643846255950497,True
7605,B1,ai_severe_prediction,0.7643846255950497,True
7605,C1,accessible_vehicle,0.7643846255950497,True
7606,B1,ai_severe_prediction,0.7643846255950497,True
7606,C1,accessible_vehicle,0.7643846255950497,True
7607,B1,ai_severe_prediction,0.7643846255950497,True
7607,C1,accessible_vehicle,0.7643846255950497,True
7608,B1,ai_severe_prediction,0.7643846255950497,True
7608,C1,accessible_vehicle,0.7643846255950497,True
7609,B1,ai_severe_prediction,0.7643846255950498,True
7609,C1,accessible_vehicle,0.7643846255950497,True
7610,B1,ai_severe_prediction,0.7643846255950497,True
7610,C1,accessible_vehicle,0.7643846255950497,True
7611,B1,ai_severe_prediction,0.7643846255950497,True
7611,C1,accessible_vehicle,0.7643846255950497,True
7612,B1,ai_severe_prediction,0.7643846255950498,True
7612,C1,accessible_vehicle,0.7643846255950497,True
7613,B1,ai_severe_prediction,0.7643846255950497,True
7613,C1,accessible_vehicle,0.7643846255950497,True
7614,B1,ai_severe_prediction,0.7643846255950497,True
7614,C1,accessible_vehicle,0.7643846255950497,True
7615,B1,ai_severe_prediction,0.7643846255950497,True
7615,C1,accessible_vehicle,0.7643846255950497,True
7616,B1,ai_severe_prediction,0.7643846255950497,True
7616,C1,accessible_vehicle,0.7643846255950497,True
7617,B1,ai_severe_prediction,0.7643846255950497,True
7617,C1,accessible_vehicle,0.7643846255950497,True
7618,B1,ai_severe_prediction,0.7643846255950497,True
7618,C1,accessible_vehicle,0.7643846255950497,True
7619,B1,ai_severe_prediction,0.7643846255950497,True
7619,C1,accessible_vehicle,0.7643846255950497,True
7620,B1,ai_severe_prediction,0.7643846255950497,True
7620,C1,accessible_vehicle,0.7643846255950497,True
7621,B1,ai_severe_prediction,0.7643846255950497,True
7621,C1,accessible_vehicle,0.7643846255950497,True
7622,B1,ai_severe_prediction,0.7643846255950497,True
7622,C1,accessible_vehicle,0.7643846255950497,True
7623,B1,ai_severe_prediction,0.7643846255950497,True
7623,C1,accessible_vehicle,0.7643846255950497,True
7624,B1,ai_severe_prediction,0.7643846255950497,True
7624,C1,accessible_vehicle,0.7643846255950497,True
7625,B1,ai_severe_prediction,0.7643846255950497,True
7625,C1,accessible_vehicle,0.7643846255950498,True
7626,B1,ai_severe_prediction,0.7643846255950497,True
7626,C1,accessible_vehicle,0.7643846255950497,True
7627,B1,ai_severe_prediction,0.7643846255950497,True
7627,C1,accessible_vehicle,0.7643846255950497,True
7628,B1,ai_severe_prediction,0.7643846255950497,True
7628,C1,accessible_vehicle,0.7643846255950497,True
7629,B1,ai_severe_prediction,0.7643846255950497,True
7629,C1,accessible_vehicle,0.7643846255950497,True
7630,B1,ai_severe_prediction,0.7643846255950497,True
7630,C1,accessible_vehicle,0.7643846255950497,True
7631,B1,ai_severe_prediction,0.7643846255950497,True
7631,C1,accessible_vehicle,0.7643846255950497,True
7632,B1,ai_severe_prediction,0.7643846255950497,True
7632,C1,accessible_vehicle,0.7643846255950497,True
7633,B1,ai_severe_prediction,0.7643846255950497,True
7633,C1,accessible_vehicle,0.7643846255950497,True
7634,B1,ai_severe_prediction,0.7643846255950497,True
7634,C1,accessible_vehicle,0.7643846255950497,True
7635,B1,ai_severe_prediction,0.7643846255950497,True
7635,C1,accessible_vehicle,0.7643846255950497,True
7636,B1,ai_severe_prediction,0.7643846255950497,True
7636,C1,accessible_vehicle,0.7643846255950497,True
7637,B1,ai_severe_prediction,0.7643846255950497,True
7637,C1,accessible_vehicle,0.7643846255950497,True
7638,B1,ai_severe_prediction,0.7643846255950497,True
7638,C1,accessible_vehicle,0.7643846255950497,True
7639,B1,ai_severe_prediction,0.7643846255950498,True
7639,C1,accessible_vehicle,0.7643846255950497,True
7640,B1,ai_severe_prediction,0.7643846255950498,True
7640,C1,accessible_vehicle,0.7643846255950497,True
7641,B1,ai_severe_prediction,0.7643846255950497,True
7641,C1,accessible_vehicle,0.7643846255950497,True
7642,B1,ai_severe_prediction,0.7643846255950497,True
7642,C1,accessible_vehicle,0.7643846255950497,True
7643,B1,ai_severe_prediction,0.7643846255950497,True
7643,C1,accessible_vehicle,0.7643846255950497,True
7644,B1,ai_severe_prediction,0.7643846255950497,True
7644,C1,accessible_vehicle,0.7643846255950497,True
7645,B1,ai_severe_prediction,0.7643846255950497,True
7645,C1,accessible_vehicle,0.7643846255950497,True
7646,B1,ai_severe_prediction,0.7643846255950497,True
7646,C1,accessible_vehicle,0.7643846255950497,True
7647,B1,ai_severe_prediction,0.7643846255950497,True
7647,C1,accessible_vehicle,0.7643846255950497,True
7648,B1,ai_severe_prediction,0.7643846255950497,True
7648,C1,accessible_vehicle,0.7643846255950497,True
7649,B1,ai_severe_prediction,0.7643846255950497,True
7649,C1,accessible_vehicle,0.7643846255950497,True
7650,B1,ai_severe_prediction,0.7643846255950497,True
7650,C1,accessible_vehicle,0.7643846255950497,True
7651,B1,ai_severe_prediction,0.7643846255950497,True
7651,C1,accessible_vehicle,0.7643846255950497,True
7652,B1,ai_severe_prediction,0.7643846255950497,True
7652,C1,accessible_vehicle,0.7643846255950497,True
7653,B1,ai_severe_prediction,0.7643846255950497,True
7653,C1,accessible_vehicle,0.7643846255950497,True
7654,B1,ai_severe_prediction,0.7643846255950497,True
7654,C1,accessible_vehicle,0.7643846255950497,True
7655,B1,ai_severe_prediction,0.7643846255950497,True
7655,C1,accessible_vehicle,0.7643846255950497,True
7656,B1,ai_severe_prediction,0.7643846255950497,True
7656,C1,accessible_vehicle,0.7643846255950498,True
7657,B1,ai_severe_prediction,0.7643846255950497,True
7657,C1,accessible_vehicle,0.7643846255950497,True
7658,B1,ai_severe_prediction,0.7643846255950497,True
7658,C1,accessible_vehicle,0.7643846255950497,True
7659,B1,ai_severe_prediction,0.7643846255950497,True
7659,C1,accessible_vehicle,0.7643846255950497,True
7660,B1,ai_severe_prediction,0.7643846255950497,True
7660,C1,accessible_vehicle,0.7643846255950497,True
7661,B1,ai_severe_prediction,0.7643846255950497,True
7661,C1,accessible_vehicle,0.7643846255950497,True
7662,B1,ai_severe_prediction,0.7643846255950497,True
7662,C1,accessible_vehicle,0.7643846255950497,True
7663,B1,ai_severe_prediction,0.7643846255950497,True
7663,C1,accessible_vehicle,0.7643846255950497,True
7664,B1,ai_severe_prediction,0.7643846255950497,True
7664,C1,accessible_vehicle,0.7643846255950497,True
7665,B1,ai_severe_prediction,0.7643846255950497,True
7665,C1,accessible_vehicle,0.7643846255950497,True
7666,B1,ai_severe_prediction,0.7643846255950497,True
7666,C1,accessible_vehicle,0.7643846255950497,True
7667,B1,ai_severe_prediction,0.7643846255950497,True
7667,C1,accessible_vehicle,0.7643846255950497,True
7668,B1,ai_severe_prediction,0.7643846255950497,True
7668,C1,accessible_vehicle,0.7643846255950497,True
7669,B1,ai_severe_prediction,0.7643846255950497,True
7669,C1,accessible_vehicle,0.7643846255950497,True
7670,B1,ai_severe_prediction,0.7643846255950497,True
7670,C1,accessible_vehicle,0.7643846255950497,True
7671,B1,ai_severe_prediction,0.7643846255950497,True
7671,C1,accessible_vehicle,0.7643846255950497,True
7672,B1,ai_severe_prediction,0.7643846255950497,True
7672,C1,accessible_vehicle,0.7643846255950497,True
7673,B1,ai_severe_prediction,0.7643846255950497,True
7673,C1,accessible_vehicle,0.7643846255950497,True
7674,B1,ai_severe_prediction,0.7643846255950497,True
7674,C1,accessible_vehicle,0.7643846255950497,True
7675,B1,ai_severe_prediction,0.7643846255950497,True
7675,C1,accessible_vehicle,0.7643846255950497,True
7676,B1,ai_severe_prediction,0.7643846255950497,True
7676,C1,accessible_vehicle,0.7643846255950497,True
7677,B1,ai_severe_prediction,0.7643846255950497,True
7677,C1,accessible_vehicle,0.7643846255950497,True
7678,B1,ai_severe_prediction,0.7643846255950497,True
7678,C1,accessible_vehicle,0.7643846255950497,True
7679,B1,ai_severe_prediction,0.7643846255950497,True
7679,C1,accessible_vehicle,0.7643846255950497,True
7680,B1,ai_severe_prediction,0.76422320512813,True
7680,C1,accessible_vehicle,0.76422320512813,True
7681,B1,ai_severe_prediction,0.7642232051281301,True
7681,C1,accessible_vehicle,0.76422320512813,True
7682,B1,ai_severe_prediction,0.76422320512813,True
7682,C1,accessible_vehicle,0.76422320512813,True
7683,B1,ai_severe_prediction,0.76422320512813,True
7683,C1,accessible_vehicle,0.76422320512813,True
7684,B1,ai_severe_prediction,0.76422320512813,True
7684,C1,accessible_vehicle,0.76422320512813,True
7685,B1,ai_severe_prediction,0.76422320512813,True
7685,C1,accessible_vehicle,0.76422320512813,True
7686,B1,ai_severe_prediction,0.76422320512813,True
7686,C1,accessible_vehicle,0.76422320512813,True
7687,B1,ai_severe_prediction,0.76422320512813,True
7687,C1,accessible_vehicle,0.76422320512813,True
7688,B1,ai_severe_prediction,0.76422320512813,True
7688,C1,accessible_vehicle,0.76422320512813,True
7689,B1,ai_severe_prediction,0.76422320512813,True
7689,C1,accessible_vehicle,0.76422320512813,True
7690,B1,ai_severe_prediction,0.76422320512813,True
7690,C1,accessible_vehicle,0.76422320512813,True
7691,B1,ai_severe_prediction,0.76422320512813,True
7691,C1,accessible_vehicle,0.76422320512813,True
7692,B1,ai_severe_prediction,0.7642232051281301,True
7692,C1,accessible_vehicle,0.76422320512813,True
7693,B1,ai_severe_prediction,0.76422320512813,True
7693,C1,accessible_vehicle,0.76422320512813,True
7694,B1,ai_severe_prediction,0.76422320512813,True
7694,C1,accessible_vehicle,0.76422320512813,True
7695,B1,ai_severe_prediction,0.76422320512813,True
7695,C1,accessible_vehicle,0.76422320512813,True
7696,B1,ai_severe_prediction,0.76422320512813,True
7696,C1,accessible_vehicle,0.76422320512813,True
7697,B1,ai_severe_prediction,0.76422320512813,True
7697,C1,accessible_vehicle,0.76422320512813,True
7698,B1,ai_severe_prediction,0.76422320512813,True
7698,C1,accessible_vehicle,0.76422320512813,True
7699,B1,ai_severe_prediction,0.76422320512813,True
7699,C1,accessible_vehicle,0.76422320512813,True
7700,B1,ai_severe_prediction,0.76422320512813,True
7700,C1,accessible_vehicle,0.7642232051281301,True
7701,B1,ai_severe_prediction,0.76422320512813,True
7701,C1,accessible_vehicle,0.7642232051281301,True
7702,B1,ai_severe_prediction,0.76422320512813,True
7702,C1,accessible_vehicle,0.76422320512813,True
7703,B1,ai_severe_prediction,0.76422320512813,True
7703,C1,accessible_vehicle,0.76422320512813,True
7704,B1,ai_severe_prediction,0.76422320512813,True
7704,C1,accessible_vehicle,0.76422320512813,True
7705,B1,ai_severe_prediction,0.7642232051281301,True
7705,C1,accessible_vehicle,0.76422320512813,True
7706,B1,ai_severe_prediction,0.76422320512813,True
7706,C1,accessible_vehicle,0.76422320512813,True
7707,B1,ai_severe_prediction,0.76422320512813,True
7707,C1,accessible_vehicle,0.76422320512813,True
7708,B1,ai_severe_prediction,0.76422320512813,True
7708,C1,accessible_vehicle,0.76422320512813,True
7709,B1,ai_severe_prediction,0.76422320512813,True
7709,C1,accessible_vehicle,0.7642232051281301,True
7710,B1,ai_severe_prediction,0.76422320512813,True
7710,C1,accessible_vehicle,0.76422320512813,True
7711,B1,ai_severe_prediction,0.7642232051281301,True
7711,C1,accessible_vehicle,0.76422320512813,True
7712,B1,ai_severe_prediction,0.76422320512813,True
7712,C1,accessible_vehicle,0.76422320512813,True
7713,B1,ai_severe_prediction,0.76422320512813,True
7713,C1,accessible_vehicle,0.76422320512813,True
7714,B1,ai_severe_prediction,0.76422320512813,True
7714,C1,accessible_vehicle,0.7642232051281301,True
7715,B1,ai_severe_prediction,0.76422320512813,True
7715,C1,accessible_vehicle,0.76422320512813,True
7716,B1,ai_severe_prediction,0.76422320512813,True
7716,C1,accessible_vehicle,0.76422320512813,True
7717,B1,ai_severe_prediction,0.76422320512813,True
7717,C1,accessible_vehicle,0.7642232051281301,True
7718,B1,ai_severe_prediction,0.7642232051281301,True
7718,C1,accessible_vehicle,0.76422320512813,True
7719,B1,ai_severe_prediction,0.76422320512813,True
7719,C1,accessible_vehicle,0.76422320512813,True
7720,B1,ai_severe_prediction,0.76422320512813,True
7720,C1,accessible_vehicle,0.76422320512813,True
7721,B1,ai_severe_prediction,0.76422320512813,True
7721,C1,accessible_vehicle,0.76422320512813,True
7722,B1,ai_severe_prediction,0.76422320512813,True
7722,C1,accessible_vehicle,0.76422320512813,True
7723,B1,ai_severe_prediction,0.76422320512813,True
7723,C1,accessible_vehicle,0.76422320512813,True
7724,B1,ai_severe_prediction,0.76422320512813,True
7724,C1,accessible_vehicle,0.76422320512813,True
7725,B1,ai_severe_prediction,0.76422320512813,True
7725,C1,accessible_vehicle,0.76422320512813,True
7726,B1,ai_severe_prediction,0.76422320512813,True
7726,C1,accessible_vehicle,0.76422320512813,True
7727,B1,ai_severe_prediction,0.76422320512813,True
7727,C1,accessible_vehicle,0.7642232051281301,True
7728,B1,ai_severe_prediction,0.76422320512813,True
7728,C1,accessible_vehicle,0.76422320512813,True
7729,B1,ai_severe_prediction,0.76422320512813,True
7729,C1,accessible_vehicle,0.76422320512813,True
7730,B1,ai_severe_prediction,0.76422320512813,True
7730,C1,accessible_vehicle,0.76422320512813,True
7731,B1,ai_severe_prediction,0.76422320512813,True
7731,C1,accessible_vehicle,0.76422320512813,True
7732,B1,ai_severe_prediction,0.76422320512813,True
7732,C1,accessible_vehicle,0.76422320512813,True
7733,B1,ai_severe_prediction,0.76422320512813,True
7733,C1,accessible_vehicle,0.76422320512813,True
7734,B1,ai_severe_prediction,0.76422320512813,True
7734,C1,accessible_vehicle,0.76422320512813,True
7735,B1,ai_severe_prediction,0.76422320512813,True
7735,C1,accessible_vehicle,0.76422320512813,True
7736,B1,ai_severe_prediction,0.76422320512813,True
7736,C1,accessible_vehicle,0.76422320512813,True
7737,B1,ai_severe_prediction,0.76422320512813,True
7737,C1,accessible_vehicle,0.76422320512813,True
7738,B1,ai_severe_prediction,0.7642232051281301,True
7738,C1,accessible_vehicle,0.76422320512813,True
7739,B1,ai_severe_prediction,0.7642232051281301,True
7739,C1,accessible_vehicle,0.76422320512813,True
7740,B1,ai_severe_prediction,0.76422320512813,True
7740,C1,accessible_vehicle,0.7642232051281301,True
7741,B1,ai_severe_prediction,0.7642232051281301,True
7741,C1,accessible_vehicle,0.76422320512813,True
7742,B1,ai_severe_prediction,0.76422320512813,True
7742,C1,accessible_vehicle,0.76422320512813,True
7743,B1,ai_severe_prediction,0.7642232051281301,True
7743,C1,accessible_vehicle,0.7642232051281301,True
7744,B1,ai_severe_prediction,0.7642232051281301,True
7744,C1,accessible_vehicle,0.76422320512813,True
7745,B1,ai_severe_prediction,0.7642232051281301,True
7745,C1,accessible_vehicle,0.76422320512813,True
7746,B1,ai_severe_prediction,0.76422320512813,True
7746,C1,accessible_vehicle,0.7642232051281301,True
7747,B1,ai_severe_prediction,0.76422320512813,True
7747,C1,accessible_vehicle,0.76422320512813,True
7748,B1,ai_severe_prediction,0.76422320512813,True
7748,C1,accessible_vehicle,0.76422320512813,True
7749,B1,ai_severe_prediction,0.7642232051281304,True
7749,C1,accessible_vehicle,0.76422320512813,True
7750,B1,ai_severe_prediction,0.7642232051281301,True
7750,C1,accessible_vehicle,0.76422320512813,True
7751,B1,ai_severe_prediction,0.76422320512813,True
7751,C1,accessible_vehicle,0.76422320512813,True
7752,B1,ai_severe_prediction,0.76422320512813,True
7752,C1,accessible_vehicle,0.7642232051281301,True
7753,B1,ai_severe_prediction,0.76422320512813,True
7753,C1,accessible_vehicle,0.7642232051281301,True
7754,B1,ai_severe_prediction,0.76422320512813,True
7754,C1,accessible_vehicle,0.7642232051281301,True
7755,B1,ai_severe_prediction,0.76422320512813,True
7755,C1,accessible_vehicle,0.76422320512813,True
7756,B1,ai_severe_prediction,0.7642232051281301,True
7756,C1,accessible_vehicle,0.76422320512813,True
7757,B1,ai_severe_prediction,0.76422320512813,True
7757,C1,accessible_vehicle,0.76422320512813,True
7758,B1,ai_severe_prediction,0.7642232051281301,True
7758,C1,accessible_vehicle,0.76422320512813,True
7759,B1,ai_severe_prediction,0.7642232051281301,True
7759,C1,accessible_vehicle,0.76422320512813,True
7760,B1,ai_severe_prediction,0.76422320512813,True
7760,C1,accessible_vehicle,0.76422320512813,True
7761,B1,ai_severe_prediction,0.76422320512813,True
7761,C1,accessible_vehicle,0.76422320512813,True
7762,B1,ai_severe_prediction,0.76422320512813,True
7762,C1,accessible_vehicle,0.7642232051281301,True
7763,B1,ai_severe_prediction,0.76422320512813,True
7763,C1,accessible_vehicle,0.76422320512813,True
7764,B1,ai_severe_prediction,0.76422320512813,True
7764,C1,accessible_vehicle,0.7642232051281301,True
7765,B1,ai_severe_prediction,0.76422320512813,True
7765,C1,accessible_vehicle,0.76422320512813,True
7766,B1,ai_severe_prediction,0.76422320512813,True
7766,C1,accessible_vehicle,0.76422320512813,True
7767,B1,ai_severe_prediction,0.76422320512813,True
7767,C1,accessible_vehicle,0.76422320512813,True
7768,B1,ai_severe_prediction,0.76422320512813,True
7768,C1,accessible_vehicle,0.76422320512813,True
7769,B1,ai_severe_prediction,0.76422320512813,True
7769,C1,accessible_vehicle,0.7642232051281301,True
7770,B1,ai_severe_prediction,0.76422320512813,True
7770,C1,accessible_vehicle,0.7642232051281301,True
7771,B1,ai_severe_prediction,0.76422320512813,True
7771,C1,accessible_vehicle,0.76422320512813,True
7772,B1,ai_severe_prediction,0.76422320512813,True
7772,C1,accessible_vehicle,0.76422320512813,True
7773,B1,ai_severe_prediction,0.76422320512813,True
7773,C1,accessible_vehicle,0.76422320512813,True
7774,B1,ai_severe_prediction,0.76422320512813,True
7774,C1,accessible_vehicle,0.76422320512813,True
7775,B1,ai_severe_prediction,0.76422320512813,True
7775,C1,accessible_vehicle,0.76422320512813,True
7776,B1,ai_severe_prediction,0.76422320512813,True
7776,C1,accessible_vehicle,0.76422320512813,True
7777,B1,ai_severe_prediction,0.76422320512813,True
7777,C1,accessible_vehicle,0.7642232051281301,True
7778,B1,ai_severe_prediction,0.7642232051281301,True
7778,C1,accessible_vehicle,0.76422320512813,True
7779,B1,ai_severe_prediction,0.76422320512813,True
7779,C1,accessible_vehicle,0.7642232051281304,True
7780,B1,ai_severe_prediction,0.7642232051281301,True
7780,C1,accessible_vehicle,0.7642232051281301,True
7781,B1,ai_severe_prediction,0.7642232051281301,True
7781,C1,accessible_vehicle,0.76422320512813,True
7782,B1,ai_severe_prediction,0.7642232051281301,True
7782,C1,accessible_vehicle,0.7642232051281301,True
7783,B1,ai_severe_prediction,0.7642232051281301,True
7783,C1,accessible_vehicle,0.7642232051281301,True
7784,B1,ai_severe_prediction,0.76422320512813,True
7784,C1,accessible_vehicle,0.76422320512813,True
7785,B1,ai_severe_prediction,0.7642232051281301,True
7785,C1,accessible_vehicle,0.76422320512813,True
7786,B1,ai_severe_prediction,0.7642232051281301,True
7786,C1,accessible_vehicle,0.76422320512813,True
7787,B1,ai_severe_prediction,0.7642232051281301,True
7787,C1,accessible_vehicle,0.76422320512813,True
7788,B1,ai_severe_prediction,0.76422320512813,True
7788,C1,accessible_vehicle,0.7642232051281301,True
7789,B1,ai_severe_prediction,0.76422320512813,True
7789,C1,accessible_vehicle,0.7642232051281301,True
7790,B1,ai_severe_prediction,0.7642232051281304,True
7790,C1,accessible_vehicle,0.7642232051281301,True
7791,B1,ai_severe_prediction,0.7642232051281301,True
7791,C1,accessible_vehicle,0.76422320512813,True
7792,B1,ai_severe_prediction,0.7642232051281301,True
7792,C1,accessible_vehicle,0.76422320512813,True
7793,B1,ai_severe_prediction,0.7642232051281301,True
7793,C1,accessible_vehicle,0.76422320512813,True
7794,B1,ai_severe_prediction,0.76422320512813,True
7794,C1,accessible_vehicle,0.76422320512813,True
7795,B1,ai_severe_prediction,0.7642232051281301,True
7795,C1,accessible_vehicle,0.76422320512813,True
7796,B1,ai_severe_prediction,0.76422320512813,True
7796,C1,accessible_vehicle,0.7642232051281301,True
7797,B1,ai_severe_prediction,0.76422320512813,True
7797,C1,accessible_vehicle,0.76422320512813,True
7798,B1,ai_severe_prediction,0.76422320512813,True
7798,C1,accessible_vehicle,0.7642232051281301,True
7799,B1,ai_severe_prediction,0.76422320512813,True
7799,C1,accessible_vehicle,0.76422320512813,True
7800,B1,ai_severe_prediction,0.76422320512813,True
7800,C1,accessible_vehicle,0.76422320512813,True
7801,B1,ai_severe_prediction,0.76422320512813,True
7801,C1,accessible_vehicle,0.76422320512813,True
7802,B1,ai_severe_prediction,0.76422320512813,True
7802,C1,accessible_vehicle,0.7642232051281301,True
7803,B1,ai_severe_prediction,0.76422320512813,True
7803,C1,accessible_vehicle,0.7642232051281301,True
7804,B1,ai_severe_prediction,0.7642232051281301,True
7804,C1,accessible_vehicle,0.7642232051281301,True
7805,B1,ai_severe_prediction,0.76422320512813,True
7805,C1,accessible_vehicle,0.76422320512813,True
7806,B1,ai_severe_prediction,0.76422320512813,True
7806,C1,accessible_vehicle,0.76422320512813,True
7807,B1,ai_severe_prediction,0.76422320512813,True
7807,C1,accessible_vehicle,0.76422320512813,True
7808,B1,ai_severe_prediction,0.76422320512813,True
7808,C1,accessible_vehicle,0.76422320512813,True
7809,B1,ai_severe_prediction,0.7642232051281301,True
7809,C1,accessible_vehicle,0.76422320512813,True
7810,B1,ai_severe_prediction,0.7642232051281301,True
7810,C1,accessible_vehicle,0.76422320512813,True
7811,B1,ai_severe_prediction,0.76422320512813,True
7811,C1,accessible_vehicle,0.76422320512813,True
7812,B1,ai_severe_prediction,0.76422320512813,True
7812,C1,accessible_vehicle,0.76422320512813,True
7813,B1,ai_severe_prediction,0.76422320512813,True
7813,C1,accessible_vehicle,0.76422320512813,True
7814,B1,ai_severe_prediction,0.76422320512813,True
7814,C1,accessible_vehicle,0.76422320512813,True
7815,B1,ai_severe_prediction,0.76422320512813,True
7815,C1,accessible_vehicle,0.76422320512813,True
7816,B1,ai_severe_prediction,0.76422320512813,True
7816,C1,accessible_vehicle,0.76422320512813,True
7817,B1,ai_severe_prediction,0.76422320512813,True
7817,C1,accessible_vehicle,0.76422320512813,True
7818,B1,ai_severe_prediction,0.76422320512813,True
7818,C1,accessible_vehicle,0.76422320512813,True
7819,B1,ai_severe_prediction,0.76422320512813,True
7819,C1,accessible_vehicle,0.76422320512813,True
7820,B1,ai_severe_prediction,0.76422320512813,True
7820,C1,accessible_vehicle,0.76422320512813,True
7821,B1,ai_severe_prediction,0.7642232051281304,True
7821,C1,accessible_vehicle,0.76422320512813,True
7822,B1,ai_severe_prediction,0.7642232051281301,True
7822,C1,accessible_vehicle,0.7642232051281301,True
7823,B1,ai_severe_prediction,0.7642232051281304,True
7823,C1,accessible_vehicle,0.76422320512813,True
7824,B1,ai_severe_prediction,0.7642232051281301,True
7824,C1,accessible_vehicle,0.76422320512813,True
7825,B1,ai_severe_prediction,0.7642232051281301,True
7825,C1,accessible_vehicle,0.7642232051281301,True
7826,B1,ai_severe_prediction,0.7642232051281301,True
7826,C1,accessible_vehicle,0.7642232051281301,True
7827,B1,ai_severe_prediction,0.76422320512813,True
7827,C1,accessible_vehicle,0.76422320512813,True
7828,B1,ai_severe_prediction,0.7642232051281301,True
7828,C1,accessible_vehicle,0.7642232051281301,True
7829,B1,ai_severe_prediction,0.76422320512813,True
7829,C1,accessible_vehicle,0.76422320512813,True
7830,B1,ai_severe_prediction,0.7642232051281301,True
7830,C1,accessible_vehicle,0.76422320512813,True
7831,B1,ai_severe_prediction,0.7642232051281301,True
7831,C1,accessible_vehicle,0.76422320512813,True
7832,B1,ai_severe_prediction,0.76422320512813,True
7832,C1,accessible_vehicle,0.76422320512813,True
7833,B1,ai_severe_prediction,0.76422320512813,True
7833,C1,accessible_vehicle,0.76422320512813,True
7834,B1,ai_severe_prediction,0.7642232051281301,True
7834,C1,accessible_vehicle,0.76422320512813,True
7835,B1,ai_severe_prediction,0.76422320512813,True
7835,C1,accessible_vehicle,0.76422320512813,True
7836,B1,ai_severe_prediction,0.76422320512813,True
7836,C1,accessible_vehicle,0.76422320512813,True
7837,B1,ai_severe_prediction,0.76422320512813,True
7837,C1,accessible_vehicle,0.7642232051281301,True
7838,B1,ai_severe_prediction,0.7642232051281301,True
7838,C1,accessible_vehicle,0.76422320512813,True
7839,B1,ai_severe_prediction,0.7642232051281301,True
7839,C1,accessible_vehicle,0.76422320512813,True
7840,B1,ai_severe_prediction,0.7642232051281301,True
7840,C1,accessible_vehicle,0.76422320512813,True
7841,B1,ai_severe_prediction,0.76422320512813,True
7841,C1,accessible_vehicle,0.76422320512813,True
7842,B1,ai_severe_prediction,0.76422320512813,True
7842,C1,accessible_vehicle,0.7642232051281301,True
7843,B1,ai_severe_prediction,0.7642232051281301,True
7843,C1,accessible_vehicle,0.7642232051281301,True
7844,B1,ai_severe_prediction,0.7642232051281301,True
7844,C1,accessible_vehicle,0.7642232051281301,True
7845,B1,ai_severe_prediction,0.76422320512813,True
7845,C1,accessible_vehicle,0.7642232051281301,True
7846,B1,ai_severe_prediction,0.7642232051281301,True
7846,C1,accessible_vehicle,0.76422320512813,True
7847,B1,ai_severe_prediction,0.7642232051281301,True
7847,C1,accessible_vehicle,0.76422320512813,True
7848,B1,ai_severe_prediction,0.76422320512813,True
7848,C1,accessible_vehicle,0.7642232051281301,True
7849,B1,ai_severe_prediction,0.76422320512813,True
7849,C1,accessible_vehicle,0.76422320512813,True
7850,B1,ai_severe_prediction,0.7642232051281301,True
7850,C1,accessible_vehicle,0.7642232051281301,True
7851,B1,ai_severe_prediction,0.76422320512813,True
7851,C1,accessible_vehicle,0.7642232051281301,True
7852,B1,ai_severe_prediction,0.7642232051281301,True
7852,C1,accessible_vehicle,0.76422320512813,True
7853,B1,ai_severe_prediction,0.76422320512813,True
7853,C1,accessible_vehicle,0.7642232051281301,True
7854,B1,ai_severe_prediction,0.76422320512813,True
7854,C1,accessible_vehicle,0.76422320512813,True
7855,B1,ai_severe_prediction,0.7642232051281301,True
7855,C1,accessible_vehicle,0.7642232051281301,True
7856,B1,ai_severe_prediction,0.76422320512813,True
7856,C1,accessible_vehicle,0.76422320512813,True
7857,B1,ai_severe_prediction,0.76422320512813,True
7857,C1,accessible_vehicle,0.7642232051281301,True
7858,B1,ai_severe_prediction,0.7642232051281301,True
7858,C1,accessible_vehicle,0.7642232051281301,True
7859,B1,ai_severe_prediction,0.76422320512813,True
7859,C1,accessible_vehicle,0.7642232051281301,True
7860,B1,ai_severe_prediction,0.7637405056552927,True
7860,C1,accessible_vehicle,0.7637405056552926,True
7861,B1,ai_severe_prediction,0.7637405056552926,True
7861,C1,accessible_vehicle,0.7637405056552926,True
7862,B1,ai_severe_prediction,0.7637405056552926,True
7862,C1,accessible_vehicle,0.7637405056552927,True
7863,B1,ai_severe_prediction,0.7637405056552927,True
7863,C1,accessible_vehicle,0.7637405056552926,True
7864,B1,ai_severe_prediction,0.7637405056552927,True
7864,C1,accessible_vehicle,0.7637405056552927,True
7865,B1,ai_severe_prediction,0.7637405056552927,True
7865,C1,accessible_vehicle,0.7637405056552925,True
7866,B1,ai_severe_prediction,0.7637405056552927,True
7866,C1,accessible_vehicle,0.7637405056552926,True
7867,B1,ai_severe_prediction,0.7637405056552926,True
7867,C1,accessible_vehicle,0.7637405056552926,True
7868,B1,ai_severe_prediction,0.7637405056552926,True
7868,C1,accessible_vehicle,0.7637405056552926,True
7869,B1,ai_severe_prediction,0.7637405056552926,True
7869,C1,accessible_vehicle,0.7637405056552927,True
7870,B1,ai_severe_prediction,0.7637405056552928,True
7870,C1,accessible_vehicle,0.7637405056552926,True
7871,B1,ai_severe_prediction,0.7637405056552926,True
7871,C1,accessible_vehicle,0.7637405056552927,True
7872,B1,ai_severe_prediction,0.7637405056552926,True
7872,C1,accessible_vehicle,0.7637405056552926,True
7873,B1,ai_severe_prediction,0.7637405056552926,True
7873,C1,accessible_vehicle,0.7637405056552927,True
7874,B1,ai_severe_prediction,0.7637405056552926,True
7874,C1,accessible_vehicle,0.7637405056552926,True
7875,B1,ai_severe_prediction,0.7637405056552926,True
7875,C1,accessible_vehicle,0.7637405056552926,True
7876,B1,ai_severe_prediction,0.7637405056552925,True
7876,C1,accessible_vehicle,0.7637405056552926,True
7877,B1,ai_severe_prediction,0.7637405056552926,True
7877,C1,accessible_vehicle,0.7637405056552926,True
7878,B1,ai_severe_prediction,0.7637405056552926,True
7878,C1,accessible_vehicle,0.7637405056552926,True
7879,B1,ai_severe_prediction,0.7637405056552926,True
7879,C1,accessible_vehicle,0.7637405056552926,True
7880,B1,ai_severe_prediction,0.7637405056552926,True
7880,C1,accessible_vehicle,0.7637405056552926,True
7881,B1,ai_severe_prediction,0.7637405056552926,True
7881,C1,accessible_vehicle,0.7637405056552926,True
7882,B1,ai_severe_prediction,0.7637405056552926,True
7882,C1,accessible_vehicle,0.7637405056552926,True
7883,B1,ai_severe_prediction,0.7637405056552926,True
7883,C1,accessible_vehicle,0.7637405056552926,True
7884,B1,ai_severe_prediction,0.7637405056552926,True
7884,C1,accessible_vehicle,0.7637405056552926,True
7885,B1,ai_severe_prediction,0.7637405056552926,True
7885,C1,accessible_vehicle,0.7637405056552926,True
7886,B1,ai_severe_prediction,0.7637405056552927,True
7886,C1,accessible_vehicle,0.7637405056552926,True
7887,B1,ai_severe_prediction,0.7637405056552927,True
7887,C1,accessible_vehicle,0.7637405056552926,True
7888,B1,ai_severe_prediction,0.7637405056552926,True
7888,C1,accessible_vehicle,0.7637405056552926,True
7889,B1,ai_severe_prediction,0.7637405056552926,True
7889,C1,accessible_vehicle,0.7637405056552926,True
7890,B1,ai_severe_prediction,0.7637405056552926,True
7890,C1,accessible_vehicle,0.7637405056552926,True
7891,B1,ai_severe_prediction,0.7637405056552927,True
7891,C1,accessible_vehicle,0.7637405056552926,True
7892,B1,ai_severe_prediction,0.7637405056552926,True
7892,C1,accessible_vehicle,0.7637405056552926,True
7893,B1,ai_severe_prediction,0.7637405056552925,True
7893,C1,accessible_vehicle,0.7637405056552927,True
7894,B1,ai_severe_prediction,0.7637405056552925,True
7894,C1,accessible_vehicle,0.7637405056552926,True
7895,B1,ai_severe_prediction,0.7637405056552926,True
7895,C1,accessible_vehicle,0.7637405056552927,True
7896,B1,ai_severe_prediction,0.7637405056552926,True
7896,C1,accessible_vehicle,0.7637405056552926,True
7897,B1,ai_severe_prediction,0.7637405056552926,True
7897,C1,accessible_vehicle,0.7637405056552926,True
7898,B1,ai_severe_prediction,0.7637405056552926,True
7898,C1,accessible_vehicle,0.7637405056552926,True
7899,B1,ai_severe_prediction,0.7637405056552926,True
7899,C1,accessible_vehicle,0.7637405056552926,True
7900,B1,ai_severe_prediction,0.7637405056552926,True
7900,C1,accessible_vehicle,0.7637405056552926,True
7901,B1,ai_severe_prediction,0.7637405056552927,True
7901,C1,accessible_vehicle,0.7637405056552926,True
7902,B1,ai_severe_prediction,0.7637405056552925,True
7902,C1,accessible_vehicle,0.7637405056552926,True
7903,B1,ai_severe_prediction,0.7637405056552926,True
7903,C1,accessible_vehicle,0.7637405056552926,True
7904,B1,ai_severe_prediction,0.7637405056552927,True
7904,C1,accessible_vehicle,0.7637405056552927,True
7905,B1,ai_severe_prediction,0.7637405056552926,True
7905,C1,accessible_vehicle,0.7637405056552926,True
7906,B1,ai_severe_prediction,0.7637405056552926,True
7906,C1,accessible_vehicle,0.7637405056552926,True
7907,B1,ai_severe_prediction,0.7637405056552926,True
7907,C1,accessible_vehicle,0.7637405056552926,True
7908,B1,ai_severe_prediction,0.7637405056552926,True
7908,C1,accessible_vehicle,0.7637405056552927,True
7909,B1,ai_severe_prediction,0.7637405056552926,True
7909,C1,accessible_vehicle,0.7637405056552927,True
7910,B1,ai_severe_prediction,0.7637405056552925,True
7910,C1,accessible_vehicle,0.7637405056552926,True
7911,B1,ai_severe_prediction,0.7637405056552926,True
7911,C1,accessible_vehicle,0.7637405056552927,True
7912,B1,ai_severe_prediction,0.7637405056552926,True
7912,C1,accessible_vehicle,0.7637405056552926,True
7913,B1,ai_severe_prediction,0.7637405056552926,True
7913,C1,accessible_vehicle,0.7637405056552925,True
7914,B1,ai_severe_prediction,0.7637405056552926,True
7914,C1,accessible_vehicle,0.7637405056552926,True
7915,B1,ai_severe_prediction,0.7637405056552926,True
7915,C1,accessible_vehicle,0.7637405056552926,True
7916,B1,ai_severe_prediction,0.7637405056552927,True
7916,C1,accessible_vehicle,0.7637405056552926,True
7917,B1,ai_severe_prediction,0.7637405056552926,True
7917,C1,accessible_vehicle,0.7637405056552926,True
7918,B1,ai_severe_prediction,0.7637405056552926,True
7918,C1,accessible_vehicle,0.7637405056552926,True
7919,B1,ai_severe_prediction,0.7637405056552926,True
7919,C1,accessible_vehicle,0.7637405056552926,True
7920,B1,ai_severe_prediction,0.7637405056552926,True
7920,C1,accessible_vehicle,0.7637405056552926,True
7921,B1,ai_severe_prediction,0.7637405056552927,True
7921,C1,accessible_vehicle,0.7637405056552926,True
7922,B1,ai_severe_prediction,0.7637405056552926,True
7922,C1,accessible_vehicle,0.7637405056552926,True
7923,B1,ai_severe_prediction,0.7637405056552926,True
7923,C1,accessible_vehicle,0.7637405056552927,True
7924,B1,ai_severe_prediction,0.7637405056552926,True
7924,C1,accessible_vehicle,0.7637405056552926,True
7925,B1,ai_severe_prediction,0.7637405056552926,True
7925,C1,accessible_vehicle,0.7637405056552926,True
7926,B1,ai_severe_prediction,0.7637405056552926,True
7926,C1,accessible_vehicle,0.7637405056552927,True
7927,B1,ai_severe_prediction,0.7637405056552926,True
7927,C1,accessible_vehicle,0.7637405056552926,True
7928,B1,ai_severe_prediction,0.7637405056552926,True
7928,C1,accessible_vehicle,0.7637405056552926,True
7929,B1,ai_severe_prediction,0.7637405056552926,True
7929,C1,accessible_vehicle,0.7637405056552927,True
7930,B1,ai_severe_prediction,0.7637405056552926,True
7930,C1,accessible_vehicle,0.7637405056552927,True
7931,B1,ai_severe_prediction,0.7637405056552926,True
7931,C1,accessible_vehicle,0.7637405056552927,True
7932,B1,ai_severe_prediction,0.7637405056552926,True
7932,C1,accessible_vehicle,0.7637405056552926,True
7933,B1,ai_severe_prediction,0.7637405056552925,True
7933,C1,accessible_vehicle,0.7637405056552926,True
7934,B1,ai_severe_prediction,0.7637405056552926,True
7934,C1,accessible_vehicle,0.7637405056552926,True
7935,B1,ai_severe_prediction,0.7637405056552925,True
7935,C1,accessible_vehicle,0.7637405056552926,True
7936,B1,ai_severe_prediction,0.7637405056552926,True
7936,C1,accessible_vehicle,0.7637405056552926,True
7937,B1,ai_severe_prediction,0.7637405056552927,True
7937,C1,accessible_vehicle,0.7637405056552926,True
7938,B1,ai_severe_prediction,0.7637405056552926,True
7938,C1,accessible_vehicle,0.7637405056552926,True
7939,B1,ai_severe_prediction,0.7637405056552927,True
7939,C1,accessible_vehicle,0.7637405056552926,True
7940,B1,ai_severe_prediction,0.7637405056552926,True
7940,C1,accessible_vehicle,0.7637405056552926,True
7941,B1,ai_severe_prediction,0.7637405056552926,True
7941,C1,accessible_vehicle,0.7637405056552926,True
7942,B1,ai_severe_prediction,0.7637405056552926,True
7942,C1,accessible_vehicle,0.7637405056552927,True
7943,B1,ai_severe_prediction,0.7637405056552926,True
7943,C1,accessible_vehicle,0.7637405056552926,True
7944,B1,ai_severe_prediction,0.7637405056552927,True
7944,C1,accessible_vehicle,0.7637405056552927,True
7945,B1,ai_severe_prediction,0.7637405056552926,True
7945,C1,accessible_vehicle,0.7637405056552925,True
7946,B1,ai_severe_prediction,0.7637405056552926,True
7946,C1,accessible_vehicle,0.7637405056552926,True
7947,B1,ai_severe_prediction,0.7637405056552926,True
7947,C1,accessible_vehicle,0.7637405056552927,True
7948,B1,ai_severe_prediction,0.7637405056552926,True
7948,C1,accessible_vehicle,0.7637405056552926,True
7949,B1,ai_severe_prediction,0.7637405056552926,True
7949,C1,accessible_vehicle,0.7637405056552926,True
7950,B1,ai_severe_prediction,0.7637405056552926,True
7950,C1,accessible_vehicle,0.7637405056552927,True
7951,B1,ai_severe_prediction,0.7637405056552926,True
7951,C1,accessible_vehicle,0.7637405056552926,True
7952,B1,ai_severe_prediction,0.7637405056552927,True
7952,C1,accessible_vehicle,0.7637405056552927,True
7953,B1,ai_severe_prediction,0.7637405056552926,True
7953,C1,accessible_vehicle,0.7637405056552926,True
7954,B1,ai_severe_prediction,0.7637405056552927,True
7954,C1,accessible_vehicle,0.7637405056552926,True
7955,B1,ai_severe_prediction,0.7637405056552926,True
7955,C1,accessible_vehicle,0.7637405056552926,True
7956,B1,ai_severe_prediction,0.7637405056552926,True
7956,C1,accessible_vehicle,0.7637405056552926,True
7957,B1,ai_severe_prediction,0.7637405056552926,True
7957,C1,accessible_vehicle,0.7637405056552926,True
7958,B1,ai_severe_prediction,0.7637405056552926,True
7958,C1,accessible_vehicle,0.7637405056552926,True
7959,B1,ai_severe_prediction,0.7637405056552926,True
7959,C1,accessible_vehicle,0.7637405056552926,True
7960,B1,ai_severe_prediction,0.7637405056552925,True
7960,C1,accessible_vehicle,0.7637405056552927,True
7961,B1,ai_severe_prediction,0.7637405056552926,True
7961,C1,accessible_vehicle,0.7637405056552926,True
7962,B1,ai_severe_prediction,0.7637405056552926,True
7962,C1,accessible_vehicle,0.7637405056552926,True
7963,B1,ai_severe_prediction,0.7637405056552926,True
7963,C1,accessible_vehicle,0.7637405056552926,True
7964,B1,ai_severe_prediction,0.7637405056552926,True
7964,C1,accessible_vehicle,0.7637405056552926,True
7965,B1,ai_severe_prediction,0.7637405056552926,True
7965,C1,accessible_vehicle,0.7637405056552927,True
7966,B1,ai_severe_prediction,0.7637405056552926,True
7966,C1,accessible_vehicle,0.7637405056552926,True
7967,B1,ai_severe_prediction,0.7637405056552927,True
7967,C1,accessible_vehicle,0.7637405056552926,True
7968,B1,ai_severe_prediction,0.7637405056552926,True
7968,C1,accessible_vehicle,0.7637405056552926,True
7969,B1,ai_severe_prediction,0.7637405056552926,True
7969,C1,accessible_vehicle,0.7637405056552926,True
7970,B1,ai_severe_prediction,0.7637405056552926,True
7970,C1,accessible_vehicle,0.7637405056552926,True
7971,B1,ai_severe_prediction,0.7637405056552926,True
7971,C1,accessible_vehicle,0.7637405056552926,True
7972,B1,ai_severe_prediction,0.7637405056552926,True
7972,C1,accessible_vehicle,0.7637405056552927,True
7973,B1,ai_severe_prediction,0.7637405056552927,True
7973,C1,accessible_vehicle,0.7637405056552926,True
7974,B1,ai_severe_prediction,0.7637405056552927,True
7974,C1,accessible_vehicle,0.7637405056552926,True
7975,B1,ai_severe_prediction,0.7637405056552925,True
7975,C1,accessible_vehicle,0.7637405056552927,True
7976,B1,ai_severe_prediction,0.7637405056552926,True
7976,C1,accessible_vehicle,0.7637405056552927,True
7977,B1,ai_severe_prediction,0.7637405056552926,True
7977,C1,accessible_vehicle,0.7637405056552926,True
7978,B1,ai_severe_prediction,0.7637405056552927,True
7978,C1,accessible_vehicle,0.7637405056552926,True
7979,B1,ai_severe_prediction,0.7637405056552926,True
7979,C1,accessible_vehicle,0.7637405056552926,True
7980,B1,ai_severe_prediction,0.7633705897079421,True
7980,C1,accessible_vehicle,0.7633705897079421,True
7981,B1,ai_severe_prediction,0.7633705897079421,True
7981,C1,accessible_vehicle,0.7633705897079421,True
7982,B1,ai_severe_prediction,0.7633705897079421,True
7982,C1,accessible_vehicle,0.7633705897079421,True
7983,B1,ai_severe_prediction,0.7633705897079424,True
7983,C1,accessible_vehicle,0.7633705897079424,True
7984,B1,ai_severe_prediction,0.7633705897079421,True
7984,C1,accessible_vehicle,0.7633705897079424,True
7985,B1,ai_severe_prediction,0.7633705897079424,True
7985,C1,accessible_vehicle,0.7633705897079421,True
7986,B1,ai_severe_prediction,0.7633705897079421,True
7986,C1,accessible_vehicle,0.7633705897079421,True
7987,B1,ai_severe_prediction,0.7633705897079421,True
7987,C1,accessible_vehicle,0.7633705897079421,True
7988,B1,ai_severe_prediction,0.7633705897079421,True
7988,C1,accessible_vehicle,0.7633705897079421,True
7989,B1,ai_severe_prediction,0.7633705897079421,True
7989,C1,accessible_vehicle,0.7633705897079421,True
7990,B1,ai_severe_prediction,0.7633705897079421,True
7990,C1,accessible_vehicle,0.7633705897079421,True
7991,B1,ai_severe_prediction,0.7633705897079421,True
7991,C1,accessible_vehicle,0.7633705897079421,True
7992,B1,ai_severe_prediction,0.7633705897079424,True
7992,C1,accessible_vehicle,0.7633705897079421,True
7993,B1,ai_severe_prediction,0.7633705897079421,True
7993,C1,accessible_vehicle,0.7633705897079421,True
7994,B1,ai_severe_prediction,0.7633705897079421,True
7994,C1,accessible_vehicle,0.7633705897079421,True
7995,B1,ai_severe_prediction,0.7633705897079424,True
7995,C1,accessible_vehicle,0.7633705897079424,True
7996,B1,ai_severe_prediction,0.7633705897079421,True
7996,C1,accessible_vehicle,0.7633705897079421,True
7997,B1,ai_severe_prediction,0.7633705897079424,True
7997,C1,accessible_vehicle,0.7633705897079421,True
7998,B1,ai_severe_prediction,0.7633705897079421,True
7998,C1,accessible_vehicle,0.7633705897079424,True
7999,B1,ai_severe_prediction,0.7633705897079421,True
7999,C1,accessible_vehicle,0.7633705897079421,True
8000,B1,ai_severe_prediction,0.7633705897079421,True
8000,C1,accessible_vehicle,0.7633705897079421,True
8001,B1,ai_severe_prediction,0.7633705897079424,True
8001,C1,accessible_vehicle,0.7633705897079424,True
8002,B1,ai_severe_prediction,0.7633705897079421,True
8002,C1,accessible_vehicle,0.7633705897079421,True
8003,B1,ai_severe_prediction,0.7633705897079421,True
8003,C1,accessible_vehicle,0.7633705897079421,True
8004,B1,ai_severe_prediction,0.7633705897079421,True
8004,C1,accessible_vehicle,0.7633705897079421,True
8005,B1,ai_severe_prediction,0.7633705897079421,True
8005,C1,accessible_vehicle,0.7633705897079421,True
8006,B1,ai_severe_prediction,0.7633705897079421,True
8006,C1,accessible_vehicle,0.7633705897079421,True
8007,B1,ai_severe_prediction,0.7633705897079421,True
8007,C1,accessible_vehicle,0.7633705897079421,True
8008,B1,ai_severe_prediction,0.7633705897079421,True
8008,C1,accessible_vehicle,0.7633705897079421,True
8009,B1,ai_severe_prediction,0.7633705897079421,True
8009,C1,accessible_vehicle,0.7633705897079421,True
8010,B1,ai_severe_prediction,0.7633705897079421,True
8010,C1,accessible_vehicle,0.7633705897079421,True
8011,B1,ai_severe_prediction,0.7633705897079421,True
8011,C1,accessible_vehicle,0.7633705897079421,True
8012,B1,ai_severe_prediction,0.7633705897079421,True
8012,C1,accessible_vehicle,0.7633705897079421,True
8013,B1,ai_severe_prediction,0.7633705897079421,True
8013,C1,accessible_vehicle,0.7633705897079421,True
8014,B1,ai_severe_prediction,0.7633705897079421,True
8014,C1,accessible_vehicle,0.7633705897079421,True
8015,B1,ai_severe_prediction,0.7633705897079421,True
8015,C1,accessible_vehicle,0.7633705897079421,True
8016,B1,ai_severe_prediction,0.7633705897079421,True
8016,C1,accessible_vehicle,0.7633705897079421,True
8017,B1,ai_severe_prediction,0.7633705897079421,True
8017,C1,accessible_vehicle,0.7633705897079421,True
8018,B1,ai_severe_prediction,0.7633705897079421,True
8018,C1,accessible_vehicle,0.7633705897079421,True
8019,B1,ai_severe_prediction,0.7633705897079421,True
8019,C1,accessible_vehicle,0.7633705897079421,True
8020,B1,ai_severe_prediction,0.7633705897079421,True
8020,C1,accessible_vehicle,0.7633705897079421,True
8021,B1,ai_severe_prediction,0.7633705897079421,True
8021,C1,accessible_vehicle,0.7633705897079421,True
8022,B1,ai_severe_prediction,0.7633705897079421,True
8022,C1,accessible_vehicle,0.7633705897079421,True
8023,B1,ai_severe_prediction,0.7633705897079421,True
8023,C1,accessible_vehicle,0.7633705897079424,True
8024,B1,ai_severe_prediction,0.7633705897079424,True
8024,C1,accessible_vehicle,0.7633705897079424,True
8025,B1,ai_severe_prediction,0.7633705897079424,True
8025,C1,accessible_vehicle,0.7633705897079421,True
8026,B1,ai_severe_prediction,0.7633705897079421,True
8026,C1,accessible_vehicle,0.7633705897079421,True
8027,B1,ai_severe_prediction,0.7633705897079421,True
8027,C1,accessible_vehicle,0.7633705897079421,True
8028,B1,ai_severe_prediction,0.7633705897079421,True
8028,C1,accessible_vehicle,0.7633705897079421,True
8029,B1,ai_severe_prediction,0.7633705897079421,True
8029,C1,accessible_vehicle,0.7633705897079421,True
8030,B1,ai_severe_prediction,0.7633705897079424,True
8030,C1,accessible_vehicle,0.7633705897079424,True
8031,B1,ai_severe_prediction,0.7633705897079424,True
8031,C1,accessible_vehicle,0.7633705897079421,True
8032,B1,ai_severe_prediction,0.7633705897079421,True
8032,C1,accessible_vehicle,0.7633705897079421,True
8033,B1,ai_severe_prediction,0.7633705897079421,True
8033,C1,accessible_vehicle,0.7633705897079421,True
8034,B1,ai_severe_prediction,0.7633705897079421,True
8034,C1,accessible_vehicle,0.7633705897079421,True
8035,B1,ai_severe_prediction,0.7633705897079421,True
8035,C1,accessible_vehicle,0.7633705897079421,True
8036,B1,ai_severe_prediction,0.7633705897079421,True
8036,C1,accessible_vehicle,0.7633705897079421,True
8037,B1,ai_severe_prediction,0.7633705897079421,True
8037,C1,accessible_vehicle,0.7633705897079421,True
8038,B1,ai_severe_prediction,0.7633705897079421,True
8038,C1,accessible_vehicle,0.7633705897079421,True
8039,B1,ai_severe_prediction,0.7633705897079421,True
8039,C1,accessible_vehicle,0.7633705897079421,True
8040,B1,ai_severe_prediction,0.7633705897079421,True
8040,C1,accessible_vehicle,0.7633705897079421,True
8041,B1,ai_severe_prediction,0.7633705897079421,True
8041,C1,accessible_vehicle,0.7633705897079421,True
8042,B1,ai_severe_prediction,0.7633705897079421,True
8042,C1,accessible_vehicle,0.7633705897079421,True
8043,B1,ai_severe_prediction,0.7633705897079421,True
8043,C1,accessible_vehicle,0.7633705897079424,True
8044,B1,ai_severe_prediction,0.7633705897079421,True
8044,C1,accessible_vehicle,0.7633705897079421,True
8045,B1,ai_severe_prediction,0.7633705897079421,True
8045,C1,accessible_vehicle,0.7633705897079424,True
8046,B1,ai_severe_prediction,0.7633705897079421,True
8046,C1,accessible_vehicle,0.7633705897079421,True
8047,B1,ai_severe_prediction,0.7633705897079421,True
8047,C1,accessible_vehicle,0.7633705897079421,True
8048,B1,ai_severe_prediction,0.7633705897079421,True
8048,C1,accessible_vehicle,0.7633705897079421,True
8049,B1,ai_severe_prediction,0.7633705897079421,True
8049,C1,accessible_vehicle,0.7633705897079421,True
8050,B1,ai_severe_prediction,0.7633705897079421,True
8050,C1,accessible_vehicle,0.7633705897079421,True
8051,B1,ai_severe_prediction,0.7633705897079421,True
8051,C1,accessible_vehicle,0.7633705897079421,True
8052,B1,ai_severe_prediction,0.7633705897079421,True
8052,C1,accessible_vehicle,0.7633705897079421,True
8053,B1,ai_severe_prediction,0.7633705897079421,True
8053,C1,accessible_vehicle,0.7633705897079421,True
8054,B1,ai_severe_prediction,0.7633705897079424,True
8054,C1,accessible_vehicle,0.7633705897079421,True
8055,B1,ai_severe_prediction,0.7633705897079421,True
8055,C1,accessible_vehicle,0.7633705897079424,True
8056,B1,ai_severe_prediction,0.7633705897079421,True
8056,C1,accessible_vehicle,0.7633705897079421,True
8057,B1,ai_severe_prediction,0.7633705897079424,True
8057,C1,accessible_vehicle,0.7633705897079421,True
8058,B1,ai_severe_prediction,0.7633705897079421,True
8058,C1,accessible_vehicle,0.7633705897079421,True
8059,B1,ai_severe_prediction,0.7633705897079421,True
8059,C1,accessible_vehicle,0.7633705897079421,True
8060,B1,ai_severe_prediction,0.7633705897079421,True
8060,C1,accessible_vehicle,0.7633705897079421,True
8061,B1,ai_severe_prediction,0.7633705897079421,True
8061,C1,accessible_vehicle,0.7633705897079421,True
8062,B1,ai_severe_prediction,0.7633705897079421,True
8062,C1,accessible_vehicle,0.7633705897079421,True
8063,B1,ai_severe_prediction,0.7633705897079421,True
8063,C1,accessible_vehicle,0.7633705897079421,True
8064,B1,ai_severe_prediction,0.7633705897079421,True
8064,C1,accessible_vehicle,0.7633705897079421,True
8065,B1,ai_severe_prediction,0.7633705897079421,True
8065,C1,accessible_vehicle,0.7633705897079421,True
8066,B1,ai_severe_prediction,0.7633705897079421,True
8066,C1,accessible_vehicle,0.7633705897079421,True
8067,B1,ai_severe_prediction,0.7633705897079421,True
8067,C1,accessible_vehicle,0.7633705897079421,True
8068,B1,ai_severe_prediction,0.7633705897079421,True
8068,C1,accessible_vehicle,0.7633705897079421,True
8069,B1,ai_severe_prediction,0.7633705897079421,True
8069,C1,accessible_vehicle,0.7633705897079424,True
8070,B1,ai_severe_prediction,0.7633705897079421,True
8070,C1,accessible_vehicle,0.7633705897079421,True
8071,B1,ai_severe_prediction,0.7633705897079424,True
8071,C1,accessible_vehicle,0.7633705897079421,True
8072,B1,ai_severe_prediction,0.7633705897079421,True
8072,C1,accessible_vehicle,0.7633705897079421,True
8073,B1,ai_severe_prediction,0.7633705897079421,True
8073,C1,accessible_vehicle,0.7633705897079421,True
8074,B1,ai_severe_prediction,0.7633705897079421,True
8074,C1,accessible_vehicle,0.7633705897079421,True
8075,B1,ai_severe_prediction,0.7633705897079421,True
8075,C1,accessible_vehicle,0.7633705897079421,True
8076,B1,ai_severe_prediction,0.7633705897079421,True
8076,C1,accessible_vehicle,0.7633705897079421,True
8077,B1,ai_severe_prediction,0.7633705897079424,True
8077,C1,accessible_vehicle,0.7633705897079421,True
8078,B1,ai_severe_prediction,0.7633705897079421,True
8078,C1,accessible_vehicle,0.7633705897079421,True
8079,B1,ai_severe_prediction,0.7633705897079421,True
8079,C1,accessible_vehicle,0.7633705897079421,True
8080,B1,ai_severe_prediction,0.7633705897079421,True
8080,C1,accessible_vehicle,0.7633705897079421,True
8081,B1,ai_severe_prediction,0.7633705897079421,True
8081,C1,accessible_vehicle,0.7633705897079421,True
8082,B1,ai_severe_prediction,0.7633705897079421,True
8082,C1,accessible_vehicle,0.7633705897079421,True
8083,B1,ai_severe_prediction,0.7633705897079421,True
8083,C1,accessible_vehicle,0.7633705897079421,True
8084,B1,ai_severe_prediction,0.7633705897079421,True
8084,C1,accessible_vehicle,0.7633705897079421,True
8085,B1,ai_severe_prediction,0.7633705897079421,True
8085,C1,accessible_vehicle,0.7633705897079421,True
8086,B1,ai_severe_prediction,0.7633705897079424,True
8086,C1,accessible_vehicle,0.7633705897079421,True
8087,B1,ai_severe_prediction,0.7633705897079421,True
8087,C1,accessible_vehicle,0.7633705897079424,True
8088,B1,ai_severe_prediction,0.7633705897079424,True
8088,C1,accessible_vehicle,0.7633705897079421,True
8089,B1,ai_severe_prediction,0.7633705897079421,True
8089,C1,accessible_vehicle,0.7633705897079421,True
8090,B1,ai_severe_prediction,0.7633705897079421,True
8090,C1,accessible_vehicle,0.7633705897079424,True
8091,B1,ai_severe_prediction,0.7633705897079421,True
8091,C1,accessible_vehicle,0.7633705897079421,True
8092,B1,ai_severe_prediction,0.7633705897079424,True
8092,C1,accessible_vehicle,0.7633705897079421,True
8093,B1,ai_severe_prediction,0.7633705897079421,True
8093,C1,accessible_vehicle,0.7633705897079425,True
8094,B1,ai_severe_prediction,0.7633705897079424,True
8094,C1,accessible_vehicle,0.7633705897079421,True
8095,B1,ai_severe_prediction,0.7633705897079421,True
8095,C1,accessible_vehicle,0.7633705897079424,True
8096,B1,ai_severe_prediction,0.7633705897079421,True
8096,C1,accessible_vehicle,0.7633705897079421,True
8097,B1,ai_severe_prediction,0.7633705897079421,True
8097,C1,accessible_vehicle,0.7633705897079421,True
8098,B1,ai_severe_prediction,0.7633705897079421,True
8098,C1,accessible_vehicle,0.7633705897079421,True
8099,B1,ai_severe_prediction,0.7633705897079421,True
8099,C1,accessible_vehicle,0.7633705897079421,True
8100,B1,ai_severe_prediction,0.7633705897079421,True
8100,C1,accessible_vehicle,0.7633705897079424,True
8101,B1,ai_severe_prediction,0.7633705897079421,True
8101,C1,accessible_vehicle,0.7633705897079424,True
8102,B1,ai_severe_prediction,0.7633705897079424,True
8102,C1,accessible_vehicle,0.7633705897079421,True
8103,B1,ai_severe_prediction,0.7633705897079421,True
8103,C1,accessible_vehicle,0.7633705897079424,True
8104,B1,ai_severe_prediction,0.7633705897079421,True
8104,C1,accessible_vehicle,0.7633705897079421,True
8105,B1,ai_severe_prediction,0.7633705897079421,True
8105,C1,accessible_vehicle,0.7633705897079421,True
8106,B1,ai_severe_prediction,0.7633705897079421,True
8106,C1,accessible_vehicle,0.7633705897079421,True
8107,B1,ai_severe_prediction,0.7633705897079421,True
8107,C1,accessible_vehicle,0.7633705897079421,True
8108,B1,ai_severe_prediction,0.7633705897079424,True
8108,C1,accessible_vehicle,0.7633705897079424,True
8109,B1,ai_severe_prediction,0.7633705897079421,True
8109,C1,accessible_vehicle,0.7633705897079421,True
8110,B1,ai_severe_prediction,0.7633705897079421,True
8110,C1,accessible_vehicle,0.7633705897079421,True
8111,B1,ai_severe_prediction,0.7633705897079421,True
8111,C1,accessible_vehicle,0.7633705897079421,True
8112,B1,ai_severe_prediction,0.7633705897079421,True
8112,C1,accessible_vehicle,0.7633705897079421,True
8113,B1,ai_severe_prediction,0.7633705897079421,True
8113,C1,accessible_vehicle,0.7633705897079421,True
8114,B1,ai_severe_prediction,0.7633705897079424,True
8114,C1,accessible_vehicle,0.7633705897079424,True
8115,B1,ai_severe_prediction,0.7633705897079421,True
8115,C1,accessible_vehicle,0.7633705897079421,True
8116,B1,ai_severe_prediction,0.7633705897079421,True
8116,C1,accessible_vehicle,0.7633705897079421,True
8117,B1,ai_severe_prediction,0.7633705897079424,True
8117,C1,accessible_vehicle,0.7633705897079421,True
8118,B1,ai_severe_prediction,0.7633705897079421,True
8118,C1,accessible_vehicle,0.7633705897079421,True
8119,B1,ai_severe_prediction,0.7633705897079421,True
8119,C1,accessible_vehicle,0.7633705897079421,True
8120,B1,ai_severe_prediction,0.7633705897079421,True
8120,C1,accessible_vehicle,0.7633705897079421,True
8121,B1,ai_severe_prediction,0.7633705897079421,True
8121,C1,accessible_vehicle,0.7633705897079421,True
8122,B1,ai_severe_prediction,0.7633705897079424,True
8122,C1,accessible_vehicle,0.7633705897079421,True
8123,B1,ai_severe_prediction,0.7633705897079421,True
8123,C1,accessible_vehicle,0.7633705897079424,True
8124,B1,ai_severe_prediction,0.7633705897079421,True
8124,C1,accessible_vehicle,0.7633705897079421,True
8125,B1,ai_severe_prediction,0.7633705897079421,True
8125,C1,accessible_vehicle,0.7633705897079421,True
8126,B1,ai_severe_prediction,0.7633705897079421,True
8126,C1,accessible_vehicle,0.7633705897079421,True
8127,B1,ai_severe_prediction,0.7633705897079421,True
8127,C1,accessible_vehicle,0.7633705897079421,True
8128,B1,ai_severe_prediction,0.7633705897079421,True
8128,C1,accessible_vehicle,0.7633705897079421,True
8129,B1,ai_severe_prediction,0.7633705897079421,True
8129,C1,accessible_vehicle,0.7633705897079421,True
8130,B1,ai_severe_prediction,0.7633705897079421,True
8130,C1,accessible_vehicle,0.7633705897079421,True
8131,B1,ai_severe_prediction,0.7633705897079421,True
8131,C1,accessible_vehicle,0.7633705897079421,True
8132,B1,ai_severe_prediction,0.7633705897079421,True
8132,C1,accessible_vehicle,0.7633705897079421,True
8133,B1,ai_severe_prediction,0.7633705897079421,True
8133,C1,accessible_vehicle,0.7633705897079421,True
8134,B1,ai_severe_prediction,0.7633705897079424,True
8134,C1,accessible_vehicle,0.7633705897079421,True
8135,B1,ai_severe_prediction,0.7633705897079421,True
8135,C1,accessible_vehicle,0.7633705897079421,True
8136,B1,ai_severe_prediction,0.7633705897079424,True
8136,C1,accessible_vehicle,0.7633705897079421,True
8137,B1,ai_severe_prediction,0.7633705897079421,True
8137,C1,accessible_vehicle,0.7633705897079421,True
8138,B1,ai_severe_prediction,0.7633705897079421,True
8138,C1,accessible_vehicle,0.7633705897079421,True
8139,B1,ai_severe_prediction,0.7633705897079421,True
8139,C1,accessible_vehicle,0.7633705897079424,True
8140,B1,ai_severe_prediction,0.7633705897079421,True
8140,C1,accessible_vehicle,0.7633705897079421,True
8141,B1,ai_severe_prediction,0.7633705897079424,True
8141,C1,accessible_vehicle,0.7633705897079421,True
8142,B1,ai_severe_prediction,0.7633705897079421,True
8142,C1,accessible_vehicle,0.7633705897079421,True
8143,B1,ai_severe_prediction,0.7633705897079424,True
8143,C1,accessible_vehicle,0.7633705897079421,True
8144,B1,ai_severe_prediction,0.7633705897079421,True
8144,C1,accessible_vehicle,0.7633705897079421,True
8145,B1,ai_severe_prediction,0.7633705897079421,True
8145,C1,accessible_vehicle,0.7633705897079421,True
8146,B1,ai_severe_prediction,0.7633705897079421,True
8146,C1,accessible_vehicle,0.7633705897079421,True
8147,B1,ai_severe_prediction,0.7633705897079424,True
8147,C1,accessible_vehicle,0.7633705897079424,True
8148,B1,ai_severe_prediction,0.7633705897079421,True
8148,C1,accessible_vehicle,0.7633705897079421,True
8149,B1,ai_severe_prediction,0.7633705897079421,True
8149,C1,accessible_vehicle,0.7633705897079421,True
8150,B1,ai_severe_prediction,0.7633705897079421,True
8150,C1,accessible_vehicle,0.7633705897079421,True
8151,B1,ai_severe_prediction,0.7633705897079421,True
8151,C1,accessible_vehicle,0.7633705897079424,True
8152,B1,ai_severe_prediction,0.7633705897079421,True
8152,C1,accessible_vehicle,0.7633705897079421,True
8153,B1,ai_severe_prediction,0.7633705897079421,True
8153,C1,accessible_vehicle,0.7633705897079421,True
8154,B1,ai_severe_prediction,0.7633705897079421,True
8154,C1,accessible_vehicle,0.7633705897079421,True
8155,B1,ai_severe_prediction,0.7633705897079421,True
8155,C1,accessible_vehicle,0.7633705897079421,True
8156,B1,ai_severe_prediction,0.7633705897079421,True
8156,C1,accessible_vehicle,0.7633705897079421,True
